ClassPath,InternalName,Package,TopLevelClass,Kind,SourceFile,MajorVersion,ClassSynthetic,SyntheticFields,SyntheticMethods,SyntheticConstructors,BridgeMethods
ai/a.class,ai/a,ai,ai/a,TOP_LEVEL,ActionCodes.java,52,0,0,0,0,0
ai/b.class,ai/b,ai,ai/b,TOP_LEVEL,GMCommands.java,52,0,0,0,0,0
ai/c.class,ai/c,ai,ai/c,TOP_LEVEL,GameServer.java,52,0,0,3,0,0
ai/c$a.class,ai/c$a,ai,ai/c,INNER,GameServer.java,52,0,1,0,0,0
ai/c$b.class,ai/c$b,ai,ai/c,INNER,GameServer.java,52,0,1,0,0,0
ai/c$c.class,ai/c$c,ai,ai/c,INNER,GameServer.java,52,0,1,0,1,0
ai/c$d.class,ai/c$d,ai,ai/c,INNER,GameServer.java,52,0,1,0,1,0
ai/c$e.class,ai/c$e,ai,ai/c,INNER,GameServer.java,52,0,1,0,0,0
ai/d.class,ai/d,ai,ai/d,TOP_LEVEL,IdFactory.java,52,0,0,0,0,0
ai/e.class,ai/e,ai,ai/e,TOP_LEVEL,PacketHandler.java,52,0,0,0,0,0
aj/a.class,aj/a,aj,aj/a,TOP_LEVEL,C_AddBookmark.java,52,0,0,0,0,0
aj/aa.class,aj/aa,aj,aj/aa,TOP_LEVEL,C_CreateClan.java,52,0,0,0,0,0
aj/ab.class,aj/ab,aj,aj/ab,TOP_LEVEL,C_CreateParty.java,52,0,0,0,0,0
aj/ac.class,aj/ac,aj,aj/ac,TOP_LEVEL,C_DelBuddy.java,52,0,0,0,0,0
aj/ad.class,aj/ad,aj,aj/ad,TOP_LEVEL,C_DeleteBookmark.java,52,0,0,0,0,0
aj/ae.class,aj/ae,aj,aj/ae,TOP_LEVEL,C_DeleteChar.java,52,0,0,0,0,0
aj/af.class,aj/af,aj,aj/af,TOP_LEVEL,C_DeleteInventoryItem.java,52,0,0,0,0,0
aj/ag.class,aj/ag,aj,aj/ag,TOP_LEVEL,C_Deposit.java,52,0,0,0,0,0
aj/ah.class,aj/ah,aj,aj/ah,TOP_LEVEL,C_Disconnect.java,52,0,0,0,0,0
aj/ai.class,aj/ai,aj,aj/ai,TOP_LEVEL,C_Door.java,52,0,0,0,0,0
aj/ai$a.class,aj/ai$a,aj,aj/ai,INNER,C_Door.java,52,0,1,1,1,0
aj/aj.class,aj/aj,aj,aj/aj,TOP_LEVEL,C_Drawal.java,52,0,0,0,0,0
aj/ak.class,aj/ak,aj,aj/ak,TOP_LEVEL,C_DropItem.java,52,0,0,0,0,0
aj/al.class,aj/al,aj,aj/al,TOP_LEVEL,C_EmblemDownload.java,52,0,0,0,0,0
aj/am.class,aj/am,aj,aj/am,TOP_LEVEL,C_EmblemUpload.java,52,0,0,0,0,0
aj/an.class,aj/an,aj,aj/an,TOP_LEVEL,C_EnterPortal.java,52,0,0,0,0,0
aj/ao.class,aj/ao,aj,aj/ao,TOP_LEVEL,C_Exclude.java,52,0,0,0,0,0
aj/ap.class,aj/ap,aj,aj/ap,TOP_LEVEL,C_ExitGhost.java,52,0,0,0,0,0
aj/aq.class,aj/aq,aj,aj/aq,TOP_LEVEL,C_ExtraCommand.java,52,0,0,0,0,0
aj/ar.class,aj/ar,aj,aj/ar,TOP_LEVEL,C_Fight.java,52,0,0,0,0,0
aj/as.class,aj/as,aj,aj/as,TOP_LEVEL,C_FishClick.java,52,0,0,0,0,0
aj/at.class,aj/at,aj,aj/at,TOP_LEVEL,C_FixWeapon.java,52,0,0,0,0,0
aj/au.class,aj/au,aj,aj/au,TOP_LEVEL,C_FixWeaponList.java,52,0,0,0,0,0
aj/av.class,aj/av,aj,aj/av,TOP_LEVEL,C_GMTeleport.java,52,0,0,0,0,0
aj/aw.class,aj/aw,aj,aj/aw,TOP_LEVEL,C_GiveItem.java,52,0,0,0,0,0
aj/ax.class,aj/ax,aj,aj/ax,TOP_LEVEL,C_GotoMap.java,52,0,0,0,0,0
aj/ay.class,aj/ay,aj,aj/ay,TOP_LEVEL,C_GotoPortal.java,52,0,0,0,0,0
aj/az.class,aj/az,aj,aj/az,TOP_LEVEL,C_ItemUSe.java,52,0,0,0,0,0
aj/b.class,aj/b,aj,aj/b,TOP_LEVEL,C_AddBuddy.java,52,0,0,0,0,0
aj/ba.class,aj/ba,aj,aj/ba,TOP_LEVEL,C_JoinClan.java,52,0,0,0,0,0
aj/bb.class,aj/bb,aj,aj/bb,TOP_LEVEL,C_KeepALIVE.java,52,0,0,0,0,0
aj/bc.class,aj/bc,aj,aj/bc,TOP_LEVEL,C_LeaveClan.java,52,0,0,0,0,0
aj/bd.class,aj/bd,aj,aj/bd,TOP_LEVEL,C_LeaveParty.java,52,0,0,0,0,0
aj/be.class,aj/be,aj,aj/be,TOP_LEVEL,C_Login.java,52,0,0,0,0,0
aj/bf.class,aj/bf,aj,aj/bf,TOP_LEVEL,C_LoginToServer.java,52,0,0,0,0,0
aj/bg.class,aj/bg,aj,aj/bg,TOP_LEVEL,C_Mail.java,52,0,0,0,0,0
aj/bh.class,aj/bh,aj,aj/bh,TOP_LEVEL,C_MercenaryArrange.java,52,0,0,0,0,0
aj/bi.class,aj/bi,aj,aj/bi,TOP_LEVEL,C_MercenaryEmpoly.java,52,0,0,0,0,0
aj/bj.class,aj/bj,aj,aj/bj,TOP_LEVEL,C_MoveChar.java,52,0,0,0,0,0
aj/bk.class,aj/bk,aj,aj/bk,TOP_LEVEL,C_NpcAction.java,52,0,0,0,0,0
aj/bl.class,aj/bl,aj,aj/bl,TOP_LEVEL,C_NpcTalk.java,52,0,0,0,0,0
aj/bm.class,aj/bm,aj,aj/bm,TOP_LEVEL,C_Party.java,52,0,0,0,0,0
aj/bn.class,aj/bn,aj,aj/bn,TOP_LEVEL,C_PetMenu.java,52,0,0,0,0,0
aj/bo.class,aj/bo,aj,aj/bo,TOP_LEVEL,C_PickUpItem.java,52,0,0,0,0,0
aj/bp.class,aj/bp,aj,aj/bp,TOP_LEVEL,C_Pledge.java,52,0,0,0,0,0
aj/bp$a.class,aj/bp$a,aj,aj/bp,INNER,C_Pledge.java,52,0,1,0,0,0
aj/bq.class,aj/bq,aj,aj/bq,TOP_LEVEL,C_PledgeWatch.java,52,0,0,0,0,0
aj/br.class,aj/br,aj,aj/br,TOP_LEVEL,C_Propose.java,52,0,0,0,0,0
aj/bs.class,aj/bs,aj,aj/bs,TOP_LEVEL,C_ProtoBuffers.java,52,0,0,0,0,0
aj/bt.class,aj/bt,aj,aj/bt,TOP_LEVEL,C_Rank.java,52,0,0,0,0,0
aj/bu.class,aj/bu,aj,aj/bu,TOP_LEVEL,C_ReadNews.java,52,0,0,0,0,0
aj/bv.class,aj/bv,aj,aj/bv,TOP_LEVEL,C_Restart.java,52,0,0,0,0,0
aj/bw.class,aj/bw,aj,aj/bw,TOP_LEVEL,C_RestartDead.java,52,0,0,0,0,0
aj/bx.class,aj/bx,aj,aj/bx,TOP_LEVEL,C_Result.java,52,0,0,0,0,0
aj/by.class,aj/by,aj,aj/by,TOP_LEVEL,C_SelectTarget.java,52,0,0,0,0,0
aj/bz.class,aj/bz,aj,aj/bz,TOP_LEVEL,C_SendLocation.java,52,0,0,0,0,0
aj/c.class,aj/c,aj,aj/c,TOP_LEVEL,C_Amount.java,52,0,0,0,0,0
aj/ca.class,aj/ca,aj,aj/ca,TOP_LEVEL,C_ServerVersion.java,52,0,0,0,0,0
aj/cb.class,aj/cb,aj,aj/cb,TOP_LEVEL,C_Shop.java,52,0,0,0,0,0
aj/cc.class,aj/cc,aj,aj/cc,TOP_LEVEL,C_ShopList.java,52,0,0,0,0,0
aj/cd.class,aj/cd,aj,aj/cd,TOP_LEVEL,C_ShopWorld.java,52,0,0,0,0,0
aj/ce.class,aj/ce,aj,aj/ce,TOP_LEVEL,C_SkillBuy.java,52,0,0,0,0,0
aj/cf.class,aj/cf,aj,aj/cf,TOP_LEVEL,C_SkillBuyItem.java,52,0,0,0,0,0
aj/cg.class,aj/cg,aj,aj/cg,TOP_LEVEL,C_SkillBuyItemOK.java,52,0,0,0,0,0
aj/ch.class,aj/ch,aj,aj/ch,TOP_LEVEL,C_SkillBuyOK.java,52,0,0,0,0,0
aj/ci.class,aj/ci,aj,aj/ci,TOP_LEVEL,C_TaxRate.java,52,0,0,0,0,0
aj/cj.class,aj/cj,aj,aj/cj,TOP_LEVEL,C_Teleport.java,52,0,0,0,0,0
aj/ck.class,aj/ck,aj,aj/ck,TOP_LEVEL,C_TeleportUser.java,52,0,0,0,0,0
aj/cl.class,aj/cl,aj,aj/cl,TOP_LEVEL,C_Title.java,52,0,0,0,0,0
aj/cm.class,aj/cm,aj,aj/cm,TOP_LEVEL,C_Trade.java,52,0,0,0,0,0
aj/cn.class,aj/cn,aj,aj/cn,TOP_LEVEL,C_TradeAddItem.java,52,0,0,0,0,0
aj/co.class,aj/co,aj,aj/co,TOP_LEVEL,C_TradeCancel.java,52,0,0,0,0,0
aj/cp.class,aj/cp,aj,aj/cp,TOP_LEVEL,C_TradeOK.java,52,0,0,0,0,0
aj/cq.class,aj/cq,aj,aj/cq,TOP_LEVEL,C_UsePetItem.java,52,0,0,0,0,0
aj/cr.class,aj/cr,aj,aj/cr,TOP_LEVEL,C_UseSkill.java,52,0,0,0,0,0
aj/cs.class,aj/cs,aj,aj/cs,TOP_LEVEL,C_War.java,52,0,0,0,0,0
aj/ct.class,aj/ct,aj,aj/ct,TOP_LEVEL,C_WarePassword.java,52,0,0,0,0,0
aj/cu.class,aj/cu,aj,aj/cu,TOP_LEVEL,C_Who.java,52,0,0,0,0,0
aj/cv.class,aj/cv,aj,aj/cv,TOP_LEVEL,ClientBasePacket.java,52,0,0,0,0,0
aj/d.class,aj/d,aj,aj/d,TOP_LEVEL,C_Attack.java,52,0,0,0,0,0
aj/e.class,aj/e,aj,aj/e,TOP_LEVEL,C_AttackContinue.java,52,0,0,0,0,0
aj/f.class,aj/f,aj,aj/f,TOP_LEVEL,C_Attr.java,52,0,0,0,0,0
aj/g.class,aj/g,aj,aj/g,TOP_LEVEL,C_AuthLogin.java,52,0,0,0,0,0
aj/h.class,aj/h,aj,aj/h,TOP_LEVEL,C_BanClan.java,52,0,0,0,0,0
aj/i.class,aj/i,aj,aj/i,TOP_LEVEL,C_BanParty.java,52,0,0,0,0,0
aj/j.class,aj/j,aj,aj/j,TOP_LEVEL,C_Blink.java,52,0,0,0,0,0
aj/k.class,aj/k,aj,aj/k,TOP_LEVEL,C_Board.java,52,0,0,0,0,0
aj/l.class,aj/l,aj,aj/l,TOP_LEVEL,C_BoardDelete.java,52,0,0,0,0,0
aj/m.class,aj/m,aj,aj/m,TOP_LEVEL,C_BoardPage.java,52,0,0,0,0,0
aj/n.class,aj/n,aj,aj/n,TOP_LEVEL,C_BoardRead.java,52,0,0,0,0,0
aj/o.class,aj/o,aj,aj/o,TOP_LEVEL,C_BoardWrite.java,52,0,0,0,0,0
aj/p.class,aj/p,aj,aj/p,TOP_LEVEL,C_Buddy.java,52,0,0,0,0,0
aj/q.class,aj/q,aj,aj/q,TOP_LEVEL,C_CallUser.java,52,0,0,0,0,0
aj/r.class,aj/r,aj,aj/r,TOP_LEVEL,C_ChangeHeading.java,52,0,0,0,0,0
aj/s.class,aj/s,aj,aj/s,TOP_LEVEL,C_CharReset.java,52,0,0,0,0,0
aj/t.class,aj/t,aj,aj/t,TOP_LEVEL,C_CharcterConfig.java,52,0,0,0,0,0
aj/u.class,aj/u,aj,aj/u,TOP_LEVEL,C_Chat.java,52,0,0,0,0,0
aj/v.class,aj/v,aj,aj/v,TOP_LEVEL,C_ChatOnOff.java,52,0,0,0,0,0
aj/w.class,aj/w,aj,aj/w,TOP_LEVEL,C_ChatParty.java,52,0,0,0,0,0
aj/x.class,aj/x,aj,aj/x,TOP_LEVEL,C_ChatWhisper.java,52,0,0,0,0,0
aj/y.class,aj/y,aj,aj/y,TOP_LEVEL,C_CheckPK.java,52,0,0,0,0,0
aj/z.class,aj/z,aj,aj/z,TOP_LEVEL,C_CreateChar.java,52,0,0,0,0,0
ak/a.class,ak/a,ak,ak/a,TOP_LEVEL,L1Commands.java,52,0,0,0,0,0
al/a.class,al/a,al,al/a,TOP_LEVEL,L1AccountBanKick.java,52,0,0,0,0,0
al/aa.class,al/aa,al,al/aa,TOP_LEVEL,L1HpBar.java,52,0,0,0,0,0
al/ab.class,al/ab,al,al/ab,TOP_LEVEL,L1InsertSpawn.java,52,0,0,0,0,0
al/ac.class,al/ac,al,al/ac,TOP_LEVEL,L1InvGfxId.java,52,0,0,0,0,0
al/ad.class,al/ad,al,al/ad,TOP_LEVEL,L1Invisible.java,52,0,0,0,0,0
al/ae.class,al/ae,al,al/ae,TOP_LEVEL,L1Kick.java,52,0,0,0,0,0
al/af.class,al/af,al,al/af,TOP_LEVEL,L1Kill.java,52,0,0,0,0,0
al/ag.class,al/ag,al,al/ag,TOP_LEVEL,L1Level.java,52,0,0,0,0,0
al/ah.class,al/ah,al,al/ah,TOP_LEVEL,L1LevelPresent.java,52,0,0,0,0,0
al/ai.class,al/ai,al,al/ai,TOP_LEVEL,L1Loc.java,52,0,0,0,0,0
al/aj.class,al/aj,al,al/aj,TOP_LEVEL,L1MapMove.java,52,0,0,0,0,0
al/ak.class,al/ak,al,al/ak,TOP_LEVEL,L1Move.java,52,0,0,0,0,0
al/al.class,al/al,al,al/al,TOP_LEVEL,L1PartyRecall.java,52,0,0,0,0,0
al/am.class,al/am,al,al/am,TOP_LEVEL,L1Patrol.java,52,0,0,0,0,0
al/an.class,al/an,al,al/an,TOP_LEVEL,L1Poly.java,52,0,0,0,0,0
al/ao.class,al/ao,al,al/ao,TOP_LEVEL,L1PowerKick.java,52,0,0,0,0,0
al/ap.class,al/ap,al,al/ap,TOP_LEVEL,L1Present.java,52,0,0,0,0,0
al/aq.class,al/aq,al,al/aq,TOP_LEVEL,L1Recall.java,52,0,0,0,0,0
al/ar.class,al/ar,al,al/ar,TOP_LEVEL,L1ReloadTrap.java,52,0,0,0,0,0
al/as.class,al/as,al,al/as,TOP_LEVEL,L1ResetTrap.java,52,0,0,0,0,0
al/at.class,al/at,al,al/at,TOP_LEVEL,L1Ress.java,52,0,0,0,0,0
al/au.class,al/au,al,al/au,TOP_LEVEL,L1SKick.java,52,0,0,0,0,0
al/av.class,al/av,al,al/av,TOP_LEVEL,L1ShowTrap.java,52,0,0,0,0,0
al/aw.class,al/aw,al,al/aw,TOP_LEVEL,L1Shutdown.java,52,0,0,0,0,0
al/ax.class,al/ax,al,al/ax,TOP_LEVEL,L1SpawnCmd.java,52,0,0,0,0,0
al/ay.class,al/ay,al,al/ay,TOP_LEVEL,L1Speed.java,52,0,0,0,0,0
al/az.class,al/az,al,al/az,TOP_LEVEL,L1Status.java,52,0,0,0,0,0
al/b.class,al/b,al,al/b,TOP_LEVEL,L1Action.java,52,0,0,0,0,0
al/ba.class,al/ba,al,al/ba,TOP_LEVEL,L1Summon.java,52,0,0,0,0,0
al/bb.class,al/bb,al,al/bb,TOP_LEVEL,L1Tile.java,52,0,0,0,0,0
al/bc.class,al/bc,al,al/bc,TOP_LEVEL,L1ToPC.java,52,0,0,0,0,0
al/bd.class,al/bd,al,al/bd,TOP_LEVEL,L1ToSpawn.java,52,0,0,0,0,0
al/be.class,al/be,al,al/be,TOP_LEVEL,L1Visible.java,52,0,0,0,0,0
al/bf.class,al/bf,al,al/bf,TOP_LEVEL,L1Who.java,52,0,0,0,0,0
al/c.class,al/c,al,al/c,TOP_LEVEL,L1AddSkill.java,52,0,0,0,0,0
al/d.class,al/d,al,al/d,TOP_LEVEL,L1Adena.java,52,0,0,0,0,0
al/e.class,al/e,al,al/e,TOP_LEVEL,L1AllBuff.java,52,0,0,0,0,0
al/f.class,al/f,al,al/f,TOP_LEVEL,L1BanIp.java,52,0,0,0,0,0
al/g.class,al/g,al,al/g,TOP_LEVEL,L1Buff.java,52,0,0,0,0,0
al/h.class,al/h,al,al/h,TOP_LEVEL,L1CastGfx.java,52,0,0,0,0,0
al/i.class,al/i,al,al/i,TOP_LEVEL,L1ChangeWeather.java,52,0,0,0,0,0
al/j.class,al/j,al,al/j,TOP_LEVEL,L1Chat.java,52,0,0,0,0,0
al/k.class,al/k,al,al/k,TOP_LEVEL,L1ChatNG.java,52,0,0,0,0,0
al/l.class,al/l,al,al/l,TOP_LEVEL,L1CommandExecutor.java,52,0,0,0,0,0
al/m.class,al/m,al,al/m,TOP_LEVEL,L1CommandHelp.java,52,0,0,0,0,0
al/n.class,al/n,al,al/n,TOP_LEVEL,L1CreateItem.java,52,0,0,0,0,0
al/o.class,al/o,al,al/o,TOP_LEVEL,L1CreateItemSet.java,52,0,0,0,0,0
al/p.class,al/p,al,al/p,TOP_LEVEL,L1DeleteGroundItem.java,52,0,0,0,0,0
al/q.class,al/q,al,al/q,TOP_LEVEL,L1Describe.java,52,0,0,0,0,0
al/r.class,al/r,al,al/r,TOP_LEVEL,L1Echo.java,52,0,0,0,0,0
al/s.class,al/s,al,al/s,TOP_LEVEL,L1Favorite.java,52,0,0,0,0,0
al/t.class,al/t,al,al/t,TOP_LEVEL,L1FindInvis.java,52,0,0,0,0,0
al/u.class,al/u,al,al/u,TOP_LEVEL,L1GM.java,52,0,0,0,0,0
al/v.class,al/v,al,al/v,TOP_LEVEL,L1GMRoom.java,52,0,0,0,0,0
al/w.class,al/w,al,al/w,TOP_LEVEL,L1GfxId.java,52,0,0,0,0,0
al/x.class,al/x,al,al/x,TOP_LEVEL,L1GfxInvList.java,52,0,0,0,0,0
al/y.class,al/y,al,al/y,TOP_LEVEL,L1GfxNpc.java,52,0,0,0,0,0
al/z.class,al/z,al,al/z,TOP_LEVEL,L1HomeTown.java,52,0,0,0,0,0
am/a.class,am/a,am,am/a,TOP_LEVEL,BadNamesList.java,52,0,0,0,0,0
am/b.class,am/b,am,am/b,TOP_LEVEL,ListSprReader.java,52,0,0,0,0,0
am/c.class,am/c,am,am/c,TOP_LEVEL,ListSprReader.java,52,0,0,0,0,0
am/d.class,am/d,am,am/d,TOP_LEVEL,MonsterListReader.java,52,0,0,0,0,0
am/d$a.class,am/d$a,am,am/d,INNER,MonsterListReader.java,52,0,1,0,0,0
am/d$b.class,am/d$b,am,am/d,INNER,MonsterListReader.java,52,0,1,0,0,0
am/d$c.class,am/d$c,am,am/d,INNER,MonsterListReader.java,52,0,1,0,0,0
am/d$d.class,am/d$d,am,am/d,INNER,MonsterListReader.java,52,0,1,0,0,0
an/a.class,an/a,an,an/a,TOP_LEVEL,PBMessageALL.java,52,0,0,21,0,0
an/a$1.class,an/a$1,an,an/a,ANONYMOUS,PBMessageALL.java,52,0,0,0,0,0
an/a$a.class,an/a$a,an,an/a,INNER,PBMessageALL.java,52,0,0,24,2,0
an/a$a$1.class,an/a$a$1,an,an/a,ANONYMOUS,PBMessageALL.java,52,0,0,1,0,0
an/a$a$a.class,an/a$a$a,an,an/a,INNER,PBMessageALL.java,52,0,0,18,1,0
an/a$b.class,an/a$b,an,an/a,INNER,PBMessageALL.java,52,0,0,0,0,0
an/a$c.class,an/a$c,an,an/a,INNER,PBMessageALL.java,52,0,0,25,2,0
an/a$c$1.class,an/a$c$1,an,an/a,ANONYMOUS,PBMessageALL.java,52,0,0,1,0,0
an/a$c$a.class,an/a$c$a,an,an/a,INNER,PBMessageALL.java,52,0,0,18,1,0
an/a$d.class,an/a$d,an,an/a,INNER,PBMessageALL.java,52,0,0,0,0,0
an/a$e.class,an/a$e,an,an/a,INNER,PBMessageALL.java,52,0,0,25,2,0
an/a$e$1.class,an/a$e$1,an,an/a,ANONYMOUS,PBMessageALL.java,52,0,0,1,0,0
an/a$e$a.class,an/a$e$a,an,an/a,INNER,PBMessageALL.java,52,0,0,18,1,0
an/a$f.class,an/a$f,an,an/a,INNER,PBMessageALL.java,52,0,0,0,0,0
an/a$g.class,an/a$g,an,an/a,INNER,PBMessageALL.java,52,0,0,24,2,0
an/a$g$1.class,an/a$g$1,an,an/a,ANONYMOUS,PBMessageALL.java,52,0,0,1,0,0
an/a$g$a.class,an/a$g$a,an,an/a,INNER,PBMessageALL.java,52,0,0,18,1,0
an/a$h.class,an/a$h,an,an/a,INNER,PBMessageALL.java,52,0,0,0,0,0
an/a$i.class,an/a$i,an,an/a,INNER,PBMessageALL.java,52,0,0,24,2,0
an/a$i$1.class,an/a$i$1,an,an/a,ANONYMOUS,PBMessageALL.java,52,0,0,1,0,0
an/a$i$a.class,an/a$i$a,an,an/a,INNER,PBMessageALL.java,52,0,0,18,1,0
an/a$j.class,an/a$j,an,an/a,INNER,PBMessageALL.java,52,0,0,0,0,0
an/b.class,an/b,an,an/b,TOP_LEVEL,PBMessageALL2.java,52,0,0,21,0,0
an/b$1.class,an/b$1,an,an/b,ANONYMOUS,PBMessageALL2.java,52,0,0,0,0,0
an/b$a.class,an/b$a,an,an/b,INNER,PBMessageALL2.java,52,0,0,14,2,0
an/b$a$1.class,an/b$a$1,an,an/b,ANONYMOUS,PBMessageALL2.java,52,0,0,1,0,0
an/b$a$a.class,an/b$a$a,an,an/b,INNER,PBMessageALL2.java,52,0,0,18,1,0
an/b$b.class,an/b$b,an,an/b,INNER,PBMessageALL2.java,52,0,0,0,0,0
an/b$c.class,an/b$c,an,an/b,INNER,PBMessageALL2.java,52,0,0,12,2,0
an/b$c$1.class,an/b$c$1,an,an/b,ANONYMOUS,PBMessageALL2.java,52,0,0,1,0,0
an/b$c$a.class,an/b$c$a,an,an/b,INNER,PBMessageALL2.java,52,0,0,18,1,0
an/b$d.class,an/b$d,an,an/b,INNER,PBMessageALL2.java,52,0,0,0,0,0
an/b$e.class,an/b$e,an,an/b,INNER,PBMessageALL2.java,52,0,0,44,2,0
an/b$e$1.class,an/b$e$1,an,an/b,ANONYMOUS,PBMessageALL2.java,52,0,0,1,0,0
an/b$e$a.class,an/b$e$a,an,an/b,INNER,PBMessageALL2.java,52,0,0,18,1,0
an/b$f.class,an/b$f,an,an/b,INNER,PBMessageALL2.java,52,0,0,0,0,0
an/b$g.class,an/b$g,an,an/b,INNER,PBMessageALL2.java,52,0,0,43,2,0
an/b$g$1.class,an/b$g$1,an,an/b,ANONYMOUS,PBMessageALL2.java,52,0,0,1,0,0
an/b$g$a.class,an/b$g$a,an,an/b,INNER,PBMessageALL2.java,52,0,0,18,1,0
an/b$h.class,an/b$h,an,an/b,INNER,PBMessageALL2.java,52,0,0,0,0,0
an/b$i.class,an/b$i,an,an/b,INNER,PBMessageALL2.java,52,0,0,31,2,0
an/b$i$1.class,an/b$i$1,an,an/b,ANONYMOUS,PBMessageALL2.java,52,0,0,1,0,0
an/b$i$a.class,an/b$i$a,an,an/b,INNER,PBMessageALL2.java,52,0,0,18,1,0
an/b$j.class,an/b$j,an,an/b,INNER,PBMessageALL2.java,52,0,0,0,0,0
an/c.class,an/c,an,an/c,TOP_LEVEL,PBMessageALL3.java,52,0,0,21,0,0
an/c$1.class,an/c$1,an,an/c,ANONYMOUS,PBMessageALL3.java,52,0,0,0,0,0
an/c$a.class,an/c$a,an,an/c,INNER,PBMessageALL3.java,52,0,0,25,2,0
an/c$a$1.class,an/c$a$1,an,an/c,ANONYMOUS,PBMessageALL3.java,52,0,0,1,0,0
an/c$a$a.class,an/c$a$a,an,an/c,INNER,PBMessageALL3.java,52,0,0,18,1,0
an/c$b.class,an/c$b,an,an/c,INNER,PBMessageALL3.java,52,0,0,0,0,0
an/c$c.class,an/c$c,an,an/c,INNER,PBMessageALL3.java,52,0,0,24,2,0
an/c$c$1.class,an/c$c$1,an,an/c,ANONYMOUS,PBMessageALL3.java,52,0,0,1,0,0
an/c$c$a.class,an/c$c$a,an,an/c,INNER,PBMessageALL3.java,52,0,0,18,1,0
an/c$d.class,an/c$d,an,an/c,INNER,PBMessageALL3.java,52,0,0,0,0,0
an/c$e.class,an/c$e,an,an/c,INNER,PBMessageALL3.java,52,0,0,24,2,0
an/c$e$1.class,an/c$e$1,an,an/c,ANONYMOUS,PBMessageALL3.java,52,0,0,1,0,0
an/c$e$a.class,an/c$e$a,an,an/c,INNER,PBMessageALL3.java,52,0,0,18,1,0
an/c$f.class,an/c$f,an,an/c,INNER,PBMessageALL3.java,52,0,0,0,0,0
an/c$g.class,an/c$g,an,an/c,INNER,PBMessageALL3.java,52,0,0,25,2,0
an/c$g$1.class,an/c$g$1,an,an/c,ANONYMOUS,PBMessageALL3.java,52,0,0,1,0,0
an/c$g$a.class,an/c$g$a,an,an/c,INNER,PBMessageALL3.java,52,0,0,18,1,0
an/c$h.class,an/c$h,an,an/c,INNER,PBMessageALL3.java,52,0,0,0,0,0
an/c$i.class,an/c$i,an,an/c,INNER,PBMessageALL3.java,52,0,0,24,2,0
an/c$i$1.class,an/c$i$1,an,an/c,ANONYMOUS,PBMessageALL3.java,52,0,0,1,0,0
an/c$i$a.class,an/c$i$a,an,an/c,INNER,PBMessageALL3.java,52,0,0,18,1,0
an/c$j.class,an/c$j,an,an/c,INNER,PBMessageALL3.java,52,0,0,0,0,0
an/d.class,an/d,an,an/d,TOP_LEVEL,PBMessageALL4.java,52,0,0,21,0,0
an/d$1.class,an/d$1,an,an/d,ANONYMOUS,PBMessageALL4.java,52,0,0,0,0,0
an/d$a.class,an/d$a,an,an/d,INNER,PBMessageALL4.java,52,0,0,24,2,0
an/d$a$1.class,an/d$a$1,an,an/d,ANONYMOUS,PBMessageALL4.java,52,0,0,1,0,0
an/d$a$a.class,an/d$a$a,an,an/d,INNER,PBMessageALL4.java,52,0,0,18,1,0
an/d$b.class,an/d$b,an,an/d,INNER,PBMessageALL4.java,52,0,0,0,0,0
an/d$c.class,an/d$c,an,an/d,INNER,PBMessageALL4.java,52,0,0,24,2,0
an/d$c$1.class,an/d$c$1,an,an/d,ANONYMOUS,PBMessageALL4.java,52,0,0,1,0,0
an/d$c$a.class,an/d$c$a,an,an/d,INNER,PBMessageALL4.java,52,0,0,18,1,0
an/d$d.class,an/d$d,an,an/d,INNER,PBMessageALL4.java,52,0,0,0,0,0
an/d$e.class,an/d$e,an,an/d,INNER,PBMessageALL4.java,52,0,0,24,2,0
an/d$e$1.class,an/d$e$1,an,an/d,ANONYMOUS,PBMessageALL4.java,52,0,0,1,0,0
an/d$e$a.class,an/d$e$a,an,an/d,INNER,PBMessageALL4.java,52,0,0,18,1,0
an/d$f.class,an/d$f,an,an/d,INNER,PBMessageALL4.java,52,0,0,0,0,0
an/d$g.class,an/d$g,an,an/d,INNER,PBMessageALL4.java,52,0,0,24,2,0
an/d$g$1.class,an/d$g$1,an,an/d,ANONYMOUS,PBMessageALL4.java,52,0,0,1,0,0
an/d$g$a.class,an/d$g$a,an,an/d,INNER,PBMessageALL4.java,52,0,0,18,1,0
an/d$h.class,an/d$h,an,an/d,INNER,PBMessageALL4.java,52,0,0,0,0,0
an/d$i.class,an/d$i,an,an/d,INNER,PBMessageALL4.java,52,0,0,26,2,0
an/d$i$1.class,an/d$i$1,an,an/d,ANONYMOUS,PBMessageALL4.java,52,0,0,1,0,0
an/d$i$a.class,an/d$i$a,an,an/d,INNER,PBMessageALL4.java,52,0,0,18,1,0
an/d$j.class,an/d$j,an,an/d,INNER,PBMessageALL4.java,52,0,0,0,0,0
an/e.class,an/e,an,an/e,TOP_LEVEL,PBMessageALL5.java,52,0,0,21,0,0
an/e$1.class,an/e$1,an,an/e,ANONYMOUS,PBMessageALL5.java,52,0,0,0,0,0
an/e$a.class,an/e$a,an,an/e,INNER,PBMessageALL5.java,52,0,0,25,2,0
an/e$a$1.class,an/e$a$1,an,an/e,ANONYMOUS,PBMessageALL5.java,52,0,0,1,0,0
an/e$a$a.class,an/e$a$a,an,an/e,INNER,PBMessageALL5.java,52,0,0,18,1,0
an/e$b.class,an/e$b,an,an/e,INNER,PBMessageALL5.java,52,0,0,0,0,0
an/e$c.class,an/e$c,an,an/e,INNER,PBMessageALL5.java,52,0,0,24,2,0
an/e$c$1.class,an/e$c$1,an,an/e,ANONYMOUS,PBMessageALL5.java,52,0,0,1,0,0
an/e$c$a.class,an/e$c$a,an,an/e,INNER,PBMessageALL5.java,52,0,0,18,1,0
an/e$d.class,an/e$d,an,an/e,INNER,PBMessageALL5.java,52,0,0,0,0,0
an/e$e.class,an/e$e,an,an/e,INNER,PBMessageALL5.java,52,0,0,24,2,0
an/e$e$1.class,an/e$e$1,an,an/e,ANONYMOUS,PBMessageALL5.java,52,0,0,1,0,0
an/e$e$a.class,an/e$e$a,an,an/e,INNER,PBMessageALL5.java,52,0,0,18,1,0
an/e$f.class,an/e$f,an,an/e,INNER,PBMessageALL5.java,52,0,0,0,0,0
an/e$g.class,an/e$g,an,an/e,INNER,PBMessageALL5.java,52,0,0,24,2,0
an/e$g$1.class,an/e$g$1,an,an/e,ANONYMOUS,PBMessageALL5.java,52,0,0,1,0,0
an/e$g$a.class,an/e$g$a,an,an/e,INNER,PBMessageALL5.java,52,0,0,18,1,0
an/e$h.class,an/e$h,an,an/e,INNER,PBMessageALL5.java,52,0,0,0,0,0
an/e$i.class,an/e$i,an,an/e,INNER,PBMessageALL5.java,52,0,0,24,2,0
an/e$i$1.class,an/e$i$1,an,an/e,ANONYMOUS,PBMessageALL5.java,52,0,0,1,0,0
an/e$i$a.class,an/e$i$a,an,an/e,INNER,PBMessageALL5.java,52,0,0,18,1,0
an/e$j.class,an/e$j,an,an/e,INNER,PBMessageALL5.java,52,0,0,0,0,0
an/f.class,an/f,an,an/f,TOP_LEVEL,PBMessageALL6.java,52,0,0,21,0,0
an/f$1.class,an/f$1,an,an/f,ANONYMOUS,PBMessageALL6.java,52,0,0,0,0,0
an/f$a.class,an/f$a,an,an/f,INNER,PBMessageALL6.java,52,0,0,24,2,0
an/f$a$1.class,an/f$a$1,an,an/f,ANONYMOUS,PBMessageALL6.java,52,0,0,1,0,0
an/f$a$a.class,an/f$a$a,an,an/f,INNER,PBMessageALL6.java,52,0,0,18,1,0
an/f$b.class,an/f$b,an,an/f,INNER,PBMessageALL6.java,52,0,0,0,0,0
an/f$c.class,an/f$c,an,an/f,INNER,PBMessageALL6.java,52,0,0,24,2,0
an/f$c$1.class,an/f$c$1,an,an/f,ANONYMOUS,PBMessageALL6.java,52,0,0,1,0,0
an/f$c$a.class,an/f$c$a,an,an/f,INNER,PBMessageALL6.java,52,0,0,18,1,0
an/f$d.class,an/f$d,an,an/f,INNER,PBMessageALL6.java,52,0,0,0,0,0
an/f$e.class,an/f$e,an,an/f,INNER,PBMessageALL6.java,52,0,0,25,2,0
an/f$e$1.class,an/f$e$1,an,an/f,ANONYMOUS,PBMessageALL6.java,52,0,0,1,0,0
an/f$e$a.class,an/f$e$a,an,an/f,INNER,PBMessageALL6.java,52,0,0,18,1,0
an/f$f.class,an/f$f,an,an/f,INNER,PBMessageALL6.java,52,0,0,0,0,0
an/f$g.class,an/f$g,an,an/f,INNER,PBMessageALL6.java,52,0,0,26,2,0
an/f$g$1.class,an/f$g$1,an,an/f,ANONYMOUS,PBMessageALL6.java,52,0,0,1,0,0
an/f$g$a.class,an/f$g$a,an,an/f,INNER,PBMessageALL6.java,52,0,0,18,1,0
an/f$h.class,an/f$h,an,an/f,INNER,PBMessageALL6.java,52,0,0,0,0,0
an/f$i.class,an/f$i,an,an/f,INNER,PBMessageALL6.java,52,0,0,25,2,0
an/f$i$1.class,an/f$i$1,an,an/f,ANONYMOUS,PBMessageALL6.java,52,0,0,1,0,0
an/f$i$a.class,an/f$i$a,an,an/f,INNER,PBMessageALL6.java,52,0,0,18,1,0
an/f$j.class,an/f$j,an,an/f,INNER,PBMessageALL6.java,52,0,0,0,0,0
an/g.class,an/g,an,an/g,TOP_LEVEL,PBMessageALL7.java,52,0,0,21,0,0
an/g$1.class,an/g$1,an,an/g,ANONYMOUS,PBMessageALL7.java,52,0,0,0,0,0
an/g$a.class,an/g$a,an,an/g,INNER,PBMessageALL7.java,52,0,0,25,2,0
an/g$a$1.class,an/g$a$1,an,an/g,ANONYMOUS,PBMessageALL7.java,52,0,0,1,0,0
an/g$a$a.class,an/g$a$a,an,an/g,INNER,PBMessageALL7.java,52,0,0,18,1,0
an/g$b.class,an/g$b,an,an/g,INNER,PBMessageALL7.java,52,0,0,0,0,0
an/g$c.class,an/g$c,an,an/g,INNER,PBMessageALL7.java,52,0,0,31,2,0
an/g$c$1.class,an/g$c$1,an,an/g,ANONYMOUS,PBMessageALL7.java,52,0,0,1,0,0
an/g$c$a.class,an/g$c$a,an,an/g,INNER,PBMessageALL7.java,52,0,0,18,1,0
an/g$d.class,an/g$d,an,an/g,INNER,PBMessageALL7.java,52,0,0,0,0,0
an/g$e.class,an/g$e,an,an/g,INNER,PBMessageALL7.java,52,0,0,29,2,0
an/g$e$1.class,an/g$e$1,an,an/g,ANONYMOUS,PBMessageALL7.java,52,0,0,1,0,0
an/g$e$a.class,an/g$e$a,an,an/g,INNER,PBMessageALL7.java,52,0,0,18,1,0
an/g$f.class,an/g$f,an,an/g,INNER,PBMessageALL7.java,52,0,0,0,0,0
an/g$g.class,an/g$g,an,an/g,INNER,PBMessageALL7.java,52,0,0,26,2,0
an/g$g$1.class,an/g$g$1,an,an/g,ANONYMOUS,PBMessageALL7.java,52,0,0,1,0,0
an/g$g$a.class,an/g$g$a,an,an/g,INNER,PBMessageALL7.java,52,0,0,18,1,0
an/g$h.class,an/g$h,an,an/g,INNER,PBMessageALL7.java,52,0,0,0,0,0
an/g$i.class,an/g$i,an,an/g,INNER,PBMessageALL7.java,52,0,0,25,2,0
an/g$i$1.class,an/g$i$1,an,an/g,ANONYMOUS,PBMessageALL7.java,52,0,0,1,0,0
an/g$i$a.class,an/g$i$a,an,an/g,INNER,PBMessageALL7.java,52,0,0,18,1,0
an/g$j.class,an/g$j,an,an/g,INNER,PBMessageALL7.java,52,0,0,0,0,0
an/h.class,an/h,an,an/h,TOP_LEVEL,PBMessageALL8.java,52,0,0,21,0,0
an/h$1.class,an/h$1,an,an/h,ANONYMOUS,PBMessageALL8.java,52,0,0,0,0,0
an/h$a.class,an/h$a,an,an/h,INNER,PBMessageALL8.java,52,0,0,26,2,0
an/h$a$1.class,an/h$a$1,an,an/h,ANONYMOUS,PBMessageALL8.java,52,0,0,1,0,0
an/h$a$a.class,an/h$a$a,an,an/h,INNER,PBMessageALL8.java,52,0,0,18,1,0
an/h$b.class,an/h$b,an,an/h,INNER,PBMessageALL8.java,52,0,0,0,0,0
an/h$c.class,an/h$c,an,an/h,INNER,PBMessageALL8.java,52,0,0,24,2,0
an/h$c$1.class,an/h$c$1,an,an/h,ANONYMOUS,PBMessageALL8.java,52,0,0,1,0,0
an/h$c$a.class,an/h$c$a,an,an/h,INNER,PBMessageALL8.java,52,0,0,18,1,0
an/h$d.class,an/h$d,an,an/h,INNER,PBMessageALL8.java,52,0,0,0,0,0
an/h$e.class,an/h$e,an,an/h,INNER,PBMessageALL8.java,52,0,0,24,2,0
an/h$e$1.class,an/h$e$1,an,an/h,ANONYMOUS,PBMessageALL8.java,52,0,0,1,0,0
an/h$e$a.class,an/h$e$a,an,an/h,INNER,PBMessageALL8.java,52,0,0,18,1,0
an/h$f.class,an/h$f,an,an/h,INNER,PBMessageALL8.java,52,0,0,0,0,0
an/h$g.class,an/h$g,an,an/h,INNER,PBMessageALL8.java,52,0,0,24,2,0
an/h$g$1.class,an/h$g$1,an,an/h,ANONYMOUS,PBMessageALL8.java,52,0,0,1,0,0
an/h$g$a.class,an/h$g$a,an,an/h,INNER,PBMessageALL8.java,52,0,0,18,1,0
an/h$h.class,an/h$h,an,an/h,INNER,PBMessageALL8.java,52,0,0,0,0,0
an/h$i.class,an/h$i,an,an/h,INNER,PBMessageALL8.java,52,0,0,24,2,0
an/h$i$1.class,an/h$i$1,an,an/h,ANONYMOUS,PBMessageALL8.java,52,0,0,1,0,0
an/h$i$a.class,an/h$i$a,an,an/h,INNER,PBMessageALL8.java,52,0,0,18,1,0
an/h$j.class,an/h$j,an,an/h,INNER,PBMessageALL8.java,52,0,0,0,0,0
an/i.class,an/i,an,an/i,TOP_LEVEL,PBMessageALL9.java,52,0,0,17,0,0
an/i$1.class,an/i$1,an,an/i,ANONYMOUS,PBMessageALL9.java,52,0,0,0,0,0
an/i$a.class,an/i$a,an,an/i,INNER,PBMessageALL9.java,52,0,0,19,2,0
an/i$a$1.class,an/i$a$1,an,an/i,ANONYMOUS,PBMessageALL9.java,52,0,0,1,0,0
an/i$a$a.class,an/i$a$a,an,an/i,INNER,PBMessageALL9.java,52,0,0,18,1,0
an/i$b.class,an/i$b,an,an/i,INNER,PBMessageALL9.java,52,0,0,0,0,0
an/i$c.class,an/i$c,an,an/i,INNER,PBMessageALL9.java,52,0,0,28,2,0
an/i$c$1.class,an/i$c$1,an,an/i,ANONYMOUS,PBMessageALL9.java,52,0,0,1,0,0
an/i$c$a.class,an/i$c$a,an,an/i,INNER,PBMessageALL9.java,52,0,0,18,1,0
an/i$d.class,an/i$d,an,an/i,INNER,PBMessageALL9.java,52,0,0,0,0,0
an/i$e.class,an/i$e,an,an/i,INNER,PBMessageALL9.java,52,0,0,19,2,0
an/i$e$1.class,an/i$e$1,an,an/i,ANONYMOUS,PBMessageALL9.java,52,0,0,1,0,0
an/i$e$a.class,an/i$e$a,an,an/i,INNER,PBMessageALL9.java,52,0,0,18,1,0
an/i$f.class,an/i$f,an,an/i,INNER,PBMessageALL9.java,52,0,0,0,0,0
an/i$g.class,an/i$g,an,an/i,INNER,PBMessageALL9.java,52,0,0,28,2,0
an/i$g$1.class,an/i$g$1,an,an/i,ANONYMOUS,PBMessageALL9.java,52,0,0,1,0,0
an/i$g$a.class,an/i$g$a,an,an/i,INNER,PBMessageALL9.java,52,0,0,18,1,0
an/i$h.class,an/i$h,an,an/i,INNER,PBMessageALL9.java,52,0,0,0,0,0
ao/a.class,ao/a,ao,ao/a,TOP_LEVEL,AccountTable.java,52,0,0,1,0,0
ao/a$1.class,ao/a$1,ao,ao/a,ANONYMOUS,AccountTable.java,52,0,2,0,0,0
ao/aa.class,ao/aa,ao,ao/aa,TOP_LEVEL,HistoryTable.java,52,0,0,0,0,0
ao/ab.class,ao/ab,ao,ao/ab,TOP_LEVEL,HouseTable.java,52,0,0,0,0,0
ao/ac.class,ao/ac,ao,ao/ac,TOP_LEVEL,HtmlCraftTable.java,52,0,0,0,0,0
ao/ac$a.class,ao/ac$a,ao,ao/ac,INNER,HtmlCraftTable.java,52,0,1,0,1,0
ao/ad.class,ao/ad,ao,ao/ad,TOP_LEVEL,HtmlTable.java,52,0,0,0,0,0
ao/ad$a.class,ao/ad$a,ao,ao/ad,INNER,HtmlTable.java,52,0,1,0,1,0
ao/ae.class,ao/ae,ao,ao/ae,TOP_LEVEL,HtmlTeleportTable.java,52,0,0,0,0,0
ao/ae$a.class,ao/ae$a,ao,ao/ae,INNER,HtmlTeleportTable.java,52,0,1,0,1,0
ao/af.class,ao/af,ao,ao/af,TOP_LEVEL,InnTable.java,52,0,0,0,0,0
ao/af$a.class,ao/af$a,ao,ao/af,INNER,InnTable.java,52,0,1,0,1,0
ao/ag.class,ao/ag,ao,ao/ag,TOP_LEVEL,IpTable.java,52,0,0,0,0,0
ao/ah.class,ao/ah,ao,ao/ah,TOP_LEVEL,ItemTable.java,52,0,0,0,0,0
ao/ai.class,ao/ai,ao,ao/ai,TOP_LEVEL,LetterTable.java,52,0,0,0,0,0
ao/aj.class,ao/aj,ao,ao/aj,TOP_LEVEL,LightSpawnTable.java,52,0,0,0,0,0
ao/ak.class,ao/ak,ao,ao/ak,TOP_LEVEL,LostPowerItemTable.java,52,0,0,0,0,0
ao/al.class,ao/al,ao,ao/al,TOP_LEVEL,LuckyDrawTable.java,52,0,0,0,0,0
ao/al$a.class,ao/al$a,ao,ao/al,INNER,LuckyDrawTable.java,52,0,1,3,1,0
ao/al$b.class,ao/al$b,ao,ao/al,INNER,LuckyDrawTable.java,52,0,1,0,0,0
ao/am.class,ao/am,ao,ao/am,TOP_LEVEL,MagicDollTable.java,52,0,0,0,0,0
ao/am$a.class,ao/am$a,ao,ao/am,INNER,MagicDollTable.java,52,0,1,0,0,0
ao/an.class,ao/an,ao,ao/an,TOP_LEVEL,MailTable.java,52,0,0,0,0,0
ao/ao.class,ao/ao,ao,ao/ao,TOP_LEVEL,MapsTable.java,52,0,0,0,0,0
ao/ap.class,ao/ap,ao,ao/ap,TOP_LEVEL,MobGroupTable.java,52,0,0,0,0,0
ao/ap$a.class,ao/ap$a,ao,ao/ap,INNER,MobGroupTable.java,52,0,1,3,1,0
ao/ap$b.class,ao/ap$b,ao,ao/ap,INNER,MobGroupTable.java,52,0,1,3,1,0
ao/aq.class,ao/aq,ao,ao/aq,TOP_LEVEL,MobQuestWeekTable.java,52,0,0,0,0,0
ao/aq$a.class,ao/aq$a,ao,ao/aq,INNER,MobQuestWeekTable.java,52,0,1,0,0,0
ao/ar.class,ao/ar,ao,ao/ar,TOP_LEVEL,MobSkillsTable.java,52,0,0,0,0,0
ao/ar$a.class,ao/ar$a,ao,ao/ar,INNER,MobSkillsTable.java,52,0,1,1,1,0
ao/ar$b.class,ao/ar$b,ao,ao/ar,INNER,MobSkillsTable.java,52,0,1,0,0,0
ao/as.class,ao/as,ao,ao/as,TOP_LEVEL,NpcChatTable.java,52,0,0,0,0,0
ao/at.class,ao/at,ao,ao/at,TOP_LEVEL,NpcSpawnTable.java,52,0,0,0,0,0
ao/au.class,ao/au,ao,ao/au,TOP_LEVEL,NpcTable.java,52,0,0,0,0,0
ao/av.class,ao/av,ao,ao/av,TOP_LEVEL,PetItemTable.java,52,0,0,0,0,0
ao/aw.class,ao/aw,ao,ao/aw,TOP_LEVEL,PetTable.java,52,0,0,0,0,0
ao/ax.class,ao/ax,ao,ao/ax,TOP_LEVEL,PetTypeTable.java,52,0,0,0,0,0
ao/ay.class,ao/ay,ao,ao/ay,TOP_LEVEL,PolyTable.java,52,0,0,0,0,0
ao/az.class,ao/az,ao,ao/az,TOP_LEVEL,QuestNewTable.java,52,0,0,0,0,0
ao/b.class,ao/b,ao,ao/b,TOP_LEVEL,AnnounceTable.java,52,0,0,0,0,0
ao/ba.class,ao/ba,ao,ao/ba,TOP_LEVEL,RankingTable.java,52,0,0,0,0,0
ao/ba$1.class,ao/ba$1,ao,ao/ba,ANONYMOUS,RankingTable.java,52,0,1,1,0,0
ao/ba$a.class,ao/ba$a,ao,ao/ba,INNER,RankingTable.java,52,0,1,1,0,0
ao/bb.class,ao/bb,ao,ao/bb,TOP_LEVEL,ResolventTable.java,52,0,0,0,0,0
ao/bb$a.class,ao/bb$a,ao,ao/bb,INNER,ResolventTable.java,52,0,1,1,1,0
ao/bc.class,ao/bc,ao,ao/bc,TOP_LEVEL,ShopTable.java,52,0,0,0,0,0
ao/bc$1.class,ao/bc$1,ao,ao/bc,ANONYMOUS,ShopTable.java,52,0,1,1,0,0
ao/bd.class,ao/bd,ao,ao/bd,TOP_LEVEL,ShopWorldTable.java,52,0,0,0,0,0
ao/bd$a.class,ao/bd$a,ao,ao/bd,INNER,ShopWorldTable.java,52,0,1,1,1,0
ao/bd$b.class,ao/bd$b,ao,ao/bd,INNER,ShopWorldTable.java,52,0,1,0,1,0
ao/be.class,ao/be,ao,ao/be,TOP_LEVEL,SkillsTable.java,52,0,0,0,0,0
ao/bf.class,ao/bf,ao,ao/bf,TOP_LEVEL,SoulTowerTable.java,52,0,0,0,0,0
ao/bf$1.class,ao/bf$1,ao,ao/bf,ANONYMOUS,SoulTowerTable.java,52,0,1,1,0,0
ao/bf$a.class,ao/bf$a,ao,ao/bf,INNER,SoulTowerTable.java,52,0,1,0,0,0
ao/bg.class,ao/bg,ao,ao/bg,TOP_LEVEL,SpawnTable.java,52,0,0,1,0,0
ao/bg$a.class,ao/bg$a,ao,ao/bg,INNER,SpawnTable.java,52,0,0,1,1,0
ao/bh.class,ao/bh,ao,ao/bh,TOP_LEVEL,TownTable.java,52,0,0,0,0,0
ao/bi.class,ao/bi,ao,ao/bi,TOP_LEVEL,TrapSpawnTable.java,52,0,0,0,0,0
ao/bi$a.class,ao/bi$a,ao,ao/bi,INNER,TrapSpawnTable.java,52,0,1,0,0,0
ao/bj.class,ao/bj,ao,ao/bj,TOP_LEVEL,TrapTable.java,52,0,0,1,0,0
ao/bj$a.class,ao/bj$a,ao,ao/bj,INNER,TrapTable.java,52,0,1,0,0,0
ao/bk.class,ao/bk,ao,ao/bk,TOP_LEVEL,TreasureBoxTable.java,52,0,0,0,0,0
ao/bk$a.class,ao/bk$a,ao,ao/bk,INNER,TreasureBoxTable.java,52,0,1,0,1,0
ao/bk$b.class,ao/bk$b,ao,ao/bk,INNER,TreasureBoxTable.java,52,0,1,2,0,0
ao/bk$b$1.class,ao/bk$b$1,ao,ao/bk,ANONYMOUS,TreasureBoxTable.java,52,0,1,1,0,0
ao/bl.class,ao/bl,ao,ao/bl,TOP_LEVEL,WeaponSkillTable.java,52,0,0,0,0,0
ao/bl$a.class,ao/bl$a,ao,ao/bl,INNER,WeaponSkillTable.java,52,0,1,44,1,0
ao/c.class,ao/c,ao,ao/c,TOP_LEVEL,ArmorSetTable.java,52,0,0,0,0,0
ao/c$a.class,ao/c$a,ao,ao/c,INNER,ArmorSetTable.java,52,0,1,0,0,0
ao/d.class,ao/d,ao,ao/d,TOP_LEVEL,BeginnerTable.java,52,0,0,0,0,0
ao/d$a.class,ao/d$a,ao,ao/d,INNER,BeginnerTable.java,52,0,1,0,1,0
ao/e.class,ao/e,ao,ao/e,TOP_LEVEL,BossSpawnTable.java,52,0,0,0,0,0
ao/f.class,ao/f,ao,ao/f,TOP_LEVEL,BuddyTable.java,52,0,0,0,0,0
ao/g.class,ao/g,ao,ao/g,TOP_LEVEL,CastleTable.java,52,0,0,0,0,0
ao/h.class,ao/h,ao,ao/h,TOP_LEVEL,CharBuffTable.java,52,0,0,0,0,0
ao/i.class,ao/i,ao,ao/i,TOP_LEVEL,CharacterConfigTable.java,52,0,0,0,0,0
ao/j.class,ao/j,ao,ao/j,TOP_LEVEL,CharacterEquipment.java,52,0,0,0,0,0
ao/k.class,ao/k,ao,ao/k,TOP_LEVEL,CharacterGiftTable.java,52,0,0,0,0,0
ao/k$a.class,ao/k$a,ao,ao/k,INNER,CharacterGiftTable.java,52,0,1,0,1,0
ao/k$b.class,ao/k$b,ao,ao/k,INNER,CharacterGiftTable.java,52,0,1,0,1,0
ao/l.class,ao/l,ao,ao/l,TOP_LEVEL,CharacterItemTable.java,52,0,0,0,0,0
ao/m.class,ao/m,ao,ao/m,TOP_LEVEL,CharacterMobsTable.java,52,0,0,0,0,0
ao/n.class,ao/n,ao,ao/n,TOP_LEVEL,CharacterMobsWeekTable.java,52,0,0,0,0,0
ao/o.class,ao/o,ao,ao/o,TOP_LEVEL,CharacterTable.java,52,0,0,0,0,0
ao/o$a.class,ao/o$a,ao,ao/o,INNER,CharacterTable.java,52,0,1,0,0,0
ao/p.class,ao/p,ao,ao/p,TOP_LEVEL,ClanMembersTable.java,52,0,0,0,0,0
ao/q.class,ao/q,ao,ao/q,TOP_LEVEL,ClanTable.java,52,0,0,0,0,0
ao/r.class,ao/r,ao,ao/r,TOP_LEVEL,ConfigTable.java,52,0,0,0,0,0
ao/s.class,ao/s,ao,ao/s,TOP_LEVEL,CraftListTable.java,52,0,0,0,0,0
ao/t.class,ao/t,ao,ao/t,TOP_LEVEL,DoorTable.java,52,0,0,0,0,0
ao/u.class,ao/u,ao,ao/u,TOP_LEVEL,DropMapTable.java,52,0,0,0,0,0
ao/u$a.class,ao/u$a,ao,ao/u,INNER,DropMapTable.java,52,0,1,12,1,0
ao/u$b.class,ao/u$b,ao,ao/u,INNER,DropMapTable.java,52,0,1,1,1,0
ao/v.class,ao/v,ao,ao/v,TOP_LEVEL,DropTable.java,52,0,0,0,0,0
ao/w.class,ao/w,ao,ao/w,TOP_LEVEL,ExpTable.java,52,0,0,0,0,0
ao/x.class,ao/x,ao,ao/x,TOP_LEVEL,FieldSpawnTable.java,52,0,0,0,0,0
ao/y.class,ao/y,ao,ao/y,TOP_LEVEL,FurnitureSpawnTable.java,52,0,0,0,0,0
ao/z.class,ao/z,ao,ao/z,TOP_LEVEL,GetBackRestartTable.java,52,0,0,0,0,0
ao/z$a.class,ao/z$a,ao,ao/z,INNER,GetBackRestartTable.java,52,0,1,0,1,0
ap/a.class,ap/a,ap,ap/a,TOP_LEVEL,L1AttackerInstance.java,52,0,0,0,0,0
ap/aa.class,ap/aa,ap,ap/aa,TOP_LEVEL,L1TowerInstance.java,52,0,0,2,0,0
ap/aa$a.class,ap/aa$a,ap,ap/aa,INNER,L1TowerInstance.java,52,0,1,0,1,0
ap/ab.class,ap/ab,ap,ap/ab,TOP_LEVEL,L1TrapInstance.java,52,0,0,0,0,0
ap/b.class,ap/b,ap,ap/b,TOP_LEVEL,L1AuctionBoardInstance.java,52,0,0,0,0,0
ap/c.class,ap/c,ap,ap/c,TOP_LEVEL,L1BoardInstance.java,52,0,0,0,0,0
ap/d.class,ap/d,ap,ap/d,TOP_LEVEL,L1CrownInstance.java,52,0,0,0,0,0
ap/e.class,ap/e,ap,ap/e,TOP_LEVEL,L1DollInstance.java,52,0,0,2,0,0
ap/e$a.class,ap/e$a,ap,ap/e,INNER,L1DollInstance.java,52,0,1,0,1,0
ap/e$b.class,ap/e$b,ap,ap/e,INNER,L1DollInstance.java,52,0,1,0,1,0
ap/f.class,ap/f,ap,ap/f,TOP_LEVEL,L1DoorInstance.java,52,0,0,0,0,0
ap/g.class,ap/g,ap,ap/g,TOP_LEVEL,L1DotaInstance.java,52,0,0,0,0,0
ap/h.class,ap/h,ap,ap/h,TOP_LEVEL,L1EffectInstance.java,52,0,0,2,0,0
ap/h$a.class,ap/h$a,ap,ap/h,INNER,L1EffectInstance.java,52,0,1,0,1,0
ap/h$b.class,ap/h$b,ap,ap/h,INNER,L1EffectInstance.java,52,0,1,0,1,0
ap/h$c.class,ap/h$c,ap,ap/h,INNER,L1EffectInstance.java,52,0,1,0,1,0
ap/i.class,ap/i,ap,ap/i,TOP_LEVEL,L1FieldObjectInstance.java,52,0,0,2,0,0
ap/i$a.class,ap/i$a,ap,ap/i,INNER,L1FieldObjectInstance.java,52,0,1,1,1,0
ap/j.class,ap/j,ap,ap/j,TOP_LEVEL,L1FishInstance.java,52,0,0,1,0,0
ap/j$a.class,ap/j$a,ap,ap/j,INNER,L1FishInstance.java,52,0,1,0,1,0
ap/k.class,ap/k,ap,ap/k,TOP_LEVEL,L1FollowerInstance.java,52,0,0,0,0,0
ap/l.class,ap/l,ap,ap/l,TOP_LEVEL,L1FurnitureInstance.java,52,0,0,0,0,0
ap/m.class,ap/m,ap,ap/m,TOP_LEVEL,L1GfxInstance.java,52,0,0,3,0,0
ap/m$a.class,ap/m$a,ap,ap/m,INNER,L1GfxInstance.java,52,0,1,0,1,0
ap/n.class,ap/n,ap,ap/n,TOP_LEVEL,L1GuardInstance.java,52,0,0,0,0,0
ap/n$a.class,ap/n$a,ap,ap/n,INNER,L1GuardInstance.java,52,0,1,0,1,0
ap/o.class,ap/o,ap,ap/o,TOP_LEVEL,L1GuardianInstance.java,52,0,0,4,0,0
ap/o$a.class,ap/o$a,ap,ap/o,INNER,L1GuardianInstance.java,52,0,1,0,1,0
ap/o$b.class,ap/o$b,ap,ap/o,INNER,L1GuardianInstance.java,52,0,1,0,1,0
ap/p.class,ap/p,ap,ap/p,TOP_LEVEL,L1HousekeeperInstance.java,52,0,0,0,0,0
ap/q.class,ap/q,ap,ap/q,TOP_LEVEL,L1ItemInstance.java,52,0,0,5,0,0
ap/q$a.class,ap/q$a,ap,ap/q,INNER,L1ItemInstance.java,52,0,1,0,1,0
ap/q$b.class,ap/q$b,ap,ap/q,INNER,L1ItemInstance.java,52,0,1,0,1,0
ap/q$c.class,ap/q$c,ap,ap/q,INNER,L1ItemInstance.java,52,0,1,0,1,0
ap/r.class,ap/r,ap,ap/r,TOP_LEVEL,L1KeeperInstance.java,52,0,0,0,0,0
ap/s.class,ap/s,ap,ap/s,TOP_LEVEL,L1MonsterInstance.java,52,0,0,5,0,0
ap/s$a.class,ap/s$a,ap,ap/s,INNER,L1MonsterInstance.java,52,0,1,0,0,0
ap/t.class,ap/t,ap,ap/t,TOP_LEVEL,L1NpcInstance.java,52,0,0,8,0,0
ap/t$a.class,ap/t$a,ap,ap/t,INNER,L1NpcInstance.java,52,0,1,0,1,0
ap/t$b.class,ap/t$b,ap,ap/t,INNER,L1NpcInstance.java,52,0,1,0,1,0
ap/t$c.class,ap/t$c,ap,ap/t,INNER,L1NpcInstance.java,52,0,1,0,1,0
ap/t$d.class,ap/t$d,ap,ap/t,INNER,L1NpcInstance.java,52,0,1,0,0,0
ap/t$e.class,ap/t$e,ap,ap/t,INNER,L1NpcInstance.java,52,0,1,0,1,0
ap/t$f.class,ap/t$f,ap,ap/t,INNER,L1NpcInstance.java,52,0,1,0,1,0
ap/t$g.class,ap/t$g,ap,ap/t,INNER,L1NpcInstance.java,52,0,1,0,1,0
ap/u.class,ap/u,ap,ap/u,TOP_LEVEL,L1PcInstance.java,52,0,0,9,0,0
ap/u$a.class,ap/u$a,ap,ap/u,INNER,L1PcInstance.java,52,0,1,0,1,0
ap/u$b.class,ap/u$b,ap,ap/u,INNER,L1PcInstance.java,52,0,1,0,0,0
ap/u$c.class,ap/u$c,ap,ap/u,INNER,L1PcInstance.java,52,0,1,0,1,0
ap/v.class,ap/v,ap,ap/v,TOP_LEVEL,L1PetInstance.java,52,0,0,1,0,0
ap/v$a.class,ap/v$a,ap,ap/v,INNER,L1PetInstance.java,52,0,1,0,1,0
ap/w.class,ap/w,ap,ap/w,TOP_LEVEL,L1QuestInstance.java,52,0,0,0,0,0
ap/x.class,ap/x,ap,ap/x,TOP_LEVEL,L1ScarecrowInstance.java,52,0,0,0,0,0
ap/y.class,ap/y,ap,ap/y,TOP_LEVEL,L1SignboardInstance.java,52,0,0,0,0,0
ap/z.class,ap/z,ap,ap/z,TOP_LEVEL,L1SummonInstance.java,52,0,0,3,0,0
ap/z$a.class,ap/z$a,ap,ap/z,INNER,L1SummonInstance.java,52,0,1,0,1,0
aq/a.class,aq/a,aq,aq/a,TOP_LEVEL,L1AdenTelData.java,52,0,0,0,0,0
aq/aa.class,aq/aa,aq,aq/aa,TOP_LEVEL,L1Object.java,52,0,0,0,0,0
aq/ab.class,aq/ab,aq,aq/ab,TOP_LEVEL,L1Paralysis.java,52,0,0,3,0,0
aq/ab$a.class,aq/ab$a,aq,aq/ab,INNER,L1Paralysis.java,52,0,1,0,1,0
aq/ab$b.class,aq/ab$b,aq,aq/ab,INNER,L1Paralysis.java,52,0,1,0,1,0
aq/ac.class,aq/ac,aq,aq/ac,TOP_LEVEL,L1Party.java,52,0,0,2,0,0
aq/ac$a.class,aq/ac$a,aq,aq/ac,INNER,L1Party.java,52,0,1,0,1,0
aq/ad.class,aq/ad,aq,aq/ad,TOP_LEVEL,L1PinkName.java,52,0,0,1,0,0
aq/ad$a.class,aq/ad$a,aq,aq/ad,INNER,L1PinkName.java,52,0,0,0,1,0
aq/ae.class,aq/ae,aq,aq/ae,TOP_LEVEL,L1PolyMorph.java,52,0,0,0,0,0
aq/af.class,aq/af,aq,aq/af,TOP_LEVEL,L1Quest.java,52,0,0,0,0,0
aq/ag.class,aq/ag,aq,aq/ag,TOP_LEVEL,L1Spawn.java,52,0,0,0,0,0
aq/ag$a.class,aq/ag$a,aq,aq/ag,INNER,L1Spawn.java,52,0,1,0,1,0
aq/ah.class,aq/ah,aq,aq/ah,TOP_LEVEL,L1SpawnBoss.java,52,0,0,0,0,0
aq/ah$a.class,aq/ah$a,aq,aq/ah,INNER,L1SpawnBoss.java,52,0,1,0,1,0
aq/ai.class,aq/ai,aq,aq/ai,TOP_LEVEL,L1SpawnEffect.java,52,0,0,0,0,0
aq/aj.class,aq/aj,aq,aq/aj,TOP_LEVEL,L1SpawnWar.java,52,0,0,0,0,0
aq/ak.class,aq/ak,aq,aq/ak,TOP_LEVEL,L1SpeedChecker.java,52,0,1,1,0,0
aq/ak$a.class,aq/ak$a,aq,aq/ak,INNER,L1SpeedChecker.java,52,0,1,0,0,0
aq/al.class,aq/al,aq,aq/al,TOP_LEVEL,L1TaxCalculator.java,52,0,0,0,0,0
aq/am.class,aq/am,aq,aq/am,TOP_LEVEL,L1Teleport.java,52,0,0,0,0,0
aq/an.class,aq/an,aq,aq/an,TOP_LEVEL,L1TownLocation.java,52,0,0,0,0,0
aq/ao.class,aq/ao,aq,aq/ao,TOP_LEVEL,L1Trade.java,52,0,0,0,0,0
aq/ap.class,aq/ap,aq,aq/ap,TOP_LEVEL,L1War.java,52,0,0,6,0,0
aq/ap$a.class,aq/ap$a,aq,aq/ap,INNER,L1War.java,52,0,1,0,1,0
aq/ap$b.class,aq/ap$b,aq,aq/ap,INNER,L1War.java,52,0,1,0,1,0
aq/aq.class,aq/aq,aq,aq/aq,TOP_LEVEL,L1World.java,52,0,0,0,0,0
aq/b.class,aq/b,aq,aq/b,TOP_LEVEL,L1Alchemy.java,52,0,0,0,0,0
aq/c.class,aq/c,aq,aq/c,TOP_LEVEL,L1Attack.java,52,0,0,0,0,0
aq/d.class,aq/d,aq,aq/d,TOP_LEVEL,L1Buddy.java,52,0,0,0,0,0
aq/e.class,aq/e,aq,aq/e,TOP_LEVEL,L1CastleLocation.java,52,0,0,0,0,0
aq/e$a.class,aq/e$a,aq,aq/e,INNER,L1CastleLocation.java,52,0,0,0,1,0
aq/f.class,aq/f,aq,aq/f,TOP_LEVEL,L1Character.java,52,0,0,0,0,0
aq/g.class,aq/g,aq,aq/g,TOP_LEVEL,L1Chat.java,52,0,0,0,0,0
aq/h.class,aq/h,aq,aq/h,TOP_LEVEL,L1ChatParty.java,52,0,0,0,0,0
aq/i.class,aq/i,aq,aq/i,TOP_LEVEL,L1Clan.java,52,0,0,0,0,0
aq/j.class,aq/j,aq,aq/j,TOP_LEVEL,L1Cooking.java,52,0,0,0,0,0
aq/k.class,aq/k,aq,aq/k,TOP_LEVEL,L1Craft.java,52,0,0,0,0,0
aq/l.class,aq/l,aq,aq/l,TOP_LEVEL,L1Dungeon.java,52,0,0,0,0,0
aq/l$a.class,aq/l$a,aq,aq/l,INNER,L1Dungeon.java,52,0,1,5,1,0
aq/l$b.class,aq/l$b,aq,aq/l,INNER,L1Dungeon.java,52,0,1,0,0,0
aq/m.class,aq/m,aq,aq/m,TOP_LEVEL,L1EquipmentSlot.java,52,0,0,0,0,0
aq/n.class,aq/n,aq,aq/n,TOP_LEVEL,L1ExcludingList.java,52,0,0,0,0,0
aq/o.class,aq/o,aq,aq/o,TOP_LEVEL,L1Getback.java,52,0,0,0,0,0
aq/p.class,aq/p,aq,aq/p,TOP_LEVEL,L1GuardianSoul.java,52,0,0,2,0,0
aq/p$a.class,aq/p$a,aq,aq/p,INNER,L1GuardianSoul.java,52,0,1,0,0,0
aq/q.class,aq/q,aq,aq/q,TOP_LEVEL,L1HateList.java,52,0,0,0,0,0
aq/q$a.class,aq/q$a,aq,aq/q,INNER,L1HateList.java,52,0,1,0,0,0
aq/r.class,aq/r,aq,aq/r,TOP_LEVEL,L1HouseLocation.java,52,0,0,0,0,0
aq/s.class,aq/s,aq,aq/s,TOP_LEVEL,L1ItemQuestBuff.java,52,0,0,0,0,0
aq/t.class,aq/t,aq,aq/t,TOP_LEVEL,L1Karma.java,52,0,0,0,0,0
aq/u.class,aq/u,aq,aq/u,TOP_LEVEL,L1Location.java,52,0,0,0,0,0
aq/v.class,aq/v,aq,aq/v,TOP_LEVEL,L1LoginCharList.java,52,0,0,0,0,0
aq/w.class,aq/w,aq,aq/w,TOP_LEVEL,L1Magic.java,52,0,0,0,0,0
aq/x.class,aq/x,aq,aq/x,TOP_LEVEL,L1Master.java,52,0,0,0,0,0
aq/y.class,aq/y,aq,aq/y,TOP_LEVEL,L1MobGroupInfo.java,52,0,0,0,0,0
aq/z.class,aq/z,aq,aq/z,TOP_LEVEL,L1NpcTalkData.java,52,0,0,0,0,0
ar/a.class,ar/a,ar,ar/a,TOP_LEVEL,L1ClassFeature.java,52,0,0,0,0,0
ar/b.class,ar/b,ar,ar/b,TOP_LEVEL,L1DarkElfClassFeature.java,52,0,0,0,0,0
ar/c.class,ar/c,ar,ar/c,TOP_LEVEL,L1DragonKnightClassFeature.java,52,0,0,0,0,0
ar/d.class,ar/d,ar,ar/d,TOP_LEVEL,L1ElfClassFeature.java,52,0,0,0,0,0
ar/e.class,ar/e,ar,ar/e,TOP_LEVEL,L1IllusionistClassFeature.java,52,0,0,0,0,0
ar/f.class,ar/f,ar,ar/f,TOP_LEVEL,L1KnightClassFeature.java,52,0,0,0,0,0
ar/g.class,ar/g,ar,ar/g,TOP_LEVEL,L1RoyalClassFeature.java,52,0,0,0,0,0
ar/h.class,ar/h,ar,ar/h,TOP_LEVEL,L1WarriorClassFeature.java,52,0,0,0,0,0
ar/i.class,ar/i,ar,ar/i,TOP_LEVEL,L1WizardClassFeature.java,52,0,0,0,0,0
as/a.class,as/a,as,as/a,TOP_LEVEL,L1BugBearRace.java,52,0,0,17,0,0
as/a$a.class,as/a$a,as,as/a,INNER,L1BugBearRace.java,52,0,1,12,1,0
as/a$b.class,as/a$b,as,as/a,INNER,L1BugBearRace.java,52,0,1,4,1,0
as/a$c.class,as/a$c,as,as/a,INNER,L1BugBearRace.java,52,0,1,1,1,0
as/a$d.class,as/a$d,as,as/a,INNER,L1BugBearRace.java,52,0,1,0,1,0
as/b.class,as/b,as,as/b,TOP_LEVEL,L1CastleWar.java,52,0,0,2,0,0
as/b$a.class,as/b$a,as,as/b,INNER,L1CastleWar.java,52,0,1,0,1,0
as/c.class,as/c,as,as/c,TOP_LEVEL,L1CentralTemple.java,52,0,0,1,0,0
as/c$a.class,as/c$a,as,as/c,INNER,L1CentralTemple.java,52,0,1,0,1,0
as/d.class,as/d,as,as/d,TOP_LEVEL,L1Dragon.java,52,0,0,0,0,0
as/d$a.class,as/d$a,as,as/d,INNER,L1Dragon.java,52,0,1,0,1,0
as/e.class,as/e,as,as/e,TOP_LEVEL,L1HardinBattle.java,52,0,0,42,0,0
as/e$a.class,as/e$a,as,as/e,INNER,L1HardinBattle.java,52,0,1,1,1,0
as/f.class,as/f,as,as/f,TOP_LEVEL,L1IceQueen.java,52,0,0,5,0,0
as/f$a.class,as/f$a,as,as/f,INNER,L1IceQueen.java,52,0,1,0,1,0
as/g.class,as/g,as,as/g,TOP_LEVEL,L1OrimBattle.java,52,0,0,22,0,0
as/g$a.class,as/g$a,as,as/g,INNER,L1OrimBattle.java,52,0,1,1,1,0
as/h.class,as/h,as,as/h,TOP_LEVEL,L1SoulStone.java,52,0,0,2,0,0
as/h$a.class,as/h$a,as,as/h,INNER,L1SoulStone.java,52,0,1,1,1,0
as/i.class,as/i,as,as/i,TOP_LEVEL,L1SoulTower.java,52,0,0,2,0,0
as/i$a.class,as/i$a,as,as/i,INNER,L1SoulTower.java,52,0,1,0,1,0
as/j.class,as/j,as,as/j,TOP_LEVEL,L1ThebesBattle.java,52,0,0,27,0,0
as/j$1.class,as/j$1,as,as/j,ANONYMOUS,L1ThebesBattle.java,52,0,1,1,0,0
as/j$2.class,as/j$2,as,as/j,ANONYMOUS,L1ThebesBattle.java,52,0,1,1,0,0
as/j$3.class,as/j$3,as,as/j,ANONYMOUS,L1ThebesBattle.java,52,0,1,1,0,0
as/j$a.class,as/j$a,as,as/j,INNER,L1ThebesBattle.java,52,0,1,0,1,0
as/j$b.class,as/j$b,as,as/j,INNER,L1ThebesBattle.java,52,0,1,0,1,0
as/j$c.class,as/j$c,as,as/j,INNER,L1ThebesBattle.java,52,0,1,0,0,0
as/j$d.class,as/j$d,as,as/j,INNER,L1ThebesBattle.java,52,0,1,0,1,0
as/j$e.class,as/j$e,as,as/j,INNER,L1ThebesBattle.java,52,0,1,0,1,0
as/j$f.class,as/j$f,as,as/j,INNER,L1ThebesBattle.java,52,0,1,0,1,0
as/j$g.class,as/j$g,as,as/j,INNER,L1ThebesBattle.java,52,0,1,0,0,0
as/k.class,as/k,as,as/k,TOP_LEVEL,L1ValakasLair.java,52,0,0,2,0,0
as/k$a.class,as/k$a,as,as/k,INNER,L1ValakasLair.java,52,0,1,0,1,0
at/a.class,at/a,at,at/a,TOP_LEVEL,L1GameTime.java,52,0,0,0,0,0
at/b.class,at/b,at,at/b,TOP_LEVEL,L1GameTimeAdapter.java,52,0,0,0,0,0
at/c.class,at/c,at,at/c,TOP_LEVEL,L1GameTimeClock.java,52,0,0,5,0,0
at/c$a.class,at/c$a,at,at/c,INNER,L1GameTimeClock.java,52,0,1,0,1,0
at/d.class,at/d,at,at/d,TOP_LEVEL,L1GameTimeListener.java,52,0,0,0,0,0
au/a.class,au/a,au,au/a,TOP_LEVEL,L1AccountInventory.java,52,0,0,0,0,0
au/b.class,au/b,au,au/b,TOP_LEVEL,L1CharInventory.java,52,0,0,0,0,0
au/c.class,au/c,au,au/c,TOP_LEVEL,L1ClanInventory.java,52,0,0,0,0,0
au/d.class,au/d,au,au/d,TOP_LEVEL,L1ElvenInventory.java,52,0,0,0,0,0
au/e.class,au/e,au,au/e,TOP_LEVEL,L1GroundInventory.java,52,0,0,0,0,0
au/f.class,au/f,au,au/f,TOP_LEVEL,L1Inventory.java,52,0,0,0,0,0
au/f$a.class,au/f$a,au,au/f,INNER,L1Inventory.java,52,0,1,1,1,0
au/g.class,au/g,au,au/g,TOP_LEVEL,L1PcInventory.java,52,0,0,0,0,0
av/a.class,av/a,av,av/a,TOP_LEVEL,L1ItemDelay.java,52,0,0,0,0,0
av/a$a.class,av/a$a,av,av/a,INNER,L1ItemDelay.java,52,0,0,0,1,0
aw/a.class,aw/a,aw,aw/a,TOP_LEVEL,Enchant.java,52,0,0,0,0,0
aw/b.class,aw/b,aw,aw/b,TOP_LEVEL,FurnitureItem.java,52,0,0,0,0,0
aw/c.class,aw/c,aw,aw/c,TOP_LEVEL,MagicDoll.java,52,0,0,0,0,0
aw/d.class,aw/d,aw,aw/d,TOP_LEVEL,Potion.java,52,0,0,0,0,0
ax/a.class,ax/a,ax,ax/a,TOP_LEVEL,CachedMapReader.java,52,0,0,0,0,0
ax/b.class,ax/b,ax,ax/b,TOP_LEVEL,L1Map.java,52,0,0,0,0,0
ax/c.class,ax/c,ax,ax/c,TOP_LEVEL,L1MapArea.java,52,0,0,0,0,0
ax/d.class,ax/d,ax,ax/d,TOP_LEVEL,L1WorldMap.java,52,0,0,0,0,0
ax/e.class,ax/e,ax,ax/e,TOP_LEVEL,MapReader.java,52,0,0,0,0,0
ax/f.class,ax/f,ax,ax/f,TOP_LEVEL,TextMapReader.java,52,0,0,0,0,0
ay/a.class,ay/a,ay,ay/a,TOP_LEVEL,L1PcAtkMonitor.java,52,0,0,0,0,0
ay/b.class,ay/b,ay,ay/b,TOP_LEVEL,L1PcAutoUpdate.java,52,0,0,0,0,0
ay/c.class,ay/c,ay,ay/c,TOP_LEVEL,L1PcEinMonitor.java,52,0,0,0,0,0
ay/d.class,ay/d,ay,ay/d,TOP_LEVEL,L1PcExpMonitor.java,52,0,0,0,0,0
ay/e.class,ay/e,ay,ay/e,TOP_LEVEL,L1PcInvisDelay.java,52,0,0,0,0,0
ay/f.class,ay/f,ay,ay/f,TOP_LEVEL,L1PcMonitor.java,52,0,0,0,0,0
az/a.class,az/a,az,az/a,TOP_LEVEL,L1DamagePoison.java,52,0,0,4,0,0
az/a$a.class,az/a$a,az,az/a,INNER,L1DamagePoison.java,52,0,1,0,1,0
az/b.class,az/b,az,az/b,TOP_LEVEL,L1ParalysisPoison.java,52,0,0,3,0,0
az/b$a.class,az/b$a,az,az/b,INNER,L1ParalysisPoison.java,52,0,1,0,1,0
az/b$b.class,az/b$b,az,az/b,INNER,L1ParalysisPoison.java,52,0,1,0,1,0
az/c.class,az/c,az,az/c,TOP_LEVEL,L1Poison.java,52,0,0,0,0,0
az/d.class,az/d,az,az/d,TOP_LEVEL,L1SilencePoison.java,52,0,0,0,0,0
ba/a.class,ba/a,ba,ba/a,TOP_LEVEL,AnnounceTimer.java,52,0,0,3,0,0
ba/a$a.class,ba/a$a,ba,ba/a,INNER,AnnounceTimer.java,52,0,1,0,1,0
ba/b.class,ba/b,ba,ba/b,TOP_LEVEL,ClearGroundTimer.java,52,0,0,2,0,0
ba/b$a.class,ba/b$a,ba,ba/b,INNER,ClearGroundTimer.java,52,0,1,0,1,0
ba/c.class,ba/c,ba,ba/c,TOP_LEVEL,ClientAliveTimer.java,52,0,0,1,0,0
ba/c$a.class,ba/c$a,ba,ba/c,INNER,ClientAliveTimer.java,52,0,1,0,1,0
ba/d.class,ba/d,ba,ba/d,TOP_LEVEL,CurrentTimeReseter.java,52,0,0,1,0,0
ba/d$a.class,ba/d$a,ba,ba/d,INNER,CurrentTimeReseter.java,52,0,1,0,1,0
ba/d$b.class,ba/d$b,ba,ba/d,INNER,CurrentTimeReseter.java,52,0,1,0,1,0
ba/d$c.class,ba/d$c,ba,ba/d,INNER,CurrentTimeReseter.java,52,0,1,0,1,0
ba/e.class,ba/e,ba,ba/e,TOP_LEVEL,ElementalStoneTimer.java,52,0,0,0,0,0
ba/f.class,ba/f,ba,ba/f,TOP_LEVEL,FieldLightTimer.java,52,0,0,0,0,0
ba/g.class,ba/g,ba,ba/g,TOP_LEVEL,HellTimer.java,52,0,0,1,0,0
ba/g$a.class,ba/g$a,ba,ba/g,INNER,HellTimer.java,52,0,1,0,1,0
ba/h.class,ba/h,ba,ba/h,TOP_LEVEL,HomeTownTimer.java,52,0,0,1,0,0
ba/h$a.class,ba/h$a,ba,ba/h,INNER,HomeTownTimer.java,52,0,1,0,1,0
ba/i.class,ba/i,ba,ba/i,TOP_LEVEL,HouseTimer.java,52,0,0,3,0,0
ba/i$a.class,ba/i$a,ba,ba/i,INNER,HouseTimer.java,52,0,1,0,1,0
ba/j.class,ba/j,ba,ba/j,TOP_LEVEL,InventoryTimer.java,52,0,0,2,0,0
ba/j$a.class,ba/j$a,ba,ba/j,INNER,InventoryTimer.java,52,0,1,0,1,0
bb/a.class,bb/a,bb,bb/a,TOP_LEVEL,CubeEffectTimer.java,52,0,0,0,0,0
bb/b.class,bb/b,bb,bb/b,TOP_LEVEL,NpcChatTimer.java,52,0,0,0,0,0
bc/a.class,bc/a,bc,bc/a,TOP_LEVEL,FishingTimer.java,52,0,0,0,0,0
bc/a$a.class,bc/a$a,bc,bc/a,INNER,FishingTimer.java,52,0,0,0,0,0
bc/b.class,bc/b,bc,bc/b,TOP_LEVEL,HpRegenerationTimer.java,52,0,0,0,0,0
bc/c.class,bc/c,bc,bc/c,TOP_LEVEL,MpRegenerationTimer.java,52,0,0,0,0,0
bc/d.class,bc/d,bc,bc/d,TOP_LEVEL,ShiftLoginTimer.java,52,0,0,0,0,0
bc/e.class,bc/e,bc,bc/e,TOP_LEVEL,WeaponChaserTimer.java,52,0,0,0,0,0
bd/a.class,bd/a,bd,bd/a,TOP_LEVEL,L1Trap.java,52,0,0,0,0,0
bd/b.class,bd/b,bd,bd/b,TOP_LEVEL,L1DamageTrap.java,52,0,0,0,0,0
bd/c.class,bd/c,bd,bd/c,TOP_LEVEL,L1HealingTrap.java,52,0,0,0,0,0
bd/d.class,bd/d,bd,bd/d,TOP_LEVEL,L1MonsterTrap.java,52,0,0,0,0,0
bd/e.class,bd/e,bd,bd/e,TOP_LEVEL,L1Trap.java,52,0,0,0,0,0
bd/f.class,bd/f,bd,bd/f,TOP_LEVEL,L1PoisonTrap.java,52,0,0,0,0,0
bd/g.class,bd/g,bd,bd/g,TOP_LEVEL,L1SkillTrap.java,52,0,0,0,0,0
bd/h.class,bd/h,bd,bd/h,TOP_LEVEL,L1TeleportTrap.java,52,0,0,0,0,0
bd/i.class,bd/i,bd,bd/i,TOP_LEVEL,L1Trap.java,52,0,0,0,0,0
bd/j.class,bd/j,bd,bd/j,TOP_LEVEL,TrapStorage.java,52,0,0,0,0,0
be/a.class,be/a,be,be/a,TOP_LEVEL,S_Ability.java,52,0,0,0,0,0
be/aa.class,be/aa,be,be/aa,TOP_LEVEL,S_CharacterConfig.java,52,0,0,0,0,0
be/ab.class,be/ab,be,be/ab,TOP_LEVEL,S_ChatPacket.java,52,0,0,0,0,0
be/ac.class,be/ac,be,be/ac,TOP_LEVEL,S_ClanName.java,52,0,0,0,0,0
be/ad.class,be/ad,be,be/ad,TOP_LEVEL,S_CurseBlind.java,52,0,0,0,0,0
be/ae.class,be/ae,be,be/ae,TOP_LEVEL,S_DelSkill.java,52,0,0,0,0,0
be/af.class,be/af,be,be/af,TOP_LEVEL,S_DeleteCharOK.java,52,0,0,0,0,0
be/ag.class,be/ag,be,be/ag,TOP_LEVEL,S_DeleteInventoryItem.java,52,0,0,0,0,0
be/ah.class,be/ah,be,be/ah,TOP_LEVEL,S_Deposit.java,52,0,0,0,0,0
be/ai.class,be/ai,be,be/ai,TOP_LEVEL,S_Dexup.java,52,0,0,0,0,0
be/aj.class,be/aj,be,be/aj,TOP_LEVEL,S_Disconnect.java,52,0,0,0,0,0
be/ak.class,be/ak,be,be/ak,TOP_LEVEL,S_DoActionGFX.java,52,0,0,0,0,0
be/al.class,be/al,be,be/al,TOP_LEVEL,S_DoActionShop.java,52,0,0,0,0,0
be/am.class,be/am,be,be/am,TOP_LEVEL,S_DollPack.java,52,0,0,0,0,0
be/an.class,be/an,be,be/an,TOP_LEVEL,S_DoorPack.java,52,0,0,0,0,0
be/ao.class,be/ao,be,be/ao,TOP_LEVEL,S_Drawal.java,52,0,0,0,0,0
be/ap.class,be/ap,be,be/ap,TOP_LEVEL,S_DropItemPack.java,52,0,0,0,0,0
be/aq.class,be/aq,be,be/aq,TOP_LEVEL,S_EffectLocation.java,52,0,0,0,0,0
be/ar.class,be/ar,be,be/ar,TOP_LEVEL,S_Emblem.java,52,0,0,0,0,0
be/as.class,be/as,be,be/as,TOP_LEVEL,S_EquipmentSlot.java,52,0,0,0,0,0
be/at.class,be/at,be,be/at,TOP_LEVEL,S_Extended.java,52,0,0,0,0,0
be/au.class,be/au,be,be/au,TOP_LEVEL,S_Fight.java,52,0,0,0,0,0
be/av.class,be/av,be,be/av,TOP_LEVEL,S_Fishing.java,52,0,0,0,0,0
be/aw.class,be/aw,be,be/aw,TOP_LEVEL,S_FixWeaponList.java,52,0,0,0,0,0
be/ax.class,be/ax,be,be/ax,TOP_LEVEL,S_FollowerPack.java,52,0,0,0,0,0
be/ay.class,be/ay,be,be/ay,TOP_LEVEL,S_GameTime.java,52,0,0,0,0,0
be/az.class,be/az,be,be/az,TOP_LEVEL,S_HPMeter.java,52,0,0,0,0,0
be/b.class,be/b,be,be/b,TOP_LEVEL,S_ActiveSpells.java,52,0,0,0,0,0
be/ba.class,be/ba,be,be/ba,TOP_LEVEL,S_HPUpdate.java,52,0,0,0,0,0
be/bb.class,be/bb,be,be/bb,TOP_LEVEL,S_HouseMap.java,52,0,0,0,0,0
be/bc.class,be/bc,be,be/bc,TOP_LEVEL,S_HowManyKey.java,52,0,0,0,0,0
be/bd.class,be/bd,be,be/bd,TOP_LEVEL,S_HowManyMake.java,52,0,0,0,0,0
be/be.class,be/be,be,be/be,TOP_LEVEL,S_Html.java,52,0,0,0,0,0
be/bf.class,be/bf,be,be/bf,TOP_LEVEL,S_IdentifyDesc.java,52,0,0,0,0,0
be/bg.class,be/bg,be,be/bg,TOP_LEVEL,S_InitAbility.java,52,0,0,0,0,0
be/bh.class,be/bh,be,be/bh,TOP_LEVEL,S_InvList.java,52,0,0,0,0,0
be/bi.class,be/bi,be,be/bi,TOP_LEVEL,S_Invis.java,52,0,0,0,0,0
be/bj.class,be/bj,be,be/bj,TOP_LEVEL,S_ItemAttribute.java,52,0,0,0,0,0
be/bk.class,be/bk,be,be/bk,TOP_LEVEL,S_ItemColor.java,52,0,0,0,0,0
be/bl.class,be/bl,be,be/bl,TOP_LEVEL,S_ItemDesc.java,52,0,0,0,0,0
be/bm.class,be/bm,be,be/bm,TOP_LEVEL,S_ItemName.java,52,0,0,0,0,0
be/bn.class,be/bn,be,be/bn,TOP_LEVEL,S_Karma.java,52,0,0,0,0,0
be/bo.class,be/bo,be,be/bo,TOP_LEVEL,S_KeeperPack.java,52,0,0,0,0,0
be/bp.class,be/bp,be,be/bp,TOP_LEVEL,S_Key.java,52,0,0,0,0,0
be/bq.class,be/bq,be,be/bq,TOP_LEVEL,S_Lawful.java,52,0,0,0,0,0
be/br.class,be/br,be,be/br,TOP_LEVEL,S_Light.java,52,0,0,0,0,0
be/bs.class,be/bs,be,be/bs,TOP_LEVEL,S_Liquor.java,52,0,0,0,0,0
be/bt.class,be/bt,be,be/bt,TOP_LEVEL,S_LoginGame.java,52,0,0,0,0,0
be/bu.class,be/bu,be,be/bu,TOP_LEVEL,S_LoginResult.java,52,0,0,0,0,0
be/bv.class,be/bv,be,be/bv,TOP_LEVEL,S_MPUpdate.java,52,0,0,0,0,0
be/bw.class,be/bw,be,be/bw,TOP_LEVEL,S_Mail.java,52,0,0,0,0,0
be/bx.class,be/bx,be,be/bx,TOP_LEVEL,S_MapID.java,52,0,0,0,0,0
be/by.class,be/by,be,be/by,TOP_LEVEL,S_MercenaryArrange.java,52,0,0,0,0,0
be/bz.class,be/bz,be,be/bz,TOP_LEVEL,S_MercenaryEmpoly.java,52,0,0,0,0,0
be/c.class,be/c,be,be/c,TOP_LEVEL,S_AddItem.java,52,0,0,0,0,0
be/ca.class,be/ca,be,be/ca,TOP_LEVEL,S_Message_YN.java,52,0,0,0,0,0
be/cb.class,be/cb,be,be/cb,TOP_LEVEL,S_MoveCharPacket.java,52,0,0,0,0,0
be/cc.class,be/cc,be,be/cc,TOP_LEVEL,S_NPCPack.java,52,0,0,0,0,0
be/cd.class,be/cd,be,be/cd,TOP_LEVEL,S_NewCharPacket.java,52,0,0,0,0,0
be/ce.class,be/ce,be,be/ce,TOP_LEVEL,S_News.java,52,0,0,0,0,0
be/cf.class,be/cf,be,be/cf,TOP_LEVEL,S_NpcChangeShape.java,52,0,0,0,0,0
be/cg.class,be/cg,be,be/cg,TOP_LEVEL,S_NpcChatPacket.java,52,0,0,0,0,0
be/ch.class,be/ch,be,be/ch,TOP_LEVEL,S_OtherCharPacks.java,52,0,0,0,0,0
be/ci.class,be/ci,be,be/ci,TOP_LEVEL,S_OwnCharAttrDef.java,52,0,0,0,0,0
be/cj.class,be/cj,be,be/cj,TOP_LEVEL,S_OwnCharPack.java,52,0,0,0,0,0
be/ck.class,be/ck,be,be/ck,TOP_LEVEL,S_OwnCharStatus.java,52,0,0,0,0,0
be/cl.class,be/cl,be,be/cl,TOP_LEVEL,S_OwnCharStatus2.java,52,0,0,0,0,0
be/cm.class,be/cm,be,be/cm,TOP_LEVEL,S_PacketBox.java,52,0,0,0,0,0
be/cn.class,be/cn,be,be/cn,TOP_LEVEL,S_Paralysis.java,52,0,0,0,0,0
be/co.class,be/co,be,be/co,TOP_LEVEL,S_Party.java,52,0,0,0,0,0
be/cp.class,be/cp,be,be/cp,TOP_LEVEL,S_PetCtrlMenu.java,52,0,0,0,0,0
be/cq.class,be/cq,be,be/cq,TOP_LEVEL,S_PetEquipment.java,52,0,0,0,0,0
be/cr.class,be/cr,be,be/cr,TOP_LEVEL,S_PetInventory.java,52,0,0,0,0,0
be/cs.class,be/cs,be,be/cs,TOP_LEVEL,S_PetList.java,52,0,0,0,0,0
be/ct.class,be/ct,be,be/ct,TOP_LEVEL,S_PetMenuPacket.java,52,0,0,0,0,0
be/cu.class,be/cu,be,be/cu,TOP_LEVEL,S_PetPack.java,52,0,0,0,0,0
be/cv.class,be/cv,be,be/cv,TOP_LEVEL,S_PinkName.java,52,0,0,0,0,0
be/cw.class,be/cw,be,be/cw,TOP_LEVEL,S_Pledge.java,52,0,0,0,0,0
be/cx.class,be/cx,be,be/cx,TOP_LEVEL,S_PledgeWarehouseHistory.java,52,0,0,0,0,0
be/cx$a.class,be/cx$a,be,be/cx,INNER,S_PledgeWarehouseHistory.java,52,0,1,0,1,0
be/cy.class,be/cy,be,be/cy,TOP_LEVEL,S_PledgeWatch.java,52,0,0,0,0,0
be/cz.class,be/cz,be,be/cz,TOP_LEVEL,S_Poison.java,52,0,0,0,0,0
be/d.class,be/d,be,be/d,TOP_LEVEL,S_AddSkill.java,52,0,0,0,0,0
be/da.class,be/da,be,be/da,TOP_LEVEL,S_Portal.java,52,0,0,0,0,0
be/db.class,be/db,be,be/db,TOP_LEVEL,S_PrivateShop.java,52,0,0,0,0,0
be/dc.class,be/dc,be,be/dc,TOP_LEVEL,S_ProtoBuffers.java,52,0,0,0,0,0
be/dd.class,be/dd,be,be/dd,TOP_LEVEL,S_Race.java,52,0,0,0,0,0
be/de.class,be/de,be,be/de,TOP_LEVEL,S_RangeSkill.java,52,0,0,0,0,0
be/df.class,be/df,be,be/df,TOP_LEVEL,S_Rank.java,52,0,0,0,0,0
be/dg.class,be/dg,be,be/dg,TOP_LEVEL,S_RedMessage.java,52,0,0,0,0,0
be/dh.class,be/dh,be,be/dh,TOP_LEVEL,S_RemoveObject.java,52,0,0,0,0,0
be/di.class,be/di,be,be/di,TOP_LEVEL,S_Resurrection.java,52,0,0,0,0,0
be/dj.class,be/dj,be,be/dj,TOP_LEVEL,S_RetrieveList.java,52,0,0,0,0,0
be/dk.class,be/dk,be,be/dk,TOP_LEVEL,S_RetrieveListChar.java,52,0,0,0,0,0
be/dl.class,be/dl,be,be/dl,TOP_LEVEL,S_RetrieveListClan.java,52,0,0,0,0,0
be/dm.class,be/dm,be,be/dm,TOP_LEVEL,S_RetrieveListElven.java,52,0,0,0,0,0
be/dn.class,be/dn,be,be/dn,TOP_LEVEL,S_RuneSlot.java,52,0,0,0,0,0
be/do.class,be/do,be,be/do,TOP_LEVEL,S_SPMR.java,52,0,0,0,0,0
be/dp.class,be/dp,be,be/dp,TOP_LEVEL,S_SelectTarget.java,52,0,0,0,0,0
be/dq.class,be/dq,be,be/dq,TOP_LEVEL,S_SellHouse.java,52,0,0,0,0,0
be/dr.class,be/dr,be,be/dr,TOP_LEVEL,S_SendLocation.java,52,0,0,0,0,0
be/ds.class,be/ds,be,be/ds,TOP_LEVEL,S_ServerMessage.java,52,0,0,0,0,0
be/dt.class,be/dt,be,be/dt,TOP_LEVEL,S_ServerVersion.java,52,0,0,0,0,0
be/du.class,be/du,be,be/du,TOP_LEVEL,S_ShopBuyList.java,52,0,0,0,0,0
be/dv.class,be/dv,be,be/dv,TOP_LEVEL,S_ShopSellList.java,52,0,0,0,0,0
be/dw.class,be/dw,be,be/dw,TOP_LEVEL,S_SignboardPack.java,52,0,0,0,0,0
be/dx.class,be/dx,be,be/dx,TOP_LEVEL,S_SkillBrave.java,52,0,0,0,0,0
be/dy.class,be/dy,be,be/dy,TOP_LEVEL,S_SkillBuy.java,52,0,0,0,0,0
be/dz.class,be/dz,be,be/dz,TOP_LEVEL,S_SkillBuyItem.java,52,0,0,0,0,0
be/e.class,be/e,be,be/e,TOP_LEVEL,S_ApplyAuction.java,52,0,0,0,0,0
be/ea.class,be/ea,be,be/ea,TOP_LEVEL,S_SkillHaste.java,52,0,0,0,0,0
be/eb.class,be/eb,be,be/eb,TOP_LEVEL,S_SkillIconAura.java,52,0,0,0,0,0
be/ec.class,be/ec,be,be/ec,TOP_LEVEL,S_SkillIconBlessOfEva.java,52,0,0,0,0,0
be/ed.class,be/ed,be,be/ed,TOP_LEVEL,S_SkillIconShield.java,52,0,0,0,0,0
be/ee.class,be/ee,be,be/ee,TOP_LEVEL,S_SkillSound.java,52,0,0,0,0,0
be/ef.class,be/ef,be,be/ef,TOP_LEVEL,S_Sound.java,52,0,0,0,0,0
be/eg.class,be/eg,be,be/eg,TOP_LEVEL,S_Strup.java,52,0,0,0,0,0
be/eh.class,be/eh,be,be/eh,TOP_LEVEL,S_SummonPack.java,52,0,0,0,0,0
be/ei.class,be/ei,be,be/ei,TOP_LEVEL,S_SystemMessage.java,52,0,0,0,0,0
be/ej.class,be/ej,be,be/ej,TOP_LEVEL,S_TaxRate.java,52,0,0,0,0,0
be/ek.class,be/ek,be,be/ek,TOP_LEVEL,S_Teleport.java,52,0,0,0,0,0
be/el.class,be/el,be,be/el,TOP_LEVEL,S_Trade.java,52,0,0,0,0,0
be/em.class,be/em,be,be/em,TOP_LEVEL,S_TradeAddItem.java,52,0,0,0,0,0
be/en.class,be/en,be,be/en,TOP_LEVEL,S_TradeStatus.java,52,0,0,0,0,0
be/eo.class,be/eo,be,be/eo,TOP_LEVEL,S_TrapPack.java,52,0,0,0,0,0
be/ep.class,be/ep,be,be/ep,TOP_LEVEL,S_TrueTarget.java,52,0,0,0,0,0
be/eq.class,be/eq,be,be/eq,TOP_LEVEL,S_War.java,52,0,0,0,0,0
be/er.class,be/er,be,be/er,TOP_LEVEL,S_WarTime.java,52,0,0,0,0,0
be/es.class,be/es,be,be/es,TOP_LEVEL,S_Weather.java,52,0,0,0,0,0
be/et.class,be/et,be,be/et,TOP_LEVEL,S_WhoCharinfo.java,52,0,0,0,0,0
be/eu.class,be/eu,be,be/eu,TOP_LEVEL,ServerBasePacket.java,52,0,0,0,0,0
be/f.class,be/f,be,be/f,TOP_LEVEL,S_ArcharArrange.java,52,0,0,0,0,0
be/g.class,be/g,be,be/g,TOP_LEVEL,S_AttackPacket.java,52,0,0,0,0,0
be/h.class,be/h,be,be/h,TOP_LEVEL,S_Attribute.java,52,0,0,0,0,0
be/i.class,be/i,be,be/i,TOP_LEVEL,S_AuctionBoard.java,52,0,0,0,0,0
be/j.class,be/j,be,be/j,TOP_LEVEL,S_AuctionBoardRead.java,52,0,0,0,0,0
be/k.class,be/k,be,be/k,TOP_LEVEL,S_Blink.java,52,0,0,0,0,0
be/l.class,be/l,be,be/l,TOP_LEVEL,S_Board.java,52,0,0,0,0,0
be/m.class,be/m,be,be/m,TOP_LEVEL,S_BoardRead.java,52,0,0,0,0,0
be/n.class,be/n,be,be/n,TOP_LEVEL,S_Bookmarks.java,52,0,0,0,0,0
be/o.class,be/o,be,be/o,TOP_LEVEL,S_CastleMaster.java,52,0,0,0,0,0
be/p.class,be/p,be,be/p,TOP_LEVEL,S_ChangeHeading.java,52,0,0,0,0,0
be/q.class,be/q,be,be/q,TOP_LEVEL,S_ChangeLevel.java,52,0,0,0,0,0
be/r.class,be/r,be,be/r,TOP_LEVEL,S_ChangeName.java,52,0,0,0,0,0
be/s.class,be/s,be,be/s,TOP_LEVEL,S_ChangeShape.java,52,0,0,0,0,0
be/t.class,be/t,be,be/t,TOP_LEVEL,S_CharAmount.java,52,0,0,0,0,0
be/u.class,be/u,be,be/u,TOP_LEVEL,S_CharCreateStatus.java,52,0,0,0,0,0
be/v.class,be/v,be,be/v,TOP_LEVEL,S_CharEvent.java,52,0,0,0,0,0
be/v$1.class,be/v$1,be,be/v,ANONYMOUS,S_CharEvent.java,52,0,1,1,0,0
be/w.class,be/w,be,be/w,TOP_LEVEL,S_CharList.java,52,0,0,0,0,0
be/x.class,be/x,be,be/x,TOP_LEVEL,S_CharReset.java,52,0,0,0,0,0
be/y.class,be/y,be,be/y,TOP_LEVEL,S_CharTitle.java,52,0,0,0,0,0
be/z.class,be/z,be,be/z,TOP_LEVEL,S_CharVisualUpdate.java,52,0,0,0,0,0
bf/a.class,bf/a,bf,bf/a,TOP_LEVEL,L1SkillExecutor.java,52,0,0,0,0,0
bf/aa.class,bf/aa,bf,bf/aa,TOP_LEVEL,S_026.java,52,0,0,0,0,0
bf/ab.class,bf/ab,bf,bf/ab,TOP_LEVEL,S_027.java,52,0,0,0,0,0
bf/ac.class,bf/ac,bf,bf/ac,TOP_LEVEL,S_028.java,52,0,0,0,0,0
bf/ad.class,bf/ad,bf,bf/ad,TOP_LEVEL,S_029.java,52,0,0,0,0,0
bf/ae.class,bf/ae,bf,bf/ae,TOP_LEVEL,S_030.java,52,0,0,0,0,0
bf/af.class,bf/af,bf,bf/af,TOP_LEVEL,S_031.java,52,0,0,0,0,0
bf/ag.class,bf/ag,bf,bf/ag,TOP_LEVEL,S_032.java,52,0,0,0,0,0
bf/ah.class,bf/ah,bf,bf/ah,TOP_LEVEL,S_033.java,52,0,0,0,0,0
bf/ai.class,bf/ai,bf,bf/ai,TOP_LEVEL,S_034.java,52,0,0,0,0,0
bf/aj.class,bf/aj,bf,bf/aj,TOP_LEVEL,S_035.java,52,0,0,0,0,0
bf/ak.class,bf/ak,bf,bf/ak,TOP_LEVEL,S_036.java,52,0,0,0,0,0
bf/al.class,bf/al,bf,bf/al,TOP_LEVEL,S_037.java,52,0,0,0,0,0
bf/am.class,bf/am,bf,bf/am,TOP_LEVEL,S_038.java,52,0,0,0,0,0
bf/an.class,bf/an,bf,bf/an,TOP_LEVEL,S_039.java,52,0,0,0,0,0
bf/ao.class,bf/ao,bf,bf/ao,TOP_LEVEL,S_040.java,52,0,0,0,0,0
bf/ap.class,bf/ap,bf,bf/ap,TOP_LEVEL,S_041.java,52,0,0,0,0,0
bf/aq.class,bf/aq,bf,bf/aq,TOP_LEVEL,S_042.java,52,0,0,0,0,0
bf/ar.class,bf/ar,bf,bf/ar,TOP_LEVEL,S_043.java,52,0,0,0,0,0
bf/as.class,bf/as,bf,bf/as,TOP_LEVEL,S_044.java,52,0,0,0,0,0
bf/at.class,bf/at,bf,bf/at,TOP_LEVEL,S_045.java,52,0,0,0,0,0
bf/au.class,bf/au,bf,bf/au,TOP_LEVEL,S_046.java,52,0,0,0,0,0
bf/av.class,bf/av,bf,bf/av,TOP_LEVEL,S_047.java,52,0,0,0,0,0
bf/aw.class,bf/aw,bf,bf/aw,TOP_LEVEL,S_048.java,52,0,0,0,0,0
bf/ax.class,bf/ax,bf,bf/ax,TOP_LEVEL,S_049.java,52,0,0,0,0,0
bf/ay.class,bf/ay,bf,bf/ay,TOP_LEVEL,S_050.java,52,0,0,0,0,0
bf/az.class,bf/az,bf,bf/az,TOP_LEVEL,S_051.java,52,0,0,0,0,0
bf/b.class,bf/b,bf,bf/b,TOP_LEVEL,S_000.java,52,0,0,0,0,0
bf/ba.class,bf/ba,bf,bf/ba,TOP_LEVEL,S_052.java,52,0,0,0,0,0
bf/bb.class,bf/bb,bf,bf/bb,TOP_LEVEL,S_053.java,52,0,0,0,0,0
bf/bc.class,bf/bc,bf,bf/bc,TOP_LEVEL,S_054.java,52,0,0,0,0,0
bf/bd.class,bf/bd,bf,bf/bd,TOP_LEVEL,S_055.java,52,0,0,0,0,0
bf/be.class,bf/be,bf,bf/be,TOP_LEVEL,S_056.java,52,0,0,0,0,0
bf/bf.class,bf/bf,bf,bf/bf,TOP_LEVEL,S_057.java,52,0,0,0,0,0
bf/bg.class,bf/bg,bf,bf/bg,TOP_LEVEL,S_058.java,52,0,0,0,0,0
bf/bh.class,bf/bh,bf,bf/bh,TOP_LEVEL,S_059.java,52,0,0,0,0,0
bf/bi.class,bf/bi,bf,bf/bi,TOP_LEVEL,S_060.java,52,0,0,0,0,0
bf/bj.class,bf/bj,bf,bf/bj,TOP_LEVEL,S_061.java,52,0,0,0,0,0
bf/bk.class,bf/bk,bf,bf/bk,TOP_LEVEL,S_062.java,52,0,0,0,0,0
bf/bl.class,bf/bl,bf,bf/bl,TOP_LEVEL,S_063.java,52,0,0,0,0,0
bf/bm.class,bf/bm,bf,bf/bm,TOP_LEVEL,S_064.java,52,0,0,0,0,0
bf/bn.class,bf/bn,bf,bf/bn,TOP_LEVEL,S_065.java,52,0,0,0,0,0
bf/bo.class,bf/bo,bf,bf/bo,TOP_LEVEL,S_066.java,52,0,0,0,0,0
bf/bp.class,bf/bp,bf,bf/bp,TOP_LEVEL,S_067.java,52,0,0,0,0,0
bf/bq.class,bf/bq,bf,bf/bq,TOP_LEVEL,S_068.java,52,0,0,0,0,0
bf/br.class,bf/br,bf,bf/br,TOP_LEVEL,S_069.java,52,0,0,0,0,0
bf/bs.class,bf/bs,bf,bf/bs,TOP_LEVEL,S_070.java,52,0,0,0,0,0
bf/bt.class,bf/bt,bf,bf/bt,TOP_LEVEL,S_071.java,52,0,0,0,0,0
bf/bu.class,bf/bu,bf,bf/bu,TOP_LEVEL,S_072.java,52,0,0,0,0,0
bf/bv.class,bf/bv,bf,bf/bv,TOP_LEVEL,S_073.java,52,0,0,0,0,0
bf/bw.class,bf/bw,bf,bf/bw,TOP_LEVEL,S_074.java,52,0,0,0,0,0
bf/bx.class,bf/bx,bf,bf/bx,TOP_LEVEL,S_075.java,52,0,0,0,0,0
bf/by.class,bf/by,bf,bf/by,TOP_LEVEL,S_076.java,52,0,0,0,0,0
bf/bz.class,bf/bz,bf,bf/bz,TOP_LEVEL,S_077.java,52,0,0,0,0,0
bf/c.class,bf/c,bf,bf/c,TOP_LEVEL,S_001.java,52,0,0,0,0,0
bf/ca.class,bf/ca,bf,bf/ca,TOP_LEVEL,S_078.java,52,0,0,0,0,0
bf/cb.class,bf/cb,bf,bf/cb,TOP_LEVEL,S_079.java,52,0,0,0,0,0
bf/cc.class,bf/cc,bf,bf/cc,TOP_LEVEL,S_080.java,52,0,0,0,0,0
bf/cd.class,bf/cd,bf,bf/cd,TOP_LEVEL,S_087.java,52,0,0,0,0,0
bf/ce.class,bf/ce,bf,bf/ce,TOP_LEVEL,S_088.java,52,0,0,0,0,0
bf/cf.class,bf/cf,bf,bf/cf,TOP_LEVEL,S_089.java,52,0,0,0,0,0
bf/cg.class,bf/cg,bf,bf/cg,TOP_LEVEL,S_090.java,52,0,0,0,0,0
bf/ch.class,bf/ch,bf,bf/ch,TOP_LEVEL,S_091.java,52,0,0,0,0,0
bf/ci.class,bf/ci,bf,bf/ci,TOP_LEVEL,S_092.java,52,0,0,0,0,0
bf/cj.class,bf/cj,bf,bf/cj,TOP_LEVEL,S_097.java,52,0,0,0,0,0
bf/ck.class,bf/ck,bf,bf/ck,TOP_LEVEL,S_098.java,52,0,0,0,0,0
bf/cl.class,bf/cl,bf,bf/cl,TOP_LEVEL,S_099.java,52,0,0,0,0,0
bf/cm.class,bf/cm,bf,bf/cm,TOP_LEVEL,S_100.java,52,0,0,0,0,0
bf/cn.class,bf/cn,bf,bf/cn,TOP_LEVEL,S_101.java,52,0,0,0,0,0
bf/co.class,bf/co,bf,bf/co,TOP_LEVEL,S_102.java,52,0,0,0,0,0
bf/cp.class,bf/cp,bf,bf/cp,TOP_LEVEL,S_103.java,52,0,0,0,0,0
bf/cq.class,bf/cq,bf,bf/cq,TOP_LEVEL,S_104.java,52,0,0,0,0,0
bf/cr.class,bf/cr,bf,bf/cr,TOP_LEVEL,S_105.java,52,0,0,0,0,0
bf/cs.class,bf/cs,bf,bf/cs,TOP_LEVEL,S_106.java,52,0,0,0,0,0
bf/ct.class,bf/ct,bf,bf/ct,TOP_LEVEL,S_107.java,52,0,0,0,0,0
bf/cu.class,bf/cu,bf,bf/cu,TOP_LEVEL,S_108.java,52,0,0,0,0,0
bf/cv.class,bf/cv,bf,bf/cv,TOP_LEVEL,S_109.java,52,0,0,0,0,0
bf/cw.class,bf/cw,bf,bf/cw,TOP_LEVEL,S_110.java,52,0,0,0,0,0
bf/cx.class,bf/cx,bf,bf/cx,TOP_LEVEL,S_111.java,52,0,0,0,0,0
bf/cy.class,bf/cy,bf,bf/cy,TOP_LEVEL,S_112.java,52,0,0,0,0,0
bf/cz.class,bf/cz,bf,bf/cz,TOP_LEVEL,S_113.java,52,0,0,0,0,0
bf/d.class,bf/d,bf,bf/d,TOP_LEVEL,S_002.java,52,0,0,0,0,0
bf/da.class,bf/da,bf,bf/da,TOP_LEVEL,S_114.java,52,0,0,0,0,0
bf/db.class,bf/db,bf,bf/db,TOP_LEVEL,S_115.java,52,0,0,0,0,0
bf/dc.class,bf/dc,bf,bf/dc,TOP_LEVEL,S_116.java,52,0,0,0,0,0
bf/dd.class,bf/dd,bf,bf/dd,TOP_LEVEL,S_117.java,52,0,0,0,0,0
bf/de.class,bf/de,bf,bf/de,TOP_LEVEL,S_118.java,52,0,0,0,0,0
bf/df.class,bf/df,bf,bf/df,TOP_LEVEL,S_119.java,52,0,0,0,0,0
bf/dg.class,bf/dg,bf,bf/dg,TOP_LEVEL,S_120.java,52,0,0,0,0,0
bf/dh.class,bf/dh,bf,bf/dh,TOP_LEVEL,S_121.java,52,0,0,0,0,0
bf/di.class,bf/di,bf,bf/di,TOP_LEVEL,S_122.java,52,0,0,0,0,0
bf/dj.class,bf/dj,bf,bf/dj,TOP_LEVEL,S_129.java,52,0,0,0,0,0
bf/dk.class,bf/dk,bf,bf/dk,TOP_LEVEL,S_130.java,52,0,0,0,0,0
bf/dl.class,bf/dl,bf,bf/dl,TOP_LEVEL,S_131.java,52,0,0,0,0,0
bf/dm.class,bf/dm,bf,bf/dm,TOP_LEVEL,S_132.java,52,0,0,0,0,0
bf/dn.class,bf/dn,bf,bf/dn,TOP_LEVEL,S_133.java,52,0,0,0,0,0
bf/do.class,bf/do,bf,bf/do,TOP_LEVEL,S_134.java,52,0,0,0,0,0
bf/dp.class,bf/dp,bf,bf/dp,TOP_LEVEL,S_135.java,52,0,0,0,0,0
bf/dq.class,bf/dq,bf,bf/dq,TOP_LEVEL,S_137.java,52,0,0,0,0,0
bf/dr.class,bf/dr,bf,bf/dr,TOP_LEVEL,S_138.java,52,0,0,0,0,0
bf/ds.class,bf/ds,bf,bf/ds,TOP_LEVEL,S_145.java,52,0,0,0,0,0
bf/dt.class,bf/dt,bf,bf/dt,TOP_LEVEL,S_146.java,52,0,0,0,0,0
bf/du.class,bf/du,bf,bf/du,TOP_LEVEL,S_147.java,52,0,0,0,0,0
bf/dv.class,bf/dv,bf,bf/dv,TOP_LEVEL,S_148.java,52,0,0,0,0,0
bf/dw.class,bf/dw,bf,bf/dw,TOP_LEVEL,S_149.java,52,0,0,0,0,0
bf/dx.class,bf/dx,bf,bf/dx,TOP_LEVEL,S_150.java,52,0,0,0,0,0
bf/dy.class,bf/dy,bf,bf/dy,TOP_LEVEL,S_151.java,52,0,0,0,0,0
bf/dz.class,bf/dz,bf,bf/dz,TOP_LEVEL,S_152.java,52,0,0,0,0,0
bf/e.class,bf/e,bf,bf/e,TOP_LEVEL,S_003.java,52,0,0,0,0,0
bf/ea.class,bf/ea,bf,bf/ea,TOP_LEVEL,S_153.java,52,0,0,0,0,0
bf/eb.class,bf/eb,bf,bf/eb,TOP_LEVEL,S_154.java,52,0,0,0,0,0
bf/ec.class,bf/ec,bf,bf/ec,TOP_LEVEL,S_155.java,52,0,0,0,0,0
bf/ed.class,bf/ed,bf,bf/ed,TOP_LEVEL,S_156.java,52,0,0,0,0,0
bf/ee.class,bf/ee,bf,bf/ee,TOP_LEVEL,S_157.java,52,0,0,0,0,0
bf/ef.class,bf/ef,bf,bf/ef,TOP_LEVEL,S_158.java,52,0,0,0,0,0
bf/eg.class,bf/eg,bf,bf/eg,TOP_LEVEL,S_159.java,52,0,0,0,0,0
bf/eh.class,bf/eh,bf,bf/eh,TOP_LEVEL,S_160.java,52,0,0,0,0,0
bf/ei.class,bf/ei,bf,bf/ei,TOP_LEVEL,S_161.java,52,0,0,0,0,0
bf/ej.class,bf/ej,bf,bf/ej,TOP_LEVEL,S_162.java,52,0,0,0,0,0
bf/ek.class,bf/ek,bf,bf/ek,TOP_LEVEL,S_163.java,52,0,0,0,0,0
bf/el.class,bf/el,bf,bf/el,TOP_LEVEL,S_164.java,52,0,0,0,0,0
bf/em.class,bf/em,bf,bf/em,TOP_LEVEL,S_165.java,52,0,0,0,0,0
bf/en.class,bf/en,bf,bf/en,TOP_LEVEL,S_166.java,52,0,0,0,0,0
bf/eo.class,bf/eo,bf,bf/eo,TOP_LEVEL,S_167.java,52,0,0,0,0,0
bf/ep.class,bf/ep,bf,bf/ep,TOP_LEVEL,S_168.java,52,0,0,0,0,0
bf/eq.class,bf/eq,bf,bf/eq,TOP_LEVEL,S_169.java,52,0,0,0,0,0
bf/er.class,bf/er,bf,bf/er,TOP_LEVEL,S_170.java,52,0,0,0,0,0
bf/es.class,bf/es,bf,bf/es,TOP_LEVEL,S_171.java,52,0,0,0,0,0
bf/et.class,bf/et,bf,bf/et,TOP_LEVEL,S_172.java,52,0,0,0,0,0
bf/eu.class,bf/eu,bf,bf/eu,TOP_LEVEL,S_173.java,52,0,0,0,0,0
bf/ev.class,bf/ev,bf,bf/ev,TOP_LEVEL,S_174.java,52,0,0,0,0,0
bf/ew.class,bf/ew,bf,bf/ew,TOP_LEVEL,S_175.java,52,0,0,0,0,0
bf/ex.class,bf/ex,bf,bf/ex,TOP_LEVEL,S_176.java,52,0,0,0,0,0
bf/ey.class,bf/ey,bf,bf/ey,TOP_LEVEL,S_181.java,52,0,0,0,0,0
bf/ez.class,bf/ez,bf,bf/ez,TOP_LEVEL,S_182.java,52,0,0,0,0,0
bf/f.class,bf/f,bf,bf/f,TOP_LEVEL,S_004.java,52,0,0,0,0,0
bf/fa.class,bf/fa,bf,bf/fa,TOP_LEVEL,S_183.java,52,0,0,0,0,0
bf/fb.class,bf/fb,bf,bf/fb,TOP_LEVEL,S_184.java,52,0,0,0,0,0
bf/fc.class,bf/fc,bf,bf/fc,TOP_LEVEL,S_185.java,52,0,0,0,0,0
bf/fd.class,bf/fd,bf,bf/fd,TOP_LEVEL,S_186.java,52,0,0,0,0,0
bf/fe.class,bf/fe,bf,bf/fe,TOP_LEVEL,S_187.java,52,0,0,0,0,0
bf/ff.class,bf/ff,bf,bf/ff,TOP_LEVEL,S_188.java,52,0,0,0,0,0
bf/fg.class,bf/fg,bf,bf/fg,TOP_LEVEL,S_189.java,52,0,0,0,0,0
bf/fh.class,bf/fh,bf,bf/fh,TOP_LEVEL,S_190.java,52,0,0,0,0,0
bf/fi.class,bf/fi,bf,bf/fi,TOP_LEVEL,S_191.java,52,0,0,0,0,0
bf/fj.class,bf/fj,bf,bf/fj,TOP_LEVEL,S_192.java,52,0,0,0,0,0
bf/fk.class,bf/fk,bf,bf/fk,TOP_LEVEL,S_193.java,52,0,0,0,0,0
bf/fl.class,bf/fl,bf,bf/fl,TOP_LEVEL,S_194.java,52,0,0,0,0,0
bf/fm.class,bf/fm,bf,bf/fm,TOP_LEVEL,S_195.java,52,0,0,0,0,0
bf/fn.class,bf/fn,bf,bf/fn,TOP_LEVEL,S_196.java,52,0,0,0,0,0
bf/fo.class,bf/fo,bf,bf/fo,TOP_LEVEL,S_201.java,52,0,0,0,0,0
bf/fp.class,bf/fp,bf,bf/fp,TOP_LEVEL,S_202.java,52,0,0,0,0,0
bf/fq.class,bf/fq,bf,bf/fq,TOP_LEVEL,S_203.java,52,0,0,0,0,0
bf/fr.class,bf/fr,bf,bf/fr,TOP_LEVEL,S_204.java,52,0,0,0,0,0
bf/fs.class,bf/fs,bf,bf/fs,TOP_LEVEL,S_205.java,52,0,0,0,0,0
bf/ft.class,bf/ft,bf,bf/ft,TOP_LEVEL,S_206.java,52,0,0,0,0,0
bf/fu.class,bf/fu,bf,bf/fu,TOP_LEVEL,S_207.java,52,0,0,0,0,0
bf/fv.class,bf/fv,bf,bf/fv,TOP_LEVEL,S_208.java,52,0,0,0,0,0
bf/fw.class,bf/fw,bf,bf/fw,TOP_LEVEL,S_209.java,52,0,0,0,0,0
bf/fx.class,bf/fx,bf,bf/fx,TOP_LEVEL,S_210.java,52,0,0,0,0,0
bf/fy.class,bf/fy,bf,bf/fy,TOP_LEVEL,S_211.java,52,0,0,0,0,0
bf/fz.class,bf/fz,bf,bf/fz,TOP_LEVEL,S_212.java,52,0,0,0,0,0
bf/g.class,bf/g,bf,bf/g,TOP_LEVEL,S_005.java,52,0,0,0,0,0
bf/ga.class,bf/ga,bf,bf/ga,TOP_LEVEL,S_213.java,52,0,0,0,0,0
bf/gb.class,bf/gb,bf,bf/gb,TOP_LEVEL,S_214.java,52,0,0,0,0,0
bf/gc.class,bf/gc,bf,bf/gc,TOP_LEVEL,S_215.java,52,0,0,0,0,0
bf/gd.class,bf/gd,bf,bf/gd,TOP_LEVEL,S_216.java,52,0,0,0,0,0
bf/ge.class,bf/ge,bf,bf/ge,TOP_LEVEL,S_217.java,52,0,0,0,0,0
bf/gf.class,bf/gf,bf,bf/gf,TOP_LEVEL,S_218.java,52,0,0,0,0,0
bf/gg.class,bf/gg,bf,bf/gg,TOP_LEVEL,S_219.java,52,0,0,0,0,0
bf/gh.class,bf/gh,bf,bf/gh,TOP_LEVEL,S_220.java,52,0,0,0,0,0
bf/gi.class,bf/gi,bf,bf/gi,TOP_LEVEL,S_222.java,52,0,0,0,0,0
bf/gj.class,bf/gj,bf,bf/gj,TOP_LEVEL,S_225.java,52,0,0,0,0,0
bf/gk.class,bf/gk,bf,bf/gk,TOP_LEVEL,S_226.java,52,0,0,0,0,0
bf/gl.class,bf/gl,bf,bf/gl,TOP_LEVEL,S_228.java,52,0,0,0,0,0
bf/gm.class,bf/gm,bf,bf/gm,TOP_LEVEL,S_229.java,52,0,0,0,0,0
bf/gm$a.class,bf/gm$a,bf,bf/gm,INNER,S_229.java,52,0,1,0,0,0
bf/gn.class,bf/gn,bf,bf/gn,TOP_LEVEL,S_230.java,52,0,0,0,0,0
bf/go.class,bf/go,bf,bf/go,TOP_LEVEL,S_231.java,52,0,0,0,0,0
bf/gp.class,bf/gp,bf,bf/gp,TOP_LEVEL,S_233.java,52,0,0,0,0,0
bf/h.class,bf/h,bf,bf/h,TOP_LEVEL,S_006.java,52,0,0,0,0,0
bf/i.class,bf/i,bf,bf/i,TOP_LEVEL,S_007.java,52,0,0,0,0,0
bf/j.class,bf/j,bf,bf/j,TOP_LEVEL,S_008.java,52,0,0,0,0,0
bf/k.class,bf/k,bf,bf/k,TOP_LEVEL,S_009.java,52,0,0,0,0,0
bf/l.class,bf/l,bf,bf/l,TOP_LEVEL,S_010.java,52,0,0,0,0,0
bf/m.class,bf/m,bf,bf/m,TOP_LEVEL,S_011.java,52,0,0,0,0,0
bf/n.class,bf/n,bf,bf/n,TOP_LEVEL,S_012.java,52,0,0,0,0,0
bf/o.class,bf/o,bf,bf/o,TOP_LEVEL,S_013.java,52,0,0,0,0,0
bf/p.class,bf/p,bf,bf/p,TOP_LEVEL,S_014.java,52,0,0,0,0,0
bf/q.class,bf/q,bf,bf/q,TOP_LEVEL,S_015.java,52,0,0,0,0,0
bf/r.class,bf/r,bf,bf/r,TOP_LEVEL,S_016.java,52,0,0,0,0,0
bf/s.class,bf/s,bf,bf/s,TOP_LEVEL,S_017.java,52,0,0,0,0,0
bf/t.class,bf/t,bf,bf/t,TOP_LEVEL,S_018.java,52,0,0,0,0,0
bf/u.class,bf/u,bf,bf/u,TOP_LEVEL,S_019.java,52,0,0,0,0,0
bf/v.class,bf/v,bf,bf/v,TOP_LEVEL,S_020.java,52,0,0,0,0,0
bf/w.class,bf/w,bf,bf/w,TOP_LEVEL,S_021.java,52,0,0,0,0,0
bf/x.class,bf/x,bf,bf/x,TOP_LEVEL,S_022.java,52,0,0,0,0,0
bf/y.class,bf/y,bf,bf/y,TOP_LEVEL,S_023.java,52,0,0,0,0,0
bf/z.class,bf/z,bf,bf/z,TOP_LEVEL,S_025.java,52,0,0,0,0,0
bg/a.class,bg/a,bg,bg/a,TOP_LEVEL,L1SkillDelay.java,52,0,0,0,0,0
bg/a$a.class,bg/a$a,bg,bg/a,INNER,L1SkillDelay.java,52,0,0,0,1,0
bg/b.class,bg/b,bg,bg/b,TOP_LEVEL,L1SkillId.java,52,0,0,0,0,0
bg/c.class,bg/c,bg,bg/c,TOP_LEVEL,L1SkillTimer.java,52,0,0,0,0,0
bg/d.class,bg/d,bg,bg/d,TOP_LEVEL,L1SkillTimer.java,52,0,0,0,0,0
bg/e.class,bg/e,bg,bg/e,TOP_LEVEL,L1SkillTimerCreator.java,52,0,0,0,0,0
bg/f.class,bg/f,bg,bg/f,TOP_LEVEL,L1SkillTimer.java,52,0,0,0,0,0
bh/a.class,bh/a,bh,bh/a,TOP_LEVEL,L1Account.java,52,0,0,0,0,0
bh/b.class,bh/b,bh,bh/b,TOP_LEVEL,L1BoardTopic.java,52,0,0,0,0,0
bh/c.class,bh/c,bh,bh/c,TOP_LEVEL,L1BookMark.java,52,0,0,0,0,0
bh/d.class,bh/d,bh,bh/d,TOP_LEVEL,L1Castle.java,52,0,0,0,0,0
bh/d$a.class,bh/d$a,bh,bh/d,INNER,L1Castle.java,52,0,1,0,1,0
bh/e.class,bh/e,bh,bh/e,TOP_LEVEL,L1Command.java,52,0,0,0,0,0
bh/f.class,bh/f,bh,bh/f,TOP_LEVEL,L1DoorGfx.java,52,0,0,0,0,0
bh/g.class,bh/g,bh,bh/g,TOP_LEVEL,L1DoorSpawn.java,52,0,0,0,0,0
bh/h.class,bh/h,bh,bh/h,TOP_LEVEL,L1Drop.java,52,0,0,0,0,0
bh/i.class,bh/i,bh,bh/i,TOP_LEVEL,L1House.java,52,0,0,0,0,0
bh/j.class,bh/j,bh,bh/j,TOP_LEVEL,L1Item.java,52,0,0,0,0,0
bh/k.class,bh/k,bh,bh/k,TOP_LEVEL,L1Mail.java,52,0,0,0,0,0
bh/l.class,bh/l,bh,bh/l,TOP_LEVEL,L1Npc.java,52,0,0,1,0,0
bh/m.class,bh/m,bh,bh/m,TOP_LEVEL,L1NpcChat.java,52,0,0,0,0,0
bh/n.class,bh/n,bh,bh/n,TOP_LEVEL,L1Pet.java,52,0,0,0,0,0
bh/o.class,bh/o,bh,bh/o,TOP_LEVEL,L1PetItem.java,52,0,0,0,0,0
bh/p.class,bh/p,bh,bh/p,TOP_LEVEL,L1PetType.java,52,0,0,0,0,0
bh/q.class,bh/q,bh,bh/q,TOP_LEVEL,L1PrivateShopBuyList.java,52,0,0,0,0,0
bh/r.class,bh/r,bh,bh/r,TOP_LEVEL,L1PrivateShopSellList.java,52,0,0,0,0,0
bh/s.class,bh/s,bh,bh/s,TOP_LEVEL,L1QuestNew.java,52,0,0,0,0,0
bh/t.class,bh/t,bh,bh/t,TOP_LEVEL,L1Shop.java,52,0,0,0,0,0
bh/u.class,bh/u,bh,bh/u,TOP_LEVEL,L1ShopItem.java,52,0,0,0,0,0
bh/v.class,bh/v,bh,bh/v,TOP_LEVEL,L1Skills.java,52,0,0,0,0,0
bh/w.class,bh/w,bh,bh/w,TOP_LEVEL,L1Town.java,52,0,0,0,0,0
bi/a.class,bi/a,bi,bi/a,TOP_LEVEL,BinaryOutputStream.java,52,0,0,0,0,0
bi/b.class,bi/b,bi,bi/b,TOP_LEVEL,CalcExp.java,52,0,0,0,0,0
bi/c.class,bi/c,bi,bi/c,TOP_LEVEL,CalcInitHpMp.java,52,0,0,0,0,0
bi/d.class,bi/d,bi,bi/d,TOP_LEVEL,CalcStat.java,52,0,0,0,0,0
bi/e.class,bi/e,bi,bi/e,TOP_LEVEL,GeneralThreadPool.java,52,0,0,0,0,0
bi/e$a.class,bi/e$a,bi,bi/e,INNER,GeneralThreadPool.java,52,0,1,0,1,0
bi/f.class,bi/f,bi,bi/f,TOP_LEVEL,IntRange.java,52,0,0,0,0,0
bi/g.class,bi/g,bi,bi/g,TOP_LEVEL,LineageUtil.java,52,0,0,0,0,0
bi/h.class,bi/h,bi,bi/h,TOP_LEVEL,Point.java,52,0,0,0,0,0
bi/i.class,bi/i,bi,bi/i,TOP_LEVEL,Random.java,52,0,0,0,0,0
bi/j.class,bi/j,bi,bi/j,TOP_LEVEL,SQLUtil.java,52,0,0,0,0,0
bi/k.class,bi/k,bi,bi/k,TOP_LEVEL,TimePeriod.java,52,0,0,0,0,0
bj/a.class,bj/a,bj,bj/a,TOP_LEVEL,Cipher.java,52,0,0,0,0,0
bj/b.class,bj/b,bj,bj/b,TOP_LEVEL,CipherClient.java,52,0,0,0,0,0
bj/c.class,bj/c,bj,bj/c,TOP_LEVEL,CipherServer.java,52,0,0,0,0,0
bj/d.class,bj/d,bj,bj/d,TOP_LEVEL,ClientThread.java,52,0,0,4,0,0
bj/d$a.class,bj/d$a,bj,bj/d,INNER,ClientThread.java,52,0,1,2,1,0
bj/e.class,bj/e,bj,bj/e,TOP_LEVEL,Opcodes.java,52,0,0,0,0,0
l1j/server/Server.class,l1j/server/Server,l1j.server,l1j/server/Server,TOP_LEVEL,Server.java,52,0,0,0,0,0
l1j/server/a.class,l1j/server/a,l1j.server,l1j/server/a,TOP_LEVEL,Config.java,52,0,0,0,0,0
l1j/server/b.class,l1j/server/b,l1j.server,l1j/server/b,TOP_LEVEL,DatabaseFactory.java,52,0,0,0,0,0
