"ObfuscatedClass","SourceFile","Package","Category","IdentityConfidence"
"l1j.server.a","Config.java","l1j.server","BOOTSTRAP","SOURCEFILE_CONFIRMED"
"l1j.server.b","DatabaseFactory.java","l1j.server","BOOTSTRAP","SOURCEFILE_CONFIRMED"
"l1j.server.Server","Server.java","l1j.server","BOOTSTRAP","SOURCEFILE_CONFIRMED"
"ai.a","ActionCodes.java","ai","SERVER_CORE","SOURCEFILE_CONFIRMED"
"ai.b","GMCommands.java","ai","SERVER_CORE","SOURCEFILE_CONFIRMED"
"ai.c","GameServer.java","ai","SERVER_CORE","SOURCEFILE_CONFIRMED"
"ai.d","IdFactory.java","ai","SERVER_CORE","SOURCEFILE_CONFIRMED"
"ai.e","PacketHandler.java","ai","SERVER_CORE","SOURCEFILE_CONFIRMED"
"aj.a","C_AddBookmark.java","aj","CLIENT_PACKET","SOURCEFILE_CONFIRMED"
"aj.b","C_AddBuddy.java","aj","CLIENT_PACKET","SOURCEFILE_CONFIRMED"
"aj.c","C_Amount.java","aj","CLIENT_PACKET","SOURCEFILE_CONFIRMED"
"aj.d","C_Attack.java","aj","CLIENT_PACKET","SOURCEFILE_CONFIRMED"
"aj.e","C_AttackContinue.java","aj","CLIENT_PACKET","SOURCEFILE_CONFIRMED"
"aj.f","C_Attr.java","aj","CLIENT_PACKET","SOURCEFILE_CONFIRMED"
"aj.g","C_AuthLogin.java","aj","CLIENT_PACKET","SOURCEFILE_CONFIRMED"
"aj.h","C_BanClan.java","aj","CLIENT_PACKET","SOURCEFILE_CONFIRMED"
"aj.i","C_BanParty.java","aj","CLIENT_PACKET","SOURCEFILE_CONFIRMED"
"aj.j","C_Blink.java","aj","CLIENT_PACKET","SOURCEFILE_CONFIRMED"
"aj.k","C_Board.java","aj","CLIENT_PACKET","SOURCEFILE_CONFIRMED"
"aj.l","C_BoardDelete.java","aj","CLIENT_PACKET","SOURCEFILE_CONFIRMED"
"aj.m","C_BoardPage.java","aj","CLIENT_PACKET","SOURCEFILE_CONFIRMED"
"aj.n","C_BoardRead.java","aj","CLIENT_PACKET","SOURCEFILE_CONFIRMED"
"aj.o","C_BoardWrite.java","aj","CLIENT_PACKET","SOURCEFILE_CONFIRMED"
"aj.p","C_Buddy.java","aj","CLIENT_PACKET","SOURCEFILE_CONFIRMED"
"aj.q","C_CallUser.java","aj","CLIENT_PACKET","SOURCEFILE_CONFIRMED"
"aj.r","C_ChangeHeading.java","aj","CLIENT_PACKET","SOURCEFILE_CONFIRMED"
"aj.s","C_CharReset.java","aj","CLIENT_PACKET","SOURCEFILE_CONFIRMED"
"aj.t","C_CharcterConfig.java","aj","CLIENT_PACKET","SOURCEFILE_CONFIRMED"
"aj.u","C_Chat.java","aj","CLIENT_PACKET","SOURCEFILE_CONFIRMED"
"aj.v","C_ChatOnOff.java","aj","CLIENT_PACKET","SOURCEFILE_CONFIRMED"
"aj.w","C_ChatParty.java","aj","CLIENT_PACKET","SOURCEFILE_CONFIRMED"
"aj.x","C_ChatWhisper.java","aj","CLIENT_PACKET","SOURCEFILE_CONFIRMED"
"aj.y","C_CheckPK.java","aj","CLIENT_PACKET","SOURCEFILE_CONFIRMED"
"aj.z","C_CreateChar.java","aj","CLIENT_PACKET","SOURCEFILE_CONFIRMED"
"aj.aa","C_CreateClan.java","aj","CLIENT_PACKET","SOURCEFILE_CONFIRMED"
"aj.ab","C_CreateParty.java","aj","CLIENT_PACKET","SOURCEFILE_CONFIRMED"
"aj.ac","C_DelBuddy.java","aj","CLIENT_PACKET","SOURCEFILE_CONFIRMED"
"aj.ad","C_DeleteBookmark.java","aj","CLIENT_PACKET","SOURCEFILE_CONFIRMED"
"aj.ae","C_DeleteChar.java","aj","CLIENT_PACKET","SOURCEFILE_CONFIRMED"
"aj.af","C_DeleteInventoryItem.java","aj","CLIENT_PACKET","SOURCEFILE_CONFIRMED"
"aj.ag","C_Deposit.java","aj","CLIENT_PACKET","SOURCEFILE_CONFIRMED"
"aj.ah","C_Disconnect.java","aj","CLIENT_PACKET","SOURCEFILE_CONFIRMED"
"aj.ai","C_Door.java","aj","CLIENT_PACKET","SOURCEFILE_CONFIRMED"
"aj.aj","C_Drawal.java","aj","CLIENT_PACKET","SOURCEFILE_CONFIRMED"
"aj.ak","C_DropItem.java","aj","CLIENT_PACKET","SOURCEFILE_CONFIRMED"
"aj.al","C_EmblemDownload.java","aj","CLIENT_PACKET","SOURCEFILE_CONFIRMED"
"aj.am","C_EmblemUpload.java","aj","CLIENT_PACKET","SOURCEFILE_CONFIRMED"
"aj.an","C_EnterPortal.java","aj","CLIENT_PACKET","SOURCEFILE_CONFIRMED"
"aj.ao","C_Exclude.java","aj","CLIENT_PACKET","SOURCEFILE_CONFIRMED"
"aj.ap","C_ExitGhost.java","aj","CLIENT_PACKET","SOURCEFILE_CONFIRMED"
"aj.aq","C_ExtraCommand.java","aj","CLIENT_PACKET","SOURCEFILE_CONFIRMED"
"aj.ar","C_Fight.java","aj","CLIENT_PACKET","SOURCEFILE_CONFIRMED"
"aj.as","C_FishClick.java","aj","CLIENT_PACKET","SOURCEFILE_CONFIRMED"
"aj.at","C_FixWeapon.java","aj","CLIENT_PACKET","SOURCEFILE_CONFIRMED"
"aj.au","C_FixWeaponList.java","aj","CLIENT_PACKET","SOURCEFILE_CONFIRMED"
"aj.av","C_GMTeleport.java","aj","CLIENT_PACKET","SOURCEFILE_CONFIRMED"
"aj.aw","C_GiveItem.java","aj","CLIENT_PACKET","SOURCEFILE_CONFIRMED"
"aj.ax","C_GotoMap.java","aj","CLIENT_PACKET","SOURCEFILE_CONFIRMED"
"aj.ay","C_GotoPortal.java","aj","CLIENT_PACKET","SOURCEFILE_CONFIRMED"
"aj.az","C_ItemUSe.java","aj","CLIENT_PACKET","SOURCEFILE_CONFIRMED"
"aj.ba","C_JoinClan.java","aj","CLIENT_PACKET","SOURCEFILE_CONFIRMED"
"aj.bb","C_KeepALIVE.java","aj","CLIENT_PACKET","SOURCEFILE_CONFIRMED"
"aj.bc","C_LeaveClan.java","aj","CLIENT_PACKET","SOURCEFILE_CONFIRMED"
"aj.bd","C_LeaveParty.java","aj","CLIENT_PACKET","SOURCEFILE_CONFIRMED"
"aj.be","C_Login.java","aj","CLIENT_PACKET","SOURCEFILE_CONFIRMED"
"aj.bf","C_LoginToServer.java","aj","CLIENT_PACKET","SOURCEFILE_CONFIRMED"
"aj.bg","C_Mail.java","aj","CLIENT_PACKET","SOURCEFILE_CONFIRMED"
"aj.bh","C_MercenaryArrange.java","aj","CLIENT_PACKET","SOURCEFILE_CONFIRMED"
"aj.bi","C_MercenaryEmpoly.java","aj","CLIENT_PACKET","SOURCEFILE_CONFIRMED"
"aj.bj","C_MoveChar.java","aj","CLIENT_PACKET","SOURCEFILE_CONFIRMED"
"aj.bk","C_NpcAction.java","aj","CLIENT_PACKET","SOURCEFILE_CONFIRMED"
"aj.bl","C_NpcTalk.java","aj","CLIENT_PACKET","SOURCEFILE_CONFIRMED"
"aj.bm","C_Party.java","aj","CLIENT_PACKET","SOURCEFILE_CONFIRMED"
"aj.bn","C_PetMenu.java","aj","CLIENT_PACKET","SOURCEFILE_CONFIRMED"
"aj.bo","C_PickUpItem.java","aj","CLIENT_PACKET","SOURCEFILE_CONFIRMED"
"aj.bp","C_Pledge.java","aj","CLIENT_PACKET","SOURCEFILE_CONFIRMED"
"aj.bq","C_PledgeWatch.java","aj","CLIENT_PACKET","SOURCEFILE_CONFIRMED"
"aj.br","C_Propose.java","aj","CLIENT_PACKET","SOURCEFILE_CONFIRMED"
"aj.bs","C_ProtoBuffers.java","aj","CLIENT_PACKET","SOURCEFILE_CONFIRMED"
"aj.bt","C_Rank.java","aj","CLIENT_PACKET","SOURCEFILE_CONFIRMED"
"aj.bu","C_ReadNews.java","aj","CLIENT_PACKET","SOURCEFILE_CONFIRMED"
"aj.bv","C_Restart.java","aj","CLIENT_PACKET","SOURCEFILE_CONFIRMED"
"aj.bw","C_RestartDead.java","aj","CLIENT_PACKET","SOURCEFILE_CONFIRMED"
"aj.bx","C_Result.java","aj","CLIENT_PACKET","SOURCEFILE_CONFIRMED"
"aj.by","C_SelectTarget.java","aj","CLIENT_PACKET","SOURCEFILE_CONFIRMED"
"aj.bz","C_SendLocation.java","aj","CLIENT_PACKET","SOURCEFILE_CONFIRMED"
"aj.ca","C_ServerVersion.java","aj","CLIENT_PACKET","SOURCEFILE_CONFIRMED"
"aj.cb","C_Shop.java","aj","CLIENT_PACKET","SOURCEFILE_CONFIRMED"
"aj.cc","C_ShopList.java","aj","CLIENT_PACKET","SOURCEFILE_CONFIRMED"
"aj.cd","C_ShopWorld.java","aj","CLIENT_PACKET","SOURCEFILE_CONFIRMED"
"aj.ce","C_SkillBuy.java","aj","CLIENT_PACKET","SOURCEFILE_CONFIRMED"
"aj.cf","C_SkillBuyItem.java","aj","CLIENT_PACKET","SOURCEFILE_CONFIRMED"
"aj.cg","C_SkillBuyItemOK.java","aj","CLIENT_PACKET","SOURCEFILE_CONFIRMED"
"aj.ch","C_SkillBuyOK.java","aj","CLIENT_PACKET","SOURCEFILE_CONFIRMED"
"aj.ci","C_TaxRate.java","aj","CLIENT_PACKET","SOURCEFILE_CONFIRMED"
"aj.cj","C_Teleport.java","aj","CLIENT_PACKET","SOURCEFILE_CONFIRMED"
"aj.ck","C_TeleportUser.java","aj","CLIENT_PACKET","SOURCEFILE_CONFIRMED"
"aj.cl","C_Title.java","aj","CLIENT_PACKET","SOURCEFILE_CONFIRMED"
"aj.cm","C_Trade.java","aj","CLIENT_PACKET","SOURCEFILE_CONFIRMED"
"aj.cn","C_TradeAddItem.java","aj","CLIENT_PACKET","SOURCEFILE_CONFIRMED"
"aj.co","C_TradeCancel.java","aj","CLIENT_PACKET","SOURCEFILE_CONFIRMED"
"aj.cp","C_TradeOK.java","aj","CLIENT_PACKET","SOURCEFILE_CONFIRMED"
"aj.cq","C_UsePetItem.java","aj","CLIENT_PACKET","SOURCEFILE_CONFIRMED"
"aj.cr","C_UseSkill.java","aj","CLIENT_PACKET","SOURCEFILE_CONFIRMED"
"aj.cs","C_War.java","aj","CLIENT_PACKET","SOURCEFILE_CONFIRMED"
"aj.ct","C_WarePassword.java","aj","CLIENT_PACKET","SOURCEFILE_CONFIRMED"
"aj.cu","C_Who.java","aj","CLIENT_PACKET","SOURCEFILE_CONFIRMED"
"aj.cv","ClientBasePacket.java","aj","CLIENT_PACKET","SOURCEFILE_CONFIRMED"
"ak.a","L1Commands.java","ak","COMMAND_ROUTER","SOURCEFILE_CONFIRMED"
"al.a","L1AccountBanKick.java","al","GM_COMMAND","SOURCEFILE_CONFIRMED"
"al.b","L1Action.java","al","GM_COMMAND","SOURCEFILE_CONFIRMED"
"al.c","L1AddSkill.java","al","GM_COMMAND","SOURCEFILE_CONFIRMED"
"al.d","L1Adena.java","al","GM_COMMAND","SOURCEFILE_CONFIRMED"
"al.e","L1AllBuff.java","al","GM_COMMAND","SOURCEFILE_CONFIRMED"
"al.f","L1BanIp.java","al","GM_COMMAND","SOURCEFILE_CONFIRMED"
"al.g","L1Buff.java","al","GM_COMMAND","SOURCEFILE_CONFIRMED"
"al.h","L1CastGfx.java","al","GM_COMMAND","SOURCEFILE_CONFIRMED"
"al.i","L1ChangeWeather.java","al","GM_COMMAND","SOURCEFILE_CONFIRMED"
"al.j","L1Chat.java","al","GM_COMMAND","SOURCEFILE_CONFIRMED"
"al.k","L1ChatNG.java","al","GM_COMMAND","SOURCEFILE_CONFIRMED"
"al.l","L1CommandExecutor.java","al","GM_COMMAND","SOURCEFILE_CONFIRMED"
"al.m","L1CommandHelp.java","al","GM_COMMAND","SOURCEFILE_CONFIRMED"
"al.n","L1CreateItem.java","al","GM_COMMAND","SOURCEFILE_CONFIRMED"
"al.o","L1CreateItemSet.java","al","GM_COMMAND","SOURCEFILE_CONFIRMED"
"al.p","L1DeleteGroundItem.java","al","GM_COMMAND","SOURCEFILE_CONFIRMED"
"al.q","L1Describe.java","al","GM_COMMAND","SOURCEFILE_CONFIRMED"
"al.r","L1Echo.java","al","GM_COMMAND","SOURCEFILE_CONFIRMED"
"al.s","L1Favorite.java","al","GM_COMMAND","SOURCEFILE_CONFIRMED"
"al.t","L1FindInvis.java","al","GM_COMMAND","SOURCEFILE_CONFIRMED"
"al.u","L1GM.java","al","GM_COMMAND","SOURCEFILE_CONFIRMED"
"al.v","L1GMRoom.java","al","GM_COMMAND","SOURCEFILE_CONFIRMED"
"al.w","L1GfxId.java","al","GM_COMMAND","SOURCEFILE_CONFIRMED"
"al.x","L1GfxInvList.java","al","GM_COMMAND","SOURCEFILE_CONFIRMED"
"al.y","L1GfxNpc.java","al","GM_COMMAND","SOURCEFILE_CONFIRMED"
"al.z","L1HomeTown.java","al","GM_COMMAND","SOURCEFILE_CONFIRMED"
"al.aa","L1HpBar.java","al","GM_COMMAND","SOURCEFILE_CONFIRMED"
"al.ab","L1InsertSpawn.java","al","GM_COMMAND","SOURCEFILE_CONFIRMED"
"al.ac","L1InvGfxId.java","al","GM_COMMAND","SOURCEFILE_CONFIRMED"
"al.ad","L1Invisible.java","al","GM_COMMAND","SOURCEFILE_CONFIRMED"
"al.ae","L1Kick.java","al","GM_COMMAND","SOURCEFILE_CONFIRMED"
"al.af","L1Kill.java","al","GM_COMMAND","SOURCEFILE_CONFIRMED"
"al.ag","L1Level.java","al","GM_COMMAND","SOURCEFILE_CONFIRMED"
"al.ah","L1LevelPresent.java","al","GM_COMMAND","SOURCEFILE_CONFIRMED"
"al.ai","L1Loc.java","al","GM_COMMAND","SOURCEFILE_CONFIRMED"
"al.aj","L1MapMove.java","al","GM_COMMAND","SOURCEFILE_CONFIRMED"
"al.ak","L1Move.java","al","GM_COMMAND","SOURCEFILE_CONFIRMED"
"al.al","L1PartyRecall.java","al","GM_COMMAND","SOURCEFILE_CONFIRMED"
"al.am","L1Patrol.java","al","GM_COMMAND","SOURCEFILE_CONFIRMED"
"al.an","L1Poly.java","al","GM_COMMAND","SOURCEFILE_CONFIRMED"
"al.ao","L1PowerKick.java","al","GM_COMMAND","SOURCEFILE_CONFIRMED"
"al.ap","L1Present.java","al","GM_COMMAND","SOURCEFILE_CONFIRMED"
"al.aq","L1Recall.java","al","GM_COMMAND","SOURCEFILE_CONFIRMED"
"al.ar","L1ReloadTrap.java","al","GM_COMMAND","SOURCEFILE_CONFIRMED"
"al.as","L1ResetTrap.java","al","GM_COMMAND","SOURCEFILE_CONFIRMED"
"al.at","L1Ress.java","al","GM_COMMAND","SOURCEFILE_CONFIRMED"
"al.au","L1SKick.java","al","GM_COMMAND","SOURCEFILE_CONFIRMED"
"al.av","L1ShowTrap.java","al","GM_COMMAND","SOURCEFILE_CONFIRMED"
"al.aw","L1Shutdown.java","al","GM_COMMAND","SOURCEFILE_CONFIRMED"
"al.ax","L1SpawnCmd.java","al","GM_COMMAND","SOURCEFILE_CONFIRMED"
"al.ay","L1Speed.java","al","GM_COMMAND","SOURCEFILE_CONFIRMED"
"al.az","L1Status.java","al","GM_COMMAND","SOURCEFILE_CONFIRMED"
"al.ba","L1Summon.java","al","GM_COMMAND","SOURCEFILE_CONFIRMED"
"al.bb","L1Tile.java","al","GM_COMMAND","SOURCEFILE_CONFIRMED"
"al.bc","L1ToPC.java","al","GM_COMMAND","SOURCEFILE_CONFIRMED"
"al.bd","L1ToSpawn.java","al","GM_COMMAND","SOURCEFILE_CONFIRMED"
"al.be","L1Visible.java","al","GM_COMMAND","SOURCEFILE_CONFIRMED"
"al.bf","L1Who.java","al","GM_COMMAND","SOURCEFILE_CONFIRMED"
"am.a","BadNamesList.java","am","DATA_READER","SOURCEFILE_CONFIRMED"
"am.b","ListSprReader.java","am","DATA_READER","SOURCEFILE_CONFIRMED"
"am.c","ListSprReader.java","am","DATA_READER","SOURCEFILE_CONFIRMED"
"am.d","MonsterListReader.java","am","DATA_READER","SOURCEFILE_CONFIRMED"
"an.a","PBMessageALL.java","an","PROTO_MESSAGE","SOURCEFILE_CONFIRMED"
"an.b","PBMessageALL2.java","an","PROTO_MESSAGE","SOURCEFILE_CONFIRMED"
"an.c","PBMessageALL3.java","an","PROTO_MESSAGE","SOURCEFILE_CONFIRMED"
"an.d","PBMessageALL4.java","an","PROTO_MESSAGE","SOURCEFILE_CONFIRMED"
"an.e","PBMessageALL5.java","an","PROTO_MESSAGE","SOURCEFILE_CONFIRMED"
"an.f","PBMessageALL6.java","an","PROTO_MESSAGE","SOURCEFILE_CONFIRMED"
"an.g","PBMessageALL7.java","an","PROTO_MESSAGE","SOURCEFILE_CONFIRMED"
"an.h","PBMessageALL8.java","an","PROTO_MESSAGE","SOURCEFILE_CONFIRMED"
"an.i","PBMessageALL9.java","an","PROTO_MESSAGE","SOURCEFILE_CONFIRMED"
"ao.a","AccountTable.java","ao","DATATABLE","SOURCEFILE_CONFIRMED"
"ao.b","AnnounceTable.java","ao","DATATABLE","SOURCEFILE_CONFIRMED"
"ao.c","ArmorSetTable.java","ao","DATATABLE","SOURCEFILE_CONFIRMED"
"ao.d","BeginnerTable.java","ao","DATATABLE","SOURCEFILE_CONFIRMED"
"ao.e","BossSpawnTable.java","ao","DATATABLE","SOURCEFILE_CONFIRMED"
"ao.f","BuddyTable.java","ao","DATATABLE","SOURCEFILE_CONFIRMED"
"ao.g","CastleTable.java","ao","DATATABLE","SOURCEFILE_CONFIRMED"
"ao.h","CharBuffTable.java","ao","DATATABLE","SOURCEFILE_CONFIRMED"
"ao.i","CharacterConfigTable.java","ao","DATATABLE","SOURCEFILE_CONFIRMED"
"ao.j","CharacterEquipment.java","ao","DATATABLE","SOURCEFILE_CONFIRMED"
"ao.k","CharacterGiftTable.java","ao","DATATABLE","SOURCEFILE_CONFIRMED"
"ao.l","CharacterItemTable.java","ao","DATATABLE","SOURCEFILE_CONFIRMED"
"ao.m","CharacterMobsTable.java","ao","DATATABLE","SOURCEFILE_CONFIRMED"
"ao.n","CharacterMobsWeekTable.java","ao","DATATABLE","SOURCEFILE_CONFIRMED"
"ao.o","CharacterTable.java","ao","DATATABLE","SOURCEFILE_CONFIRMED"
"ao.p","ClanMembersTable.java","ao","DATATABLE","SOURCEFILE_CONFIRMED"
"ao.q","ClanTable.java","ao","DATATABLE","SOURCEFILE_CONFIRMED"
"ao.r","ConfigTable.java","ao","DATATABLE","SOURCEFILE_CONFIRMED"
"ao.s","CraftListTable.java","ao","DATATABLE","SOURCEFILE_CONFIRMED"
"ao.t","DoorTable.java","ao","DATATABLE","SOURCEFILE_CONFIRMED"
"ao.u","DropMapTable.java","ao","DATATABLE","SOURCEFILE_CONFIRMED"
"ao.v","DropTable.java","ao","DATATABLE","SOURCEFILE_CONFIRMED"
"ao.w","ExpTable.java","ao","DATATABLE","SOURCEFILE_CONFIRMED"
"ao.x","FieldSpawnTable.java","ao","DATATABLE","SOURCEFILE_CONFIRMED"
"ao.y","FurnitureSpawnTable.java","ao","DATATABLE","SOURCEFILE_CONFIRMED"
"ao.z","GetBackRestartTable.java","ao","DATATABLE","SOURCEFILE_CONFIRMED"
"ao.aa","HistoryTable.java","ao","DATATABLE","SOURCEFILE_CONFIRMED"
"ao.ab","HouseTable.java","ao","DATATABLE","SOURCEFILE_CONFIRMED"
"ao.ac","HtmlCraftTable.java","ao","DATATABLE","SOURCEFILE_CONFIRMED"
"ao.ad","HtmlTable.java","ao","DATATABLE","SOURCEFILE_CONFIRMED"
"ao.ae","HtmlTeleportTable.java","ao","DATATABLE","SOURCEFILE_CONFIRMED"
"ao.af","InnTable.java","ao","DATATABLE","SOURCEFILE_CONFIRMED"
"ao.ag","IpTable.java","ao","DATATABLE","SOURCEFILE_CONFIRMED"
"ao.ah","ItemTable.java","ao","DATATABLE","SOURCEFILE_CONFIRMED"
"ao.ai","LetterTable.java","ao","DATATABLE","SOURCEFILE_CONFIRMED"
"ao.aj","LightSpawnTable.java","ao","DATATABLE","SOURCEFILE_CONFIRMED"
"ao.ak","LostPowerItemTable.java","ao","DATATABLE","SOURCEFILE_CONFIRMED"
"ao.al","LuckyDrawTable.java","ao","DATATABLE","SOURCEFILE_CONFIRMED"
"ao.am","MagicDollTable.java","ao","DATATABLE","SOURCEFILE_CONFIRMED"
"ao.an","MailTable.java","ao","DATATABLE","SOURCEFILE_CONFIRMED"
"ao.ao","MapsTable.java","ao","DATATABLE","SOURCEFILE_CONFIRMED"
"ao.ap","MobGroupTable.java","ao","DATATABLE","SOURCEFILE_CONFIRMED"
"ao.aq","MobQuestWeekTable.java","ao","DATATABLE","SOURCEFILE_CONFIRMED"
"ao.ar","MobSkillsTable.java","ao","DATATABLE","SOURCEFILE_CONFIRMED"
"ao.as","NpcChatTable.java","ao","DATATABLE","SOURCEFILE_CONFIRMED"
"ao.at","NpcSpawnTable.java","ao","DATATABLE","SOURCEFILE_CONFIRMED"
"ao.au","NpcTable.java","ao","DATATABLE","SOURCEFILE_CONFIRMED"
"ao.av","PetItemTable.java","ao","DATATABLE","SOURCEFILE_CONFIRMED"
"ao.aw","PetTable.java","ao","DATATABLE","SOURCEFILE_CONFIRMED"
"ao.ax","PetTypeTable.java","ao","DATATABLE","SOURCEFILE_CONFIRMED"
"ao.ay","PolyTable.java","ao","DATATABLE","SOURCEFILE_CONFIRMED"
"ao.az","QuestNewTable.java","ao","DATATABLE","SOURCEFILE_CONFIRMED"
"ao.ba","RankingTable.java","ao","DATATABLE","SOURCEFILE_CONFIRMED"
"ao.bb","ResolventTable.java","ao","DATATABLE","SOURCEFILE_CONFIRMED"
"ao.bc","ShopTable.java","ao","DATATABLE","SOURCEFILE_CONFIRMED"
"ao.bd","ShopWorldTable.java","ao","DATATABLE","SOURCEFILE_CONFIRMED"
"ao.be","SkillsTable.java","ao","DATATABLE","SOURCEFILE_CONFIRMED"
"ao.bf","SoulTowerTable.java","ao","DATATABLE","SOURCEFILE_CONFIRMED"
"ao.bg","SpawnTable.java","ao","DATATABLE","SOURCEFILE_CONFIRMED"
"ao.bh","TownTable.java","ao","DATATABLE","SOURCEFILE_CONFIRMED"
"ao.bi","TrapSpawnTable.java","ao","DATATABLE","SOURCEFILE_CONFIRMED"
"ao.bj","TrapTable.java","ao","DATATABLE","SOURCEFILE_CONFIRMED"
"ao.bk","TreasureBoxTable.java","ao","DATATABLE","SOURCEFILE_CONFIRMED"
"ao.bl","WeaponSkillTable.java","ao","DATATABLE","SOURCEFILE_CONFIRMED"
"ap.a","L1AttackerInstance.java","ap","INSTANCE","SOURCEFILE_CONFIRMED"
"ap.b","L1AuctionBoardInstance.java","ap","INSTANCE","SOURCEFILE_CONFIRMED"
"ap.c","L1BoardInstance.java","ap","INSTANCE","SOURCEFILE_CONFIRMED"
"ap.d","L1CrownInstance.java","ap","INSTANCE","SOURCEFILE_CONFIRMED"
"ap.e","L1DollInstance.java","ap","INSTANCE","SOURCEFILE_CONFIRMED"
"ap.f","L1DoorInstance.java","ap","INSTANCE","SOURCEFILE_CONFIRMED"
"ap.g","L1DotaInstance.java","ap","INSTANCE","SOURCEFILE_CONFIRMED"
"ap.h","L1EffectInstance.java","ap","INSTANCE","SOURCEFILE_CONFIRMED"
"ap.i","L1FieldObjectInstance.java","ap","INSTANCE","SOURCEFILE_CONFIRMED"
"ap.j","L1FishInstance.java","ap","INSTANCE","SOURCEFILE_CONFIRMED"
"ap.k","L1FollowerInstance.java","ap","INSTANCE","SOURCEFILE_CONFIRMED"
"ap.l","L1FurnitureInstance.java","ap","INSTANCE","SOURCEFILE_CONFIRMED"
"ap.m","L1GfxInstance.java","ap","INSTANCE","SOURCEFILE_CONFIRMED"
"ap.n","L1GuardInstance.java","ap","INSTANCE","SOURCEFILE_CONFIRMED"
"ap.o","L1GuardianInstance.java","ap","INSTANCE","SOURCEFILE_CONFIRMED"
"ap.p","L1HousekeeperInstance.java","ap","INSTANCE","SOURCEFILE_CONFIRMED"
"ap.q","L1ItemInstance.java","ap","INSTANCE","SOURCEFILE_CONFIRMED"
"ap.r","L1KeeperInstance.java","ap","INSTANCE","SOURCEFILE_CONFIRMED"
"ap.s","L1MonsterInstance.java","ap","INSTANCE","SOURCEFILE_CONFIRMED"
"ap.t","L1NpcInstance.java","ap","INSTANCE","SOURCEFILE_CONFIRMED"
"ap.u","L1PcInstance.java","ap","INSTANCE","SOURCEFILE_CONFIRMED"
"ap.v","L1PetInstance.java","ap","INSTANCE","SOURCEFILE_CONFIRMED"
"ap.w","L1QuestInstance.java","ap","INSTANCE","SOURCEFILE_CONFIRMED"
"ap.x","L1ScarecrowInstance.java","ap","INSTANCE","SOURCEFILE_CONFIRMED"
"ap.y","L1SignboardInstance.java","ap","INSTANCE","SOURCEFILE_CONFIRMED"
"ap.z","L1SummonInstance.java","ap","INSTANCE","SOURCEFILE_CONFIRMED"
"ap.aa","L1TowerInstance.java","ap","INSTANCE","SOURCEFILE_CONFIRMED"
"ap.ab","L1TrapInstance.java","ap","INSTANCE","SOURCEFILE_CONFIRMED"
"aq.a","L1AdenTelData.java","aq","GAME_MODEL","SOURCEFILE_CONFIRMED"
"aq.b","L1Alchemy.java","aq","GAME_MODEL","SOURCEFILE_CONFIRMED"
"aq.c","L1Attack.java","aq","GAME_MODEL","SOURCEFILE_CONFIRMED"
"aq.d","L1Buddy.java","aq","GAME_MODEL","SOURCEFILE_CONFIRMED"
"aq.e","L1CastleLocation.java","aq","GAME_MODEL","SOURCEFILE_CONFIRMED"
"aq.f","L1Character.java","aq","GAME_MODEL","SOURCEFILE_CONFIRMED"
"aq.g","L1Chat.java","aq","GAME_MODEL","SOURCEFILE_CONFIRMED"
"aq.h","L1ChatParty.java","aq","GAME_MODEL","SOURCEFILE_CONFIRMED"
"aq.i","L1Clan.java","aq","GAME_MODEL","SOURCEFILE_CONFIRMED"
"aq.j","L1Cooking.java","aq","GAME_MODEL","SOURCEFILE_CONFIRMED"
"aq.k","L1Craft.java","aq","GAME_MODEL","SOURCEFILE_CONFIRMED"
"aq.l","L1Dungeon.java","aq","GAME_MODEL","SOURCEFILE_CONFIRMED"
"aq.m","L1EquipmentSlot.java","aq","GAME_MODEL","SOURCEFILE_CONFIRMED"
"aq.n","L1ExcludingList.java","aq","GAME_MODEL","SOURCEFILE_CONFIRMED"
"aq.o","L1Getback.java","aq","GAME_MODEL","SOURCEFILE_CONFIRMED"
"aq.p","L1GuardianSoul.java","aq","GAME_MODEL","SOURCEFILE_CONFIRMED"
"aq.q","L1HateList.java","aq","GAME_MODEL","SOURCEFILE_CONFIRMED"
"aq.r","L1HouseLocation.java","aq","GAME_MODEL","SOURCEFILE_CONFIRMED"
"aq.s","L1ItemQuestBuff.java","aq","GAME_MODEL","SOURCEFILE_CONFIRMED"
"aq.t","L1Karma.java","aq","GAME_MODEL","SOURCEFILE_CONFIRMED"
"aq.u","L1Location.java","aq","GAME_MODEL","SOURCEFILE_CONFIRMED"
"aq.v","L1LoginCharList.java","aq","GAME_MODEL","SOURCEFILE_CONFIRMED"
"aq.w","L1Magic.java","aq","GAME_MODEL","SOURCEFILE_CONFIRMED"
"aq.x","L1Master.java","aq","GAME_MODEL","SOURCEFILE_CONFIRMED"
"aq.y","L1MobGroupInfo.java","aq","GAME_MODEL","SOURCEFILE_CONFIRMED"
"aq.z","L1NpcTalkData.java","aq","GAME_MODEL","SOURCEFILE_CONFIRMED"
"aq.aa","L1Object.java","aq","GAME_MODEL","SOURCEFILE_CONFIRMED"
"aq.ab","L1Paralysis.java","aq","GAME_MODEL","SOURCEFILE_CONFIRMED"
"aq.ac","L1Party.java","aq","GAME_MODEL","SOURCEFILE_CONFIRMED"
"aq.ad","L1PinkName.java","aq","GAME_MODEL","SOURCEFILE_CONFIRMED"
"aq.ae","L1PolyMorph.java","aq","GAME_MODEL","SOURCEFILE_CONFIRMED"
"aq.af","L1Quest.java","aq","GAME_MODEL","SOURCEFILE_CONFIRMED"
"aq.ag","L1Spawn.java","aq","GAME_MODEL","SOURCEFILE_CONFIRMED"
"aq.ah","L1SpawnBoss.java","aq","GAME_MODEL","SOURCEFILE_CONFIRMED"
"aq.ai","L1SpawnEffect.java","aq","GAME_MODEL","SOURCEFILE_CONFIRMED"
"aq.aj","L1SpawnWar.java","aq","GAME_MODEL","SOURCEFILE_CONFIRMED"
"aq.ak","L1SpeedChecker.java","aq","GAME_MODEL","SOURCEFILE_CONFIRMED"
"aq.al","L1TaxCalculator.java","aq","GAME_MODEL","SOURCEFILE_CONFIRMED"
"aq.am","L1Teleport.java","aq","GAME_MODEL","SOURCEFILE_CONFIRMED"
"aq.an","L1TownLocation.java","aq","GAME_MODEL","SOURCEFILE_CONFIRMED"
"aq.ao","L1Trade.java","aq","GAME_MODEL","SOURCEFILE_CONFIRMED"
"aq.ap","L1War.java","aq","GAME_MODEL","SOURCEFILE_CONFIRMED"
"aq.aq","L1World.java","aq","GAME_MODEL","SOURCEFILE_CONFIRMED"
"ar.a","L1ClassFeature.java","ar","CLASS_FEATURE","SOURCEFILE_CONFIRMED"
"ar.b","L1DarkElfClassFeature.java","ar","CLASS_FEATURE","SOURCEFILE_CONFIRMED"
"ar.c","L1DragonKnightClassFeature.java","ar","CLASS_FEATURE","SOURCEFILE_CONFIRMED"
"ar.d","L1ElfClassFeature.java","ar","CLASS_FEATURE","SOURCEFILE_CONFIRMED"
"ar.e","L1IllusionistClassFeature.java","ar","CLASS_FEATURE","SOURCEFILE_CONFIRMED"
"ar.f","L1KnightClassFeature.java","ar","CLASS_FEATURE","SOURCEFILE_CONFIRMED"
"ar.g","L1RoyalClassFeature.java","ar","CLASS_FEATURE","SOURCEFILE_CONFIRMED"
"ar.h","L1WarriorClassFeature.java","ar","CLASS_FEATURE","SOURCEFILE_CONFIRMED"
"ar.i","L1WizardClassFeature.java","ar","CLASS_FEATURE","SOURCEFILE_CONFIRMED"
"as.a","L1BugBearRace.java","as","GAME_SYSTEM","SOURCEFILE_CONFIRMED"
"as.b","L1CastleWar.java","as","GAME_SYSTEM","SOURCEFILE_CONFIRMED"
"as.c","L1CentralTemple.java","as","GAME_SYSTEM","SOURCEFILE_CONFIRMED"
"as.d","L1Dragon.java","as","GAME_SYSTEM","SOURCEFILE_CONFIRMED"
"as.e","L1HardinBattle.java","as","GAME_SYSTEM","SOURCEFILE_CONFIRMED"
"as.f","L1IceQueen.java","as","GAME_SYSTEM","SOURCEFILE_CONFIRMED"
"as.g","L1OrimBattle.java","as","GAME_SYSTEM","SOURCEFILE_CONFIRMED"
"as.h","L1SoulStone.java","as","GAME_SYSTEM","SOURCEFILE_CONFIRMED"
"as.i","L1SoulTower.java","as","GAME_SYSTEM","SOURCEFILE_CONFIRMED"
"as.j","L1ThebesBattle.java","as","GAME_SYSTEM","SOURCEFILE_CONFIRMED"
"as.k","L1ValakasLair.java","as","GAME_SYSTEM","SOURCEFILE_CONFIRMED"
"at.a","L1GameTime.java","at","GAME_TIME","SOURCEFILE_CONFIRMED"
"at.b","L1GameTimeAdapter.java","at","GAME_TIME","SOURCEFILE_CONFIRMED"
"at.c","L1GameTimeClock.java","at","GAME_TIME","SOURCEFILE_CONFIRMED"
"at.d","L1GameTimeListener.java","at","GAME_TIME","SOURCEFILE_CONFIRMED"
"au.a","L1AccountInventory.java","au","INVENTORY","SOURCEFILE_CONFIRMED"
"au.b","L1CharInventory.java","au","INVENTORY","SOURCEFILE_CONFIRMED"
"au.c","L1ClanInventory.java","au","INVENTORY","SOURCEFILE_CONFIRMED"
"au.d","L1ElvenInventory.java","au","INVENTORY","SOURCEFILE_CONFIRMED"
"au.e","L1GroundInventory.java","au","INVENTORY","SOURCEFILE_CONFIRMED"
"au.f","L1Inventory.java","au","INVENTORY","SOURCEFILE_CONFIRMED"
"au.g","L1PcInventory.java","au","INVENTORY","SOURCEFILE_CONFIRMED"
"av.a","L1ItemDelay.java","av","ITEM_DELAY","SOURCEFILE_CONFIRMED"
"aw.a","Enchant.java","aw","ITEM_HANDLER","SOURCEFILE_CONFIRMED"
"aw.b","FurnitureItem.java","aw","ITEM_HANDLER","SOURCEFILE_CONFIRMED"
"aw.c","MagicDoll.java","aw","ITEM_HANDLER","SOURCEFILE_CONFIRMED"
"aw.d","Potion.java","aw","ITEM_HANDLER","SOURCEFILE_CONFIRMED"
"ax.a","CachedMapReader.java","ax","MAP","SOURCEFILE_CONFIRMED"
"ax.b","L1Map.java","ax","MAP","SOURCEFILE_CONFIRMED"
"ax.c","L1MapArea.java","ax","MAP","SOURCEFILE_CONFIRMED"
"ax.d","L1WorldMap.java","ax","MAP","SOURCEFILE_CONFIRMED"
"ax.e","MapReader.java","ax","MAP","SOURCEFILE_CONFIRMED"
"ax.f","TextMapReader.java","ax","MAP","SOURCEFILE_CONFIRMED"
"ay.a","L1PcAtkMonitor.java","ay","PC_MONITOR","SOURCEFILE_CONFIRMED"
"ay.b","L1PcAutoUpdate.java","ay","PC_MONITOR","SOURCEFILE_CONFIRMED"
"ay.c","L1PcEinMonitor.java","ay","PC_MONITOR","SOURCEFILE_CONFIRMED"
"ay.d","L1PcExpMonitor.java","ay","PC_MONITOR","SOURCEFILE_CONFIRMED"
"ay.e","L1PcInvisDelay.java","ay","PC_MONITOR","SOURCEFILE_CONFIRMED"
"ay.f","L1PcMonitor.java","ay","PC_MONITOR","SOURCEFILE_CONFIRMED"
"az.a","L1DamagePoison.java","az","POISON","SOURCEFILE_CONFIRMED"
"az.b","L1ParalysisPoison.java","az","POISON","SOURCEFILE_CONFIRMED"
"az.c","L1Poison.java","az","POISON","SOURCEFILE_CONFIRMED"
"az.d","L1SilencePoison.java","az","POISON","SOURCEFILE_CONFIRMED"
"ba.a","AnnounceTimer.java","ba","TIMER","SOURCEFILE_CONFIRMED"
"ba.b","ClearGroundTimer.java","ba","TIMER","SOURCEFILE_CONFIRMED"
"ba.c","ClientAliveTimer.java","ba","TIMER","SOURCEFILE_CONFIRMED"
"ba.d","CurrentTimeReseter.java","ba","TIMER","SOURCEFILE_CONFIRMED"
"ba.e","ElementalStoneTimer.java","ba","TIMER","SOURCEFILE_CONFIRMED"
"ba.f","FieldLightTimer.java","ba","TIMER","SOURCEFILE_CONFIRMED"
"ba.g","HellTimer.java","ba","TIMER","SOURCEFILE_CONFIRMED"
"ba.h","HomeTownTimer.java","ba","TIMER","SOURCEFILE_CONFIRMED"
"ba.i","HouseTimer.java","ba","TIMER","SOURCEFILE_CONFIRMED"
"ba.j","InventoryTimer.java","ba","TIMER","SOURCEFILE_CONFIRMED"
"bb.a","CubeEffectTimer.java","bb","TIMER","SOURCEFILE_CONFIRMED"
"bb.b","NpcChatTimer.java","bb","TIMER","SOURCEFILE_CONFIRMED"
"bc.a","FishingTimer.java","bc","TIMER","SOURCEFILE_CONFIRMED"
"bc.b","HpRegenerationTimer.java","bc","TIMER","SOURCEFILE_CONFIRMED"
"bc.c","MpRegenerationTimer.java","bc","TIMER","SOURCEFILE_CONFIRMED"
"bc.d","ShiftLoginTimer.java","bc","TIMER","SOURCEFILE_CONFIRMED"
"bc.e","WeaponChaserTimer.java","bc","TIMER","SOURCEFILE_CONFIRMED"
"bd.a","L1Trap.java","bd","TRAP","SOURCEFILE_CONFIRMED"
"bd.b","L1DamageTrap.java","bd","TRAP","SOURCEFILE_CONFIRMED"
"bd.c","L1HealingTrap.java","bd","TRAP","SOURCEFILE_CONFIRMED"
"bd.d","L1MonsterTrap.java","bd","TRAP","SOURCEFILE_CONFIRMED"
"bd.e","L1Trap.java","bd","TRAP","SOURCEFILE_CONFIRMED"
"bd.f","L1PoisonTrap.java","bd","TRAP","SOURCEFILE_CONFIRMED"
"bd.g","L1SkillTrap.java","bd","TRAP","SOURCEFILE_CONFIRMED"
"bd.h","L1TeleportTrap.java","bd","TRAP","SOURCEFILE_CONFIRMED"
"bd.i","L1Trap.java","bd","TRAP","SOURCEFILE_CONFIRMED"
"bd.j","TrapStorage.java","bd","TRAP","SOURCEFILE_CONFIRMED"
"be.a","S_Ability.java","be","SERVER_PACKET","SOURCEFILE_CONFIRMED"
"be.b","S_ActiveSpells.java","be","SERVER_PACKET","SOURCEFILE_CONFIRMED"
"be.c","S_AddItem.java","be","SERVER_PACKET","SOURCEFILE_CONFIRMED"
"be.d","S_AddSkill.java","be","SERVER_PACKET","SOURCEFILE_CONFIRMED"
"be.e","S_ApplyAuction.java","be","SERVER_PACKET","SOURCEFILE_CONFIRMED"
"be.f","S_ArcharArrange.java","be","SERVER_PACKET","SOURCEFILE_CONFIRMED"
"be.g","S_AttackPacket.java","be","SERVER_PACKET","SOURCEFILE_CONFIRMED"
"be.h","S_Attribute.java","be","SERVER_PACKET","SOURCEFILE_CONFIRMED"
"be.i","S_AuctionBoard.java","be","SERVER_PACKET","SOURCEFILE_CONFIRMED"
"be.j","S_AuctionBoardRead.java","be","SERVER_PACKET","SOURCEFILE_CONFIRMED"
"be.k","S_Blink.java","be","SERVER_PACKET","SOURCEFILE_CONFIRMED"
"be.l","S_Board.java","be","SERVER_PACKET","SOURCEFILE_CONFIRMED"
"be.m","S_BoardRead.java","be","SERVER_PACKET","SOURCEFILE_CONFIRMED"
"be.n","S_Bookmarks.java","be","SERVER_PACKET","SOURCEFILE_CONFIRMED"
"be.o","S_CastleMaster.java","be","SERVER_PACKET","SOURCEFILE_CONFIRMED"
"be.p","S_ChangeHeading.java","be","SERVER_PACKET","SOURCEFILE_CONFIRMED"
"be.q","S_ChangeLevel.java","be","SERVER_PACKET","SOURCEFILE_CONFIRMED"
"be.r","S_ChangeName.java","be","SERVER_PACKET","SOURCEFILE_CONFIRMED"
"be.s","S_ChangeShape.java","be","SERVER_PACKET","SOURCEFILE_CONFIRMED"
"be.t","S_CharAmount.java","be","SERVER_PACKET","SOURCEFILE_CONFIRMED"
"be.u","S_CharCreateStatus.java","be","SERVER_PACKET","SOURCEFILE_CONFIRMED"
"be.v","S_CharEvent.java","be","SERVER_PACKET","SOURCEFILE_CONFIRMED"
"be.w","S_CharList.java","be","SERVER_PACKET","SOURCEFILE_CONFIRMED"
"be.x","S_CharReset.java","be","SERVER_PACKET","SOURCEFILE_CONFIRMED"
"be.y","S_CharTitle.java","be","SERVER_PACKET","SOURCEFILE_CONFIRMED"
"be.z","S_CharVisualUpdate.java","be","SERVER_PACKET","SOURCEFILE_CONFIRMED"
"be.aa","S_CharacterConfig.java","be","SERVER_PACKET","SOURCEFILE_CONFIRMED"
"be.ab","S_ChatPacket.java","be","SERVER_PACKET","SOURCEFILE_CONFIRMED"
"be.ac","S_ClanName.java","be","SERVER_PACKET","SOURCEFILE_CONFIRMED"
"be.ad","S_CurseBlind.java","be","SERVER_PACKET","SOURCEFILE_CONFIRMED"
"be.ae","S_DelSkill.java","be","SERVER_PACKET","SOURCEFILE_CONFIRMED"
"be.af","S_DeleteCharOK.java","be","SERVER_PACKET","SOURCEFILE_CONFIRMED"
"be.ag","S_DeleteInventoryItem.java","be","SERVER_PACKET","SOURCEFILE_CONFIRMED"
"be.ah","S_Deposit.java","be","SERVER_PACKET","SOURCEFILE_CONFIRMED"
"be.ai","S_Dexup.java","be","SERVER_PACKET","SOURCEFILE_CONFIRMED"
"be.aj","S_Disconnect.java","be","SERVER_PACKET","SOURCEFILE_CONFIRMED"
"be.ak","S_DoActionGFX.java","be","SERVER_PACKET","SOURCEFILE_CONFIRMED"
"be.al","S_DoActionShop.java","be","SERVER_PACKET","SOURCEFILE_CONFIRMED"
"be.am","S_DollPack.java","be","SERVER_PACKET","SOURCEFILE_CONFIRMED"
"be.an","S_DoorPack.java","be","SERVER_PACKET","SOURCEFILE_CONFIRMED"
"be.ao","S_Drawal.java","be","SERVER_PACKET","SOURCEFILE_CONFIRMED"
"be.ap","S_DropItemPack.java","be","SERVER_PACKET","SOURCEFILE_CONFIRMED"
"be.aq","S_EffectLocation.java","be","SERVER_PACKET","SOURCEFILE_CONFIRMED"
"be.ar","S_Emblem.java","be","SERVER_PACKET","SOURCEFILE_CONFIRMED"
"be.as","S_EquipmentSlot.java","be","SERVER_PACKET","SOURCEFILE_CONFIRMED"
"be.at","S_Extended.java","be","SERVER_PACKET","SOURCEFILE_CONFIRMED"
"be.au","S_Fight.java","be","SERVER_PACKET","SOURCEFILE_CONFIRMED"
"be.av","S_Fishing.java","be","SERVER_PACKET","SOURCEFILE_CONFIRMED"
"be.aw","S_FixWeaponList.java","be","SERVER_PACKET","SOURCEFILE_CONFIRMED"
"be.ax","S_FollowerPack.java","be","SERVER_PACKET","SOURCEFILE_CONFIRMED"
"be.ay","S_GameTime.java","be","SERVER_PACKET","SOURCEFILE_CONFIRMED"
"be.az","S_HPMeter.java","be","SERVER_PACKET","SOURCEFILE_CONFIRMED"
"be.ba","S_HPUpdate.java","be","SERVER_PACKET","SOURCEFILE_CONFIRMED"
"be.bb","S_HouseMap.java","be","SERVER_PACKET","SOURCEFILE_CONFIRMED"
"be.bc","S_HowManyKey.java","be","SERVER_PACKET","SOURCEFILE_CONFIRMED"
"be.bd","S_HowManyMake.java","be","SERVER_PACKET","SOURCEFILE_CONFIRMED"
"be.be","S_Html.java","be","SERVER_PACKET","SOURCEFILE_CONFIRMED"
"be.bf","S_IdentifyDesc.java","be","SERVER_PACKET","SOURCEFILE_CONFIRMED"
"be.bg","S_InitAbility.java","be","SERVER_PACKET","SOURCEFILE_CONFIRMED"
"be.bh","S_InvList.java","be","SERVER_PACKET","SOURCEFILE_CONFIRMED"
"be.bi","S_Invis.java","be","SERVER_PACKET","SOURCEFILE_CONFIRMED"
"be.bj","S_ItemAttribute.java","be","SERVER_PACKET","SOURCEFILE_CONFIRMED"
"be.bk","S_ItemColor.java","be","SERVER_PACKET","SOURCEFILE_CONFIRMED"
"be.bl","S_ItemDesc.java","be","SERVER_PACKET","SOURCEFILE_CONFIRMED"
"be.bm","S_ItemName.java","be","SERVER_PACKET","SOURCEFILE_CONFIRMED"
"be.bn","S_Karma.java","be","SERVER_PACKET","SOURCEFILE_CONFIRMED"
"be.bo","S_KeeperPack.java","be","SERVER_PACKET","SOURCEFILE_CONFIRMED"
"be.bp","S_Key.java","be","SERVER_PACKET","SOURCEFILE_CONFIRMED"
"be.bq","S_Lawful.java","be","SERVER_PACKET","SOURCEFILE_CONFIRMED"
"be.br","S_Light.java","be","SERVER_PACKET","SOURCEFILE_CONFIRMED"
"be.bs","S_Liquor.java","be","SERVER_PACKET","SOURCEFILE_CONFIRMED"
"be.bt","S_LoginGame.java","be","SERVER_PACKET","SOURCEFILE_CONFIRMED"
"be.bu","S_LoginResult.java","be","SERVER_PACKET","SOURCEFILE_CONFIRMED"
"be.bv","S_MPUpdate.java","be","SERVER_PACKET","SOURCEFILE_CONFIRMED"
"be.bw","S_Mail.java","be","SERVER_PACKET","SOURCEFILE_CONFIRMED"
"be.bx","S_MapID.java","be","SERVER_PACKET","SOURCEFILE_CONFIRMED"
"be.by","S_MercenaryArrange.java","be","SERVER_PACKET","SOURCEFILE_CONFIRMED"
"be.bz","S_MercenaryEmpoly.java","be","SERVER_PACKET","SOURCEFILE_CONFIRMED"
"be.ca","S_Message_YN.java","be","SERVER_PACKET","SOURCEFILE_CONFIRMED"
"be.cb","S_MoveCharPacket.java","be","SERVER_PACKET","SOURCEFILE_CONFIRMED"
"be.cc","S_NPCPack.java","be","SERVER_PACKET","SOURCEFILE_CONFIRMED"
"be.cd","S_NewCharPacket.java","be","SERVER_PACKET","SOURCEFILE_CONFIRMED"
"be.ce","S_News.java","be","SERVER_PACKET","SOURCEFILE_CONFIRMED"
"be.cf","S_NpcChangeShape.java","be","SERVER_PACKET","SOURCEFILE_CONFIRMED"
"be.cg","S_NpcChatPacket.java","be","SERVER_PACKET","SOURCEFILE_CONFIRMED"
"be.ch","S_OtherCharPacks.java","be","SERVER_PACKET","SOURCEFILE_CONFIRMED"
"be.ci","S_OwnCharAttrDef.java","be","SERVER_PACKET","SOURCEFILE_CONFIRMED"
"be.cj","S_OwnCharPack.java","be","SERVER_PACKET","SOURCEFILE_CONFIRMED"
"be.ck","S_OwnCharStatus.java","be","SERVER_PACKET","SOURCEFILE_CONFIRMED"
"be.cl","S_OwnCharStatus2.java","be","SERVER_PACKET","SOURCEFILE_CONFIRMED"
"be.cm","S_PacketBox.java","be","SERVER_PACKET","SOURCEFILE_CONFIRMED"
"be.cn","S_Paralysis.java","be","SERVER_PACKET","SOURCEFILE_CONFIRMED"
"be.co","S_Party.java","be","SERVER_PACKET","SOURCEFILE_CONFIRMED"
"be.cp","S_PetCtrlMenu.java","be","SERVER_PACKET","SOURCEFILE_CONFIRMED"
"be.cq","S_PetEquipment.java","be","SERVER_PACKET","SOURCEFILE_CONFIRMED"
"be.cr","S_PetInventory.java","be","SERVER_PACKET","SOURCEFILE_CONFIRMED"
"be.cs","S_PetList.java","be","SERVER_PACKET","SOURCEFILE_CONFIRMED"
"be.ct","S_PetMenuPacket.java","be","SERVER_PACKET","SOURCEFILE_CONFIRMED"
"be.cu","S_PetPack.java","be","SERVER_PACKET","SOURCEFILE_CONFIRMED"
"be.cv","S_PinkName.java","be","SERVER_PACKET","SOURCEFILE_CONFIRMED"
"be.cw","S_Pledge.java","be","SERVER_PACKET","SOURCEFILE_CONFIRMED"
"be.cx","S_PledgeWarehouseHistory.java","be","SERVER_PACKET","SOURCEFILE_CONFIRMED"
"be.cy","S_PledgeWatch.java","be","SERVER_PACKET","SOURCEFILE_CONFIRMED"
"be.cz","S_Poison.java","be","SERVER_PACKET","SOURCEFILE_CONFIRMED"
"be.da","S_Portal.java","be","SERVER_PACKET","SOURCEFILE_CONFIRMED"
"be.db","S_PrivateShop.java","be","SERVER_PACKET","SOURCEFILE_CONFIRMED"
"be.dc","S_ProtoBuffers.java","be","SERVER_PACKET","SOURCEFILE_CONFIRMED"
"be.dd","S_Race.java","be","SERVER_PACKET","SOURCEFILE_CONFIRMED"
"be.de","S_RangeSkill.java","be","SERVER_PACKET","SOURCEFILE_CONFIRMED"
"be.df","S_Rank.java","be","SERVER_PACKET","SOURCEFILE_CONFIRMED"
"be.dg","S_RedMessage.java","be","SERVER_PACKET","SOURCEFILE_CONFIRMED"
"be.dh","S_RemoveObject.java","be","SERVER_PACKET","SOURCEFILE_CONFIRMED"
"be.di","S_Resurrection.java","be","SERVER_PACKET","SOURCEFILE_CONFIRMED"
"be.dj","S_RetrieveList.java","be","SERVER_PACKET","SOURCEFILE_CONFIRMED"
"be.dk","S_RetrieveListChar.java","be","SERVER_PACKET","SOURCEFILE_CONFIRMED"
"be.dl","S_RetrieveListClan.java","be","SERVER_PACKET","SOURCEFILE_CONFIRMED"
"be.dm","S_RetrieveListElven.java","be","SERVER_PACKET","SOURCEFILE_CONFIRMED"
"be.dn","S_RuneSlot.java","be","SERVER_PACKET","SOURCEFILE_CONFIRMED"
"be.do","S_SPMR.java","be","SERVER_PACKET","SOURCEFILE_CONFIRMED"
"be.dp","S_SelectTarget.java","be","SERVER_PACKET","SOURCEFILE_CONFIRMED"
"be.dq","S_SellHouse.java","be","SERVER_PACKET","SOURCEFILE_CONFIRMED"
"be.dr","S_SendLocation.java","be","SERVER_PACKET","SOURCEFILE_CONFIRMED"
"be.ds","S_ServerMessage.java","be","SERVER_PACKET","SOURCEFILE_CONFIRMED"
"be.dt","S_ServerVersion.java","be","SERVER_PACKET","SOURCEFILE_CONFIRMED"
"be.du","S_ShopBuyList.java","be","SERVER_PACKET","SOURCEFILE_CONFIRMED"
"be.dv","S_ShopSellList.java","be","SERVER_PACKET","SOURCEFILE_CONFIRMED"
"be.dw","S_SignboardPack.java","be","SERVER_PACKET","SOURCEFILE_CONFIRMED"
"be.dx","S_SkillBrave.java","be","SERVER_PACKET","SOURCEFILE_CONFIRMED"
"be.dy","S_SkillBuy.java","be","SERVER_PACKET","SOURCEFILE_CONFIRMED"
"be.dz","S_SkillBuyItem.java","be","SERVER_PACKET","SOURCEFILE_CONFIRMED"
"be.ea","S_SkillHaste.java","be","SERVER_PACKET","SOURCEFILE_CONFIRMED"
"be.eb","S_SkillIconAura.java","be","SERVER_PACKET","SOURCEFILE_CONFIRMED"
"be.ec","S_SkillIconBlessOfEva.java","be","SERVER_PACKET","SOURCEFILE_CONFIRMED"
"be.ed","S_SkillIconShield.java","be","SERVER_PACKET","SOURCEFILE_CONFIRMED"
"be.ee","S_SkillSound.java","be","SERVER_PACKET","SOURCEFILE_CONFIRMED"
"be.ef","S_Sound.java","be","SERVER_PACKET","SOURCEFILE_CONFIRMED"
"be.eg","S_Strup.java","be","SERVER_PACKET","SOURCEFILE_CONFIRMED"
"be.eh","S_SummonPack.java","be","SERVER_PACKET","SOURCEFILE_CONFIRMED"
"be.ei","S_SystemMessage.java","be","SERVER_PACKET","SOURCEFILE_CONFIRMED"
"be.ej","S_TaxRate.java","be","SERVER_PACKET","SOURCEFILE_CONFIRMED"
"be.ek","S_Teleport.java","be","SERVER_PACKET","SOURCEFILE_CONFIRMED"
"be.el","S_Trade.java","be","SERVER_PACKET","SOURCEFILE_CONFIRMED"
"be.em","S_TradeAddItem.java","be","SERVER_PACKET","SOURCEFILE_CONFIRMED"
"be.en","S_TradeStatus.java","be","SERVER_PACKET","SOURCEFILE_CONFIRMED"
"be.eo","S_TrapPack.java","be","SERVER_PACKET","SOURCEFILE_CONFIRMED"
"be.ep","S_TrueTarget.java","be","SERVER_PACKET","SOURCEFILE_CONFIRMED"
"be.eq","S_War.java","be","SERVER_PACKET","SOURCEFILE_CONFIRMED"
"be.er","S_WarTime.java","be","SERVER_PACKET","SOURCEFILE_CONFIRMED"
"be.es","S_Weather.java","be","SERVER_PACKET","SOURCEFILE_CONFIRMED"
"be.et","S_WhoCharinfo.java","be","SERVER_PACKET","SOURCEFILE_CONFIRMED"
"be.eu","ServerBasePacket.java","be","SERVER_PACKET","SOURCEFILE_CONFIRMED"
"bf.a","L1SkillExecutor.java","bf","SKILL_EXECUTOR","SOURCEFILE_CONFIRMED"
"bf.b","S_000.java","bf","SKILL_EXECUTOR","SOURCEFILE_CONFIRMED"
"bf.c","S_001.java","bf","SKILL_EXECUTOR","SOURCEFILE_CONFIRMED"
"bf.d","S_002.java","bf","SKILL_EXECUTOR","SOURCEFILE_CONFIRMED"
"bf.e","S_003.java","bf","SKILL_EXECUTOR","SOURCEFILE_CONFIRMED"
"bf.f","S_004.java","bf","SKILL_EXECUTOR","SOURCEFILE_CONFIRMED"
"bf.g","S_005.java","bf","SKILL_EXECUTOR","SOURCEFILE_CONFIRMED"
"bf.h","S_006.java","bf","SKILL_EXECUTOR","SOURCEFILE_CONFIRMED"
"bf.i","S_007.java","bf","SKILL_EXECUTOR","SOURCEFILE_CONFIRMED"
"bf.j","S_008.java","bf","SKILL_EXECUTOR","SOURCEFILE_CONFIRMED"
"bf.k","S_009.java","bf","SKILL_EXECUTOR","SOURCEFILE_CONFIRMED"
"bf.l","S_010.java","bf","SKILL_EXECUTOR","SOURCEFILE_CONFIRMED"
"bf.m","S_011.java","bf","SKILL_EXECUTOR","SOURCEFILE_CONFIRMED"
"bf.n","S_012.java","bf","SKILL_EXECUTOR","SOURCEFILE_CONFIRMED"
"bf.o","S_013.java","bf","SKILL_EXECUTOR","SOURCEFILE_CONFIRMED"
"bf.p","S_014.java","bf","SKILL_EXECUTOR","SOURCEFILE_CONFIRMED"
"bf.q","S_015.java","bf","SKILL_EXECUTOR","SOURCEFILE_CONFIRMED"
"bf.r","S_016.java","bf","SKILL_EXECUTOR","SOURCEFILE_CONFIRMED"
"bf.s","S_017.java","bf","SKILL_EXECUTOR","SOURCEFILE_CONFIRMED"
"bf.t","S_018.java","bf","SKILL_EXECUTOR","SOURCEFILE_CONFIRMED"
"bf.u","S_019.java","bf","SKILL_EXECUTOR","SOURCEFILE_CONFIRMED"
"bf.v","S_020.java","bf","SKILL_EXECUTOR","SOURCEFILE_CONFIRMED"
"bf.w","S_021.java","bf","SKILL_EXECUTOR","SOURCEFILE_CONFIRMED"
"bf.x","S_022.java","bf","SKILL_EXECUTOR","SOURCEFILE_CONFIRMED"
"bf.y","S_023.java","bf","SKILL_EXECUTOR","SOURCEFILE_CONFIRMED"
"bf.z","S_025.java","bf","SKILL_EXECUTOR","SOURCEFILE_CONFIRMED"
"bf.aa","S_026.java","bf","SKILL_EXECUTOR","SOURCEFILE_CONFIRMED"
"bf.ab","S_027.java","bf","SKILL_EXECUTOR","SOURCEFILE_CONFIRMED"
"bf.ac","S_028.java","bf","SKILL_EXECUTOR","SOURCEFILE_CONFIRMED"
"bf.ad","S_029.java","bf","SKILL_EXECUTOR","SOURCEFILE_CONFIRMED"
"bf.ae","S_030.java","bf","SKILL_EXECUTOR","SOURCEFILE_CONFIRMED"
"bf.af","S_031.java","bf","SKILL_EXECUTOR","SOURCEFILE_CONFIRMED"
"bf.ag","S_032.java","bf","SKILL_EXECUTOR","SOURCEFILE_CONFIRMED"
"bf.ah","S_033.java","bf","SKILL_EXECUTOR","SOURCEFILE_CONFIRMED"
"bf.ai","S_034.java","bf","SKILL_EXECUTOR","SOURCEFILE_CONFIRMED"
"bf.aj","S_035.java","bf","SKILL_EXECUTOR","SOURCEFILE_CONFIRMED"
"bf.ak","S_036.java","bf","SKILL_EXECUTOR","SOURCEFILE_CONFIRMED"
"bf.al","S_037.java","bf","SKILL_EXECUTOR","SOURCEFILE_CONFIRMED"
"bf.am","S_038.java","bf","SKILL_EXECUTOR","SOURCEFILE_CONFIRMED"
"bf.an","S_039.java","bf","SKILL_EXECUTOR","SOURCEFILE_CONFIRMED"
"bf.ao","S_040.java","bf","SKILL_EXECUTOR","SOURCEFILE_CONFIRMED"
"bf.ap","S_041.java","bf","SKILL_EXECUTOR","SOURCEFILE_CONFIRMED"
"bf.aq","S_042.java","bf","SKILL_EXECUTOR","SOURCEFILE_CONFIRMED"
"bf.ar","S_043.java","bf","SKILL_EXECUTOR","SOURCEFILE_CONFIRMED"
"bf.as","S_044.java","bf","SKILL_EXECUTOR","SOURCEFILE_CONFIRMED"
"bf.at","S_045.java","bf","SKILL_EXECUTOR","SOURCEFILE_CONFIRMED"
"bf.au","S_046.java","bf","SKILL_EXECUTOR","SOURCEFILE_CONFIRMED"
"bf.av","S_047.java","bf","SKILL_EXECUTOR","SOURCEFILE_CONFIRMED"
"bf.aw","S_048.java","bf","SKILL_EXECUTOR","SOURCEFILE_CONFIRMED"
"bf.ax","S_049.java","bf","SKILL_EXECUTOR","SOURCEFILE_CONFIRMED"
"bf.ay","S_050.java","bf","SKILL_EXECUTOR","SOURCEFILE_CONFIRMED"
"bf.az","S_051.java","bf","SKILL_EXECUTOR","SOURCEFILE_CONFIRMED"
"bf.ba","S_052.java","bf","SKILL_EXECUTOR","SOURCEFILE_CONFIRMED"
"bf.bb","S_053.java","bf","SKILL_EXECUTOR","SOURCEFILE_CONFIRMED"
"bf.bc","S_054.java","bf","SKILL_EXECUTOR","SOURCEFILE_CONFIRMED"
"bf.bd","S_055.java","bf","SKILL_EXECUTOR","SOURCEFILE_CONFIRMED"
"bf.be","S_056.java","bf","SKILL_EXECUTOR","SOURCEFILE_CONFIRMED"
"bf.bf","S_057.java","bf","SKILL_EXECUTOR","SOURCEFILE_CONFIRMED"
"bf.bg","S_058.java","bf","SKILL_EXECUTOR","SOURCEFILE_CONFIRMED"
"bf.bh","S_059.java","bf","SKILL_EXECUTOR","SOURCEFILE_CONFIRMED"
"bf.bi","S_060.java","bf","SKILL_EXECUTOR","SOURCEFILE_CONFIRMED"
"bf.bj","S_061.java","bf","SKILL_EXECUTOR","SOURCEFILE_CONFIRMED"
"bf.bk","S_062.java","bf","SKILL_EXECUTOR","SOURCEFILE_CONFIRMED"
"bf.bl","S_063.java","bf","SKILL_EXECUTOR","SOURCEFILE_CONFIRMED"
"bf.bm","S_064.java","bf","SKILL_EXECUTOR","SOURCEFILE_CONFIRMED"
"bf.bn","S_065.java","bf","SKILL_EXECUTOR","SOURCEFILE_CONFIRMED"
"bf.bo","S_066.java","bf","SKILL_EXECUTOR","SOURCEFILE_CONFIRMED"
"bf.bp","S_067.java","bf","SKILL_EXECUTOR","SOURCEFILE_CONFIRMED"
"bf.bq","S_068.java","bf","SKILL_EXECUTOR","SOURCEFILE_CONFIRMED"
"bf.br","S_069.java","bf","SKILL_EXECUTOR","SOURCEFILE_CONFIRMED"
"bf.bs","S_070.java","bf","SKILL_EXECUTOR","SOURCEFILE_CONFIRMED"
"bf.bt","S_071.java","bf","SKILL_EXECUTOR","SOURCEFILE_CONFIRMED"
"bf.bu","S_072.java","bf","SKILL_EXECUTOR","SOURCEFILE_CONFIRMED"
"bf.bv","S_073.java","bf","SKILL_EXECUTOR","SOURCEFILE_CONFIRMED"
"bf.bw","S_074.java","bf","SKILL_EXECUTOR","SOURCEFILE_CONFIRMED"
"bf.bx","S_075.java","bf","SKILL_EXECUTOR","SOURCEFILE_CONFIRMED"
"bf.by","S_076.java","bf","SKILL_EXECUTOR","SOURCEFILE_CONFIRMED"
"bf.bz","S_077.java","bf","SKILL_EXECUTOR","SOURCEFILE_CONFIRMED"
"bf.ca","S_078.java","bf","SKILL_EXECUTOR","SOURCEFILE_CONFIRMED"
"bf.cb","S_079.java","bf","SKILL_EXECUTOR","SOURCEFILE_CONFIRMED"
"bf.cc","S_080.java","bf","SKILL_EXECUTOR","SOURCEFILE_CONFIRMED"
"bf.cd","S_087.java","bf","SKILL_EXECUTOR","SOURCEFILE_CONFIRMED"
"bf.ce","S_088.java","bf","SKILL_EXECUTOR","SOURCEFILE_CONFIRMED"
"bf.cf","S_089.java","bf","SKILL_EXECUTOR","SOURCEFILE_CONFIRMED"
"bf.cg","S_090.java","bf","SKILL_EXECUTOR","SOURCEFILE_CONFIRMED"
"bf.ch","S_091.java","bf","SKILL_EXECUTOR","SOURCEFILE_CONFIRMED"
"bf.ci","S_092.java","bf","SKILL_EXECUTOR","SOURCEFILE_CONFIRMED"
"bf.cj","S_097.java","bf","SKILL_EXECUTOR","SOURCEFILE_CONFIRMED"
"bf.ck","S_098.java","bf","SKILL_EXECUTOR","SOURCEFILE_CONFIRMED"
"bf.cl","S_099.java","bf","SKILL_EXECUTOR","SOURCEFILE_CONFIRMED"
"bf.cm","S_100.java","bf","SKILL_EXECUTOR","SOURCEFILE_CONFIRMED"
"bf.cn","S_101.java","bf","SKILL_EXECUTOR","SOURCEFILE_CONFIRMED"
"bf.co","S_102.java","bf","SKILL_EXECUTOR","SOURCEFILE_CONFIRMED"
"bf.cp","S_103.java","bf","SKILL_EXECUTOR","SOURCEFILE_CONFIRMED"
"bf.cq","S_104.java","bf","SKILL_EXECUTOR","SOURCEFILE_CONFIRMED"
"bf.cr","S_105.java","bf","SKILL_EXECUTOR","SOURCEFILE_CONFIRMED"
"bf.cs","S_106.java","bf","SKILL_EXECUTOR","SOURCEFILE_CONFIRMED"
"bf.ct","S_107.java","bf","SKILL_EXECUTOR","SOURCEFILE_CONFIRMED"
"bf.cu","S_108.java","bf","SKILL_EXECUTOR","SOURCEFILE_CONFIRMED"
"bf.cv","S_109.java","bf","SKILL_EXECUTOR","SOURCEFILE_CONFIRMED"
"bf.cw","S_110.java","bf","SKILL_EXECUTOR","SOURCEFILE_CONFIRMED"
"bf.cx","S_111.java","bf","SKILL_EXECUTOR","SOURCEFILE_CONFIRMED"
"bf.cy","S_112.java","bf","SKILL_EXECUTOR","SOURCEFILE_CONFIRMED"
"bf.cz","S_113.java","bf","SKILL_EXECUTOR","SOURCEFILE_CONFIRMED"
"bf.da","S_114.java","bf","SKILL_EXECUTOR","SOURCEFILE_CONFIRMED"
"bf.db","S_115.java","bf","SKILL_EXECUTOR","SOURCEFILE_CONFIRMED"
"bf.dc","S_116.java","bf","SKILL_EXECUTOR","SOURCEFILE_CONFIRMED"
"bf.dd","S_117.java","bf","SKILL_EXECUTOR","SOURCEFILE_CONFIRMED"
"bf.de","S_118.java","bf","SKILL_EXECUTOR","SOURCEFILE_CONFIRMED"
"bf.df","S_119.java","bf","SKILL_EXECUTOR","SOURCEFILE_CONFIRMED"
"bf.dg","S_120.java","bf","SKILL_EXECUTOR","SOURCEFILE_CONFIRMED"
"bf.dh","S_121.java","bf","SKILL_EXECUTOR","SOURCEFILE_CONFIRMED"
"bf.di","S_122.java","bf","SKILL_EXECUTOR","SOURCEFILE_CONFIRMED"
"bf.dj","S_129.java","bf","SKILL_EXECUTOR","SOURCEFILE_CONFIRMED"
"bf.dk","S_130.java","bf","SKILL_EXECUTOR","SOURCEFILE_CONFIRMED"
"bf.dl","S_131.java","bf","SKILL_EXECUTOR","SOURCEFILE_CONFIRMED"
"bf.dm","S_132.java","bf","SKILL_EXECUTOR","SOURCEFILE_CONFIRMED"
"bf.dn","S_133.java","bf","SKILL_EXECUTOR","SOURCEFILE_CONFIRMED"
"bf.do","S_134.java","bf","SKILL_EXECUTOR","SOURCEFILE_CONFIRMED"
"bf.dp","S_135.java","bf","SKILL_EXECUTOR","SOURCEFILE_CONFIRMED"
"bf.dq","S_137.java","bf","SKILL_EXECUTOR","SOURCEFILE_CONFIRMED"
"bf.dr","S_138.java","bf","SKILL_EXECUTOR","SOURCEFILE_CONFIRMED"
"bf.ds","S_145.java","bf","SKILL_EXECUTOR","SOURCEFILE_CONFIRMED"
"bf.dt","S_146.java","bf","SKILL_EXECUTOR","SOURCEFILE_CONFIRMED"
"bf.du","S_147.java","bf","SKILL_EXECUTOR","SOURCEFILE_CONFIRMED"
"bf.dv","S_148.java","bf","SKILL_EXECUTOR","SOURCEFILE_CONFIRMED"
"bf.dw","S_149.java","bf","SKILL_EXECUTOR","SOURCEFILE_CONFIRMED"
"bf.dx","S_150.java","bf","SKILL_EXECUTOR","SOURCEFILE_CONFIRMED"
"bf.dy","S_151.java","bf","SKILL_EXECUTOR","SOURCEFILE_CONFIRMED"
"bf.dz","S_152.java","bf","SKILL_EXECUTOR","SOURCEFILE_CONFIRMED"
"bf.ea","S_153.java","bf","SKILL_EXECUTOR","SOURCEFILE_CONFIRMED"
"bf.eb","S_154.java","bf","SKILL_EXECUTOR","SOURCEFILE_CONFIRMED"
"bf.ec","S_155.java","bf","SKILL_EXECUTOR","SOURCEFILE_CONFIRMED"
"bf.ed","S_156.java","bf","SKILL_EXECUTOR","SOURCEFILE_CONFIRMED"
"bf.ee","S_157.java","bf","SKILL_EXECUTOR","SOURCEFILE_CONFIRMED"
"bf.ef","S_158.java","bf","SKILL_EXECUTOR","SOURCEFILE_CONFIRMED"
"bf.eg","S_159.java","bf","SKILL_EXECUTOR","SOURCEFILE_CONFIRMED"
"bf.eh","S_160.java","bf","SKILL_EXECUTOR","SOURCEFILE_CONFIRMED"
"bf.ei","S_161.java","bf","SKILL_EXECUTOR","SOURCEFILE_CONFIRMED"
"bf.ej","S_162.java","bf","SKILL_EXECUTOR","SOURCEFILE_CONFIRMED"
"bf.ek","S_163.java","bf","SKILL_EXECUTOR","SOURCEFILE_CONFIRMED"
"bf.el","S_164.java","bf","SKILL_EXECUTOR","SOURCEFILE_CONFIRMED"
"bf.em","S_165.java","bf","SKILL_EXECUTOR","SOURCEFILE_CONFIRMED"
"bf.en","S_166.java","bf","SKILL_EXECUTOR","SOURCEFILE_CONFIRMED"
"bf.eo","S_167.java","bf","SKILL_EXECUTOR","SOURCEFILE_CONFIRMED"
"bf.ep","S_168.java","bf","SKILL_EXECUTOR","SOURCEFILE_CONFIRMED"
"bf.eq","S_169.java","bf","SKILL_EXECUTOR","SOURCEFILE_CONFIRMED"
"bf.er","S_170.java","bf","SKILL_EXECUTOR","SOURCEFILE_CONFIRMED"
"bf.es","S_171.java","bf","SKILL_EXECUTOR","SOURCEFILE_CONFIRMED"
"bf.et","S_172.java","bf","SKILL_EXECUTOR","SOURCEFILE_CONFIRMED"
"bf.eu","S_173.java","bf","SKILL_EXECUTOR","SOURCEFILE_CONFIRMED"
"bf.ev","S_174.java","bf","SKILL_EXECUTOR","SOURCEFILE_CONFIRMED"
"bf.ew","S_175.java","bf","SKILL_EXECUTOR","SOURCEFILE_CONFIRMED"
"bf.ex","S_176.java","bf","SKILL_EXECUTOR","SOURCEFILE_CONFIRMED"
"bf.ey","S_181.java","bf","SKILL_EXECUTOR","SOURCEFILE_CONFIRMED"
"bf.ez","S_182.java","bf","SKILL_EXECUTOR","SOURCEFILE_CONFIRMED"
"bf.fa","S_183.java","bf","SKILL_EXECUTOR","SOURCEFILE_CONFIRMED"
"bf.fb","S_184.java","bf","SKILL_EXECUTOR","SOURCEFILE_CONFIRMED"
"bf.fc","S_185.java","bf","SKILL_EXECUTOR","SOURCEFILE_CONFIRMED"
"bf.fd","S_186.java","bf","SKILL_EXECUTOR","SOURCEFILE_CONFIRMED"
"bf.fe","S_187.java","bf","SKILL_EXECUTOR","SOURCEFILE_CONFIRMED"
"bf.ff","S_188.java","bf","SKILL_EXECUTOR","SOURCEFILE_CONFIRMED"
"bf.fg","S_189.java","bf","SKILL_EXECUTOR","SOURCEFILE_CONFIRMED"
"bf.fh","S_190.java","bf","SKILL_EXECUTOR","SOURCEFILE_CONFIRMED"
"bf.fi","S_191.java","bf","SKILL_EXECUTOR","SOURCEFILE_CONFIRMED"
"bf.fj","S_192.java","bf","SKILL_EXECUTOR","SOURCEFILE_CONFIRMED"
"bf.fk","S_193.java","bf","SKILL_EXECUTOR","SOURCEFILE_CONFIRMED"
"bf.fl","S_194.java","bf","SKILL_EXECUTOR","SOURCEFILE_CONFIRMED"
"bf.fm","S_195.java","bf","SKILL_EXECUTOR","SOURCEFILE_CONFIRMED"
"bf.fn","S_196.java","bf","SKILL_EXECUTOR","SOURCEFILE_CONFIRMED"
"bf.fo","S_201.java","bf","SKILL_EXECUTOR","SOURCEFILE_CONFIRMED"
"bf.fp","S_202.java","bf","SKILL_EXECUTOR","SOURCEFILE_CONFIRMED"
"bf.fq","S_203.java","bf","SKILL_EXECUTOR","SOURCEFILE_CONFIRMED"
"bf.fr","S_204.java","bf","SKILL_EXECUTOR","SOURCEFILE_CONFIRMED"
"bf.fs","S_205.java","bf","SKILL_EXECUTOR","SOURCEFILE_CONFIRMED"
"bf.ft","S_206.java","bf","SKILL_EXECUTOR","SOURCEFILE_CONFIRMED"
"bf.fu","S_207.java","bf","SKILL_EXECUTOR","SOURCEFILE_CONFIRMED"
"bf.fv","S_208.java","bf","SKILL_EXECUTOR","SOURCEFILE_CONFIRMED"
"bf.fw","S_209.java","bf","SKILL_EXECUTOR","SOURCEFILE_CONFIRMED"
"bf.fx","S_210.java","bf","SKILL_EXECUTOR","SOURCEFILE_CONFIRMED"
"bf.fy","S_211.java","bf","SKILL_EXECUTOR","SOURCEFILE_CONFIRMED"
"bf.fz","S_212.java","bf","SKILL_EXECUTOR","SOURCEFILE_CONFIRMED"
"bf.ga","S_213.java","bf","SKILL_EXECUTOR","SOURCEFILE_CONFIRMED"
"bf.gb","S_214.java","bf","SKILL_EXECUTOR","SOURCEFILE_CONFIRMED"
"bf.gc","S_215.java","bf","SKILL_EXECUTOR","SOURCEFILE_CONFIRMED"
"bf.gd","S_216.java","bf","SKILL_EXECUTOR","SOURCEFILE_CONFIRMED"
"bf.ge","S_217.java","bf","SKILL_EXECUTOR","SOURCEFILE_CONFIRMED"
"bf.gf","S_218.java","bf","SKILL_EXECUTOR","SOURCEFILE_CONFIRMED"
"bf.gg","S_219.java","bf","SKILL_EXECUTOR","SOURCEFILE_CONFIRMED"
"bf.gh","S_220.java","bf","SKILL_EXECUTOR","SOURCEFILE_CONFIRMED"
"bf.gi","S_222.java","bf","SKILL_EXECUTOR","SOURCEFILE_CONFIRMED"
"bf.gj","S_225.java","bf","SKILL_EXECUTOR","SOURCEFILE_CONFIRMED"
"bf.gk","S_226.java","bf","SKILL_EXECUTOR","SOURCEFILE_CONFIRMED"
"bf.gl","S_228.java","bf","SKILL_EXECUTOR","SOURCEFILE_CONFIRMED"
"bf.gm","S_229.java","bf","SKILL_EXECUTOR","SOURCEFILE_CONFIRMED"
"bf.gn","S_230.java","bf","SKILL_EXECUTOR","SOURCEFILE_CONFIRMED"
"bf.go","S_231.java","bf","SKILL_EXECUTOR","SOURCEFILE_CONFIRMED"
"bf.gp","S_233.java","bf","SKILL_EXECUTOR","SOURCEFILE_CONFIRMED"
"bg.a","L1SkillDelay.java","bg","SKILL_CORE","SOURCEFILE_CONFIRMED"
"bg.b","L1SkillId.java","bg","SKILL_CORE","SOURCEFILE_CONFIRMED"
"bg.c","L1SkillTimer.java","bg","SKILL_CORE","SOURCEFILE_CONFIRMED"
"bg.d","L1SkillTimer.java","bg","SKILL_CORE","SOURCEFILE_CONFIRMED"
"bg.e","L1SkillTimerCreator.java","bg","SKILL_CORE","SOURCEFILE_CONFIRMED"
"bg.f","L1SkillTimer.java","bg","SKILL_CORE","SOURCEFILE_CONFIRMED"
"bh.a","L1Account.java","bh","TEMPLATE","SOURCEFILE_CONFIRMED"
"bh.b","L1BoardTopic.java","bh","TEMPLATE","SOURCEFILE_CONFIRMED"
"bh.c","L1BookMark.java","bh","TEMPLATE","SOURCEFILE_CONFIRMED"
"bh.d","L1Castle.java","bh","TEMPLATE","SOURCEFILE_CONFIRMED"
"bh.e","L1Command.java","bh","TEMPLATE","SOURCEFILE_CONFIRMED"
"bh.f","L1DoorGfx.java","bh","TEMPLATE","SOURCEFILE_CONFIRMED"
"bh.g","L1DoorSpawn.java","bh","TEMPLATE","SOURCEFILE_CONFIRMED"
"bh.h","L1Drop.java","bh","TEMPLATE","SOURCEFILE_CONFIRMED"
"bh.i","L1House.java","bh","TEMPLATE","SOURCEFILE_CONFIRMED"
"bh.j","L1Item.java","bh","TEMPLATE","SOURCEFILE_CONFIRMED"
"bh.k","L1Mail.java","bh","TEMPLATE","SOURCEFILE_CONFIRMED"
"bh.l","L1Npc.java","bh","TEMPLATE","SOURCEFILE_CONFIRMED"
"bh.m","L1NpcChat.java","bh","TEMPLATE","SOURCEFILE_CONFIRMED"
"bh.n","L1Pet.java","bh","TEMPLATE","SOURCEFILE_CONFIRMED"
"bh.o","L1PetItem.java","bh","TEMPLATE","SOURCEFILE_CONFIRMED"
"bh.p","L1PetType.java","bh","TEMPLATE","SOURCEFILE_CONFIRMED"
"bh.q","L1PrivateShopBuyList.java","bh","TEMPLATE","SOURCEFILE_CONFIRMED"
"bh.r","L1PrivateShopSellList.java","bh","TEMPLATE","SOURCEFILE_CONFIRMED"
"bh.s","L1QuestNew.java","bh","TEMPLATE","SOURCEFILE_CONFIRMED"
"bh.t","L1Shop.java","bh","TEMPLATE","SOURCEFILE_CONFIRMED"
"bh.u","L1ShopItem.java","bh","TEMPLATE","SOURCEFILE_CONFIRMED"
"bh.v","L1Skills.java","bh","TEMPLATE","SOURCEFILE_CONFIRMED"
"bh.w","L1Town.java","bh","TEMPLATE","SOURCEFILE_CONFIRMED"
"bi.a","BinaryOutputStream.java","bi","UTILITY","SOURCEFILE_CONFIRMED"
"bi.b","CalcExp.java","bi","UTILITY","SOURCEFILE_CONFIRMED"
"bi.c","CalcInitHpMp.java","bi","UTILITY","SOURCEFILE_CONFIRMED"
"bi.d","CalcStat.java","bi","UTILITY","SOURCEFILE_CONFIRMED"
"bi.e","GeneralThreadPool.java","bi","UTILITY","SOURCEFILE_CONFIRMED"
"bi.f","IntRange.java","bi","UTILITY","SOURCEFILE_CONFIRMED"
"bi.g","LineageUtil.java","bi","UTILITY","SOURCEFILE_CONFIRMED"
"bi.h","Point.java","bi","UTILITY","SOURCEFILE_CONFIRMED"
"bi.i","Random.java","bi","UTILITY","SOURCEFILE_CONFIRMED"
"bi.j","SQLUtil.java","bi","UTILITY","SOURCEFILE_CONFIRMED"
"bi.k","TimePeriod.java","bi","UTILITY","SOURCEFILE_CONFIRMED"
"bj.a","Cipher.java","bj","NETWORK","SOURCEFILE_CONFIRMED"
"bj.b","CipherClient.java","bj","NETWORK","SOURCEFILE_CONFIRMED"
"bj.c","CipherServer.java","bj","NETWORK","SOURCEFILE_CONFIRMED"
"bj.d","ClientThread.java","bj","NETWORK","SOURCEFILE_CONFIRMED"
"bj.e","Opcodes.java","bj","NETWORK","SOURCEFILE_CONFIRMED"
