File,Line,KeywordClass,Snippet
recovered-src-obf/aj/az.java,50,be.do,import be.do;
recovered-src-obf/aj/az.java,1174,be.do,pc.a(new do(pc));
recovered-src-obf/aj/az.java,2224,be.do,pc.a(new do(pc));
recovered-src-obf/aj/az.java,1174,bf.do,pc.a(new do(pc));
recovered-src-obf/aj/az.java,2224,bf.do,pc.a(new do(pc));
recovered-src-obf/aj/bf.java,198,be.do,pc.a(new be.do(pc));
recovered-src-obf/aj/bf.java,582,be.do,pc.a(new be.do(pc));
recovered-src-obf/aj/bf.java,742,be.do,"new do().a((f)pc, remaining_time);"
recovered-src-obf/aj/bf.java,52,bf.do,import bf.do;
recovered-src-obf/aj/bf.java,742,bf.do,"new do().a((f)pc, remaining_time);"
recovered-src-obf/ap/e.java,18,be.do,import be.do;
recovered-src-obf/ap/e.java,133,be.do,pc.a(new do(pc));
recovered-src-obf/ap/e.java,193,be.do,pc.a(new do(pc));
recovered-src-obf/ap/e.java,133,bf.do,pc.a(new do(pc));
recovered-src-obf/ap/e.java,193,bf.do,pc.a(new do(pc));
recovered-src-obf/ap/u.java,53,be.do,import be.do;
recovered-src-obf/ap/u.java,1671,be.do,this.a(new do(this));
recovered-src-obf/ap/u.java,1714,be.do,this.a(new do(this));
recovered-src-obf/ap/u.java,1671,bf.do,this.a(new do(this));
recovered-src-obf/ap/u.java,1714,bf.do,this.a(new do(this));
recovered-src-obf/aq/j.java,11,be.do,import be.do;
recovered-src-obf/aq/j.java,174,be.do,pc.a(new do(pc));
recovered-src-obf/aq/j.java,313,be.do,pc.a(new do(pc));
recovered-src-obf/aq/j.java,174,bf.do,pc.a(new do(pc));
recovered-src-obf/aq/j.java,313,bf.do,pc.a(new do(pc));
recovered-src-obf/aq/m.java,16,be.do,import be.do;
recovered-src-obf/aq/m.java,394,be.do,this.a.a(new do(this.a));
recovered-src-obf/aq/m.java,459,be.do,this.a.a(new do(this.a));
recovered-src-obf/aq/m.java,394,bf.do,this.a.a(new do(this.a));
recovered-src-obf/aq/m.java,459,bf.do,this.a.a(new do(this.a));
recovered-src-obf/aq/p.java,17,be.do,import be.do;
recovered-src-obf/aq/p.java,155,be.do,pc.a(new do(pc));
recovered-src-obf/aq/p.java,155,bf.do,pc.a(new do(pc));
recovered-src-obf/aq/s.java,14,be.do,import be.do;
recovered-src-obf/aq/s.java,42,be.do,pc.a(new do(pc));
recovered-src-obf/aq/s.java,51,be.do,pc.a(new do(pc));
recovered-src-obf/aq/s.java,210,be.do,pc.a(new do(pc));
recovered-src-obf/aq/s.java,273,be.do,pc.a(new do(pc));
recovered-src-obf/aq/s.java,419,be.do,pc.a(new do(pc));
recovered-src-obf/aq/s.java,42,bf.do,pc.a(new do(pc));
recovered-src-obf/aq/s.java,51,bf.do,pc.a(new do(pc));
recovered-src-obf/aq/s.java,210,bf.do,pc.a(new do(pc));
recovered-src-obf/aq/s.java,273,bf.do,pc.a(new do(pc));
recovered-src-obf/aq/s.java,419,bf.do,pc.a(new do(pc));
recovered-src-obf/aq/x.java,11,be.do,import be.do;
recovered-src-obf/aq/x.java,333,be.do,pc.a(new do(pc));
recovered-src-obf/aq/x.java,347,be.do,pc.a(new do(pc));
recovered-src-obf/aq/x.java,369,be.do,pc.a(new do(pc));
recovered-src-obf/aq/x.java,383,be.do,pc.a(new do(pc));
recovered-src-obf/aq/x.java,333,bf.do,pc.a(new do(pc));
recovered-src-obf/aq/x.java,347,bf.do,pc.a(new do(pc));
recovered-src-obf/aq/x.java,369,bf.do,pc.a(new do(pc));
recovered-src-obf/aq/x.java,383,bf.do,pc.a(new do(pc));
recovered-src-obf/bc/d.java,33,be.do,import be.do;
recovered-src-obf/bc/d.java,149,be.do,pc.a(new do(pc));
recovered-src-obf/bc/d.java,149,bf.do,pc.a(new do(pc));
recovered-src-obf/bf/cl.java,9,be.do,import be.do;
recovered-src-obf/bf/cl.java,31,be.do,tpc.a(new do(tpc));
recovered-src-obf/bf/cl.java,46,be.do,pc.a(new do(pc));
recovered-src-obf/bf/cl.java,56,be.do,pc.a(new do(pc));
recovered-src-obf/bf/cl.java,31,bf.do,tpc.a(new do(tpc));
recovered-src-obf/bf/cl.java,46,bf.do,pc.a(new do(pc));
recovered-src-obf/bf/cl.java,56,bf.do,pc.a(new do(pc));
recovered-src-obf/bf/dh.java,9,be.do,import be.do;
recovered-src-obf/bf/dh.java,39,be.do,tpc.a(new do(tpc));
recovered-src-obf/bf/dh.java,67,be.do,pc.a(new do(pc));
recovered-src-obf/bf/dh.java,39,bf.do,tpc.a(new do(tpc));
recovered-src-obf/bf/dh.java,67,bf.do,pc.a(new do(pc));
recovered-src-obf/bf/dj.java,9,be.do,import be.do;
recovered-src-obf/bf/dj.java,30,be.do,tpc.a(new do(tpc));
recovered-src-obf/bf/dj.java,44,be.do,pc.a(new do(pc));
recovered-src-obf/bf/dj.java,53,be.do,pc.a(new do(pc));
recovered-src-obf/bf/dj.java,30,bf.do,tpc.a(new do(tpc));
recovered-src-obf/bf/dj.java,44,bf.do,pc.a(new do(pc));
recovered-src-obf/bf/dj.java,53,bf.do,pc.a(new do(pc));
recovered-src-obf/bf/dq.java,9,be.do,import be.do;
recovered-src-obf/bf/dq.java,31,be.do,tpc.a(new do(tpc));
recovered-src-obf/bf/dq.java,46,be.do,pc.a(new do(pc));
recovered-src-obf/bf/dq.java,56,be.do,pc.a(new do(pc));
recovered-src-obf/bf/dq.java,31,bf.do,tpc.a(new do(tpc));
recovered-src-obf/bf/dq.java,46,bf.do,pc.a(new do(pc));
recovered-src-obf/bf/dq.java,56,bf.do,pc.a(new do(pc));
recovered-src-obf/bf/ea.java,12,be.do,import be.do;
recovered-src-obf/bf/ea.java,32,be.do,pc.a(new do(pc));
recovered-src-obf/bf/ea.java,51,be.do,pc.a(new do(pc));
recovered-src-obf/bf/ea.java,62,be.do,pc.a(new do(pc));
recovered-src-obf/bf/ea.java,32,bf.do,pc.a(new do(pc));
recovered-src-obf/bf/ea.java,51,bf.do,pc.a(new do(pc));
recovered-src-obf/bf/ea.java,62,bf.do,pc.a(new do(pc));
recovered-src-obf/bf/fw.java,11,be.do,import be.do;
recovered-src-obf/bf/fw.java,32,be.do,tpc.a(new do(tpc));
recovered-src-obf/bf/fw.java,51,be.do,tpc.a(new do(tpc));
recovered-src-obf/bf/fw.java,60,be.do,pc.a(new do(pc));
recovered-src-obf/bf/fw.java,32,bf.do,tpc.a(new do(tpc));
recovered-src-obf/bf/fw.java,51,bf.do,tpc.a(new do(tpc));
recovered-src-obf/bf/fw.java,60,bf.do,pc.a(new do(pc));
recovered-src-obf/bg/c.java,23,be.do,import be.do;
recovered-src-obf/bg/c.java,910,be.do,pc.a(new do(pc));
recovered-src-obf/bg/c.java,910,bf.do,pc.a(new do(pc));
recovered-src-obf/bi/g.java,967,be.do,return new do();
recovered-src-obf/bi/g.java,119,bf.do,import bf.do;
recovered-src-obf/bi/g.java,967,bf.do,return new do();
