File,Engine,Status,Exit,ErrorHeaders,PrimaryError
ai/a.java,CFR,PASS,0,0,1 warning
ai/b.java,CFR,FAIL,1,2,a has private access in eu
ai/c.java,CFR,FAIL,1,76,class c is already defined in package ai
ai/d.java,CFR,PASS,0,0,1 warning
ai/e.java,CFR,FAIL,1,4,cannot find symbol
aj/a.java,CFR,PASS,0,0,1 warning
aj/aa.java,CFR,PASS,0,0,1 warning
aj/ab.java,CFR,PASS,0,0,1 warning
aj/ac.java,CFR,PASS,0,0,1 warning
aj/ad.java,CFR,PASS,0,0,1 warning
aj/ae.java,CFR,PASS,0,0,1 warning
aj/af.java,CFR,PASS,0,0,1 warning
aj/ag.java,CFR,FAIL,1,2,cannot find symbol
aj/ah.java,CFR,PASS,0,0,1 warning
aj/ai.java,CFR,FAIL,1,1,cannot find symbol
aj/aj.java,CFR,FAIL,1,2,cannot find symbol
aj/ak.java,CFR,PASS,0,0,1 warning
aj/al.java,CFR,PASS,0,0,1 warning
aj/am.java,CFR,FAIL,1,1,cannot find symbol
aj/an.java,CFR,FAIL,1,1,cannot find symbol
aj/ao.java,CFR,PASS,0,0,1 warning
aj/ap.java,CFR,PASS,0,0,1 warning
aj/aq.java,CFR,PASS,0,0,1 warning
aj/ar.java,CFR,PASS,0,0,1 warning
aj/as.java,CFR,PASS,0,0,1 warning
aj/at.java,CFR,PASS,0,0,1 warning
aj/au.java,CFR,PASS,0,0,1 warning
aj/av.java,CFR,PASS,0,0,1 warning
aj/aw.java,VINEFLOWER_HARDTAIL,FAIL,1,56,cannot find symbol
aj/ax.java,CFR,PASS,0,0,1 warning
aj/ay.java,CFR,PASS,0,0,1 warning
aj/az.java,CFR,FAIL,1,9,<identifier> expected
aj/b.java,CFR,FAIL,1,1,cannot find symbol
aj/ba.java,CFR,PASS,0,0,1 warning
aj/bb.java,CFR,PASS,0,0,1 warning
aj/bc.java,CFR,PASS,0,0,1 warning
aj/bd.java,CFR,PASS,0,0,1 warning
aj/be.java,CFR,FAIL,1,19,cannot find symbol
aj/bf.java,CFR,FAIL,1,12,<identifier> expected
aj/bg.java,CFR,FAIL,1,2,constructor cv in class cv cannot be applied to given types;
aj/bh.java,CFR,FAIL,1,4,reference to d is ambiguous
aj/bi.java,CFR,FAIL,1,1,cannot find symbol
aj/bj.java,CFR,FAIL,1,1,double cannot be dereferenced
aj/bk.java,CFR,FAIL,1,100,cannot find symbol
aj/bl.java,CFR,PASS,0,0,1 warning
aj/bm.java,CFR,PASS,0,0,1 warning
aj/bn.java,CFR,PASS,0,0,1 warning
aj/bo.java,CFR,PASS,0,0,1 warning
aj/bp.java,CFR,PASS,0,0,1 warning
aj/bq.java,CFR,PASS,0,0,1 warning
aj/br.java,CFR,PASS,0,0,1 warning
aj/bs.java,CFR,FAIL,1,100,cannot find symbol
aj/bt.java,CFR,FAIL,1,3,cannot find symbol
aj/bu.java,CFR,PASS,0,0,1 warning
aj/bv.java,CFR,PASS,0,0,1 warning
aj/bw.java,CFR,PASS,0,0,1 warning
aj/bx.java,VINEFLOWER_HARDTAIL,FAIL,1,59,cannot find symbol
aj/by.java,CFR,PASS,0,0,1 warning
aj/bz.java,CFR,FAIL,1,6,cannot find symbol
aj/c.java,CFR,PASS,0,0,1 warning
aj/ca.java,CFR,PASS,0,0,1 warning
aj/cb.java,CFR,FAIL,1,1,cannot find symbol
aj/cc.java,CFR,PASS,0,0,1 warning
aj/cd.java,CFR,FAIL,1,3,cannot find symbol
aj/ce.java,CFR,PASS,0,0,1 warning
aj/cf.java,CFR,PASS,0,0,1 warning
aj/cg.java,CFR,FAIL,1,1,cannot find symbol
aj/ch.java,CFR,FAIL,1,1,cannot find symbol
aj/ci.java,CFR,FAIL,1,1,cannot find symbol
aj/cj.java,CFR,PASS,0,0,1 warning
aj/ck.java,CFR,FAIL,1,2,cannot find symbol
aj/cl.java,CFR,PASS,0,0,1 warning
aj/cm.java,CFR,PASS,0,0,1 warning
aj/cn.java,CFR,PASS,0,0,1 warning
aj/co.java,CFR,PASS,0,0,1 warning
aj/cp.java,CFR,PASS,0,0,1 warning
aj/cq.java,CFR,FAIL,1,2,cannot find symbol
aj/cr.java,CFR,FAIL,1,2,double cannot be dereferenced
aj/cs.java,CFR,PASS,0,0,1 warning
aj/ct.java,CFR,PASS,0,0,1 warning
aj/cu.java,CFR,PASS,0,0,1 warning
aj/cv.java,CFR,PASS,0,0,1 warning
aj/d.java,CFR,FAIL,1,2,cannot find symbol
aj/e.java,CFR,PASS,0,0,1 warning
aj/f.java,CFR,FAIL,1,37,cannot find symbol
aj/g.java,CFR,FAIL,1,17,cannot find symbol
aj/h.java,CFR,FAIL,1,2,constructor cv in class cv cannot be applied to given types;
aj/i.java,CFR,PASS,0,0,1 warning
aj/j.java,CFR,PASS,0,0,1 warning
aj/k.java,CFR,PASS,0,0,1 warning
aj/l.java,CFR,PASS,0,0,1 warning
aj/m.java,CFR,PASS,0,0,1 warning
aj/n.java,CFR,PASS,0,0,1 warning
aj/o.java,CFR,PASS,0,0,1 warning
aj/p.java,CFR,FAIL,1,1,cannot find symbol
aj/q.java,CFR,PASS,0,0,1 warning
aj/r.java,CFR,PASS,0,0,1 warning
aj/s.java,CFR,FAIL,1,1,cannot find symbol
aj/t.java,CFR,PASS,0,0,1 warning
aj/u.java,CFR,FAIL,1,12,cannot find symbol
aj/v.java,CFR,PASS,0,0,1 warning
aj/w.java,CFR,PASS,0,0,1 warning
aj/x.java,CFR,PASS,0,0,1 warning
aj/y.java,CFR,PASS,0,0,1 warning
aj/z.java,CFR,FAIL,1,17,cannot find symbol
ak/a.java,CFR,FAIL,1,6,unreported exception SQLException; must be caught or declared to be thrown
al/a.java,CFR,FAIL,1,1,cannot find symbol
al/aa.java,CFR,FAIL,1,3,cannot find symbol
al/ab.java,VINEFLOWER_HARDTAIL,FAIL,1,3,cannot find symbol
al/ac.java,CFR,PASS,0,0,1 warning
al/ad.java,CFR,PASS,0,0,1 warning
al/ae.java,CFR,PASS,0,0,1 warning
al/af.java,CFR,PASS,0,0,1 warning
al/ag.java,CFR,PASS,0,0,1 warning
al/ah.java,CFR,FAIL,1,1,cannot find symbol
al/ai.java,CFR,PASS,0,0,1 warning
al/aj.java,CFR,PASS,0,0,1 warning
al/ak.java,CFR,PASS,0,0,1 warning
al/al.java,CFR,PASS,0,0,1 warning
al/am.java,CFR,PASS,0,0,1 warning
al/an.java,CFR,PASS,0,0,1 warning
al/ao.java,CFR,PASS,0,0,1 warning
al/ap.java,CFR,PASS,0,0,1 warning
al/aq.java,CFR,FAIL,1,2,cannot find symbol
al/ar.java,CFR,PASS,0,0,1 warning
al/as.java,CFR,PASS,0,0,1 warning
al/at.java,CFR,PASS,0,0,1 warning
al/au.java,CFR,PASS,0,0,1 warning
al/av.java,CFR,PASS,0,0,1 warning
al/aw.java,CFR,PASS,0,0,1 warning
al/ax.java,CFR,PASS,0,0,1 warning
al/ay.java,CFR,PASS,0,0,1 warning
al/az.java,CFR,PASS,0,0,1 warning
al/b.java,CFR,PASS,0,0,1 warning
al/ba.java,CFR,PASS,0,0,1 warning
al/bb.java,CFR,PASS,0,0,1 warning
al/bc.java,CFR,PASS,0,0,1 warning
al/bd.java,CFR,PASS,0,0,1 warning
al/be.java,CFR,PASS,0,0,1 warning
al/bf.java,CFR,PASS,0,0,1 warning
al/c.java,CFR,PASS,0,0,1 warning
al/d.java,CFR,PASS,0,0,1 warning
al/e.java,CFR,PASS,0,0,1 warning
al/f.java,CFR,PASS,0,0,1 warning
al/g.java,CFR,FAIL,1,4,incompatible types: ArrayList<u> cannot be converted to Collection<Object>
al/h.java,CFR,PASS,0,0,1 warning
al/i.java,CFR,PASS,0,0,1 warning
al/j.java,CFR,PASS,0,0,1 warning
al/k.java,CFR,PASS,0,0,1 warning
al/l.java,CFR,PASS,0,0,1 warning
al/m.java,CFR,PASS,0,0,1 warning
al/n.java,CFR,PASS,0,0,1 warning
al/o.java,CFR,PASS,0,0,1 warning
al/p.java,CFR,FAIL,1,3,cannot find symbol
al/q.java,CFR,PASS,0,0,1 warning
al/r.java,CFR,PASS,0,0,1 warning
al/s.java,CFR,PASS,0,0,1 warning
al/t.java,CFR,PASS,0,0,1 warning
al/u.java,CFR,FAIL,1,1,cannot find symbol
al/v.java,CFR,PASS,0,0,1 warning
al/w.java,CFR,PASS,0,0,1 warning
al/x.java,CFR,PASS,0,0,1 warning
al/y.java,CFR,FAIL,1,5,incompatible types: ArrayList<Integer> cannot be converted to ArrayList<Object>
al/z.java,CFR,PASS,0,0,1 warning
am/a.java,CFR,PASS,0,0,1 warning
am/b.java,CFR,PASS,0,0,1 warning
am/c.java,CFR,PASS,0,0,1 warning
am/d.java,CFR,FAIL,1,58,d is already defined in this compilation unit
an/a.java,VINEFLOWER_PROTO,FAIL,1,5,not a statement
an/b.java,VINEFLOWER_PROTO,FAIL,1,5,not a statement
an/c.java,VINEFLOWER_PROTO,FAIL,1,5,not a statement
an/d.java,VINEFLOWER_PROTO,FAIL,1,5,not a statement
an/e.java,VINEFLOWER_PROTO,FAIL,1,5,not a statement
an/f.java,VINEFLOWER_PROTO,FAIL,1,5,not a statement
an/g.java,VINEFLOWER_PROTO,FAIL,1,5,not a statement
an/h.java,VINEFLOWER_PROTO,FAIL,1,5,not a statement
an/i.java,VINEFLOWER_PROTO,FAIL,1,4,not a statement
ao/a.java,CFR,FAIL,1,19,cannot find symbol
ao/aa.java,CFR,PASS,0,0,1 warning
ao/ab.java,CFR,PASS,0,0,1 warning
ao/ac.java,CFR,FAIL,1,1,cannot find symbol
ao/ad.java,CFR,FAIL,1,1,cannot find symbol
ao/ae.java,CFR,FAIL,1,1,cannot find symbol
ao/af.java,CFR,FAIL,1,40,d has private access in ax
ao/ag.java,CFR,PASS,0,0,1 warning
ao/ah.java,CFR,FAIL,1,57,cannot find symbol
ao/ai.java,CFR,PASS,0,0,1 warning
ao/aj.java,CFR,PASS,0,0,1 warning
ao/ak.java,CFR,PASS,0,0,1 warning
ao/al.java,CFR,PASS,0,0,1 warning
ao/am.java,CFR,FAIL,1,2,b has private access in aq
ao/an.java,CFR,PASS,0,0,1 warning
ao/ao.java,CFR,PASS,0,0,2 warnings
ao/ap.java,CFR,FAIL,1,1,cannot find symbol
ao/aq.java,CFR,PASS,0,0,1 warning
ao/ar.java,CFR,FAIL,1,5,cannot find symbol
ao/as.java,CFR,PASS,0,0,7 warnings
ao/at.java,CFR,PASS,0,0,2 warnings
ao/au.java,CFR,PASS,0,0,1 warning
ao/av.java,CFR,PASS,0,0,3 warnings
ao/aw.java,VINEFLOWER_HARDTAIL,FAIL,1,34,cannot find symbol
ao/ax.java,CFR,PASS,0,0,1 warning
ao/ay.java,CFR,PASS,0,0,1 warning
ao/az.java,CFR,FAIL,1,8,a type with the same simple name is already defined by the single-type-import of g
ao/b.java,CFR,PASS,0,0,1 warning
ao/ba.java,CFR,FAIL,1,24,cannot find symbol
ao/bb.java,CFR,PASS,0,0,2 warnings
ao/bc.java,CFR,FAIL,1,22,cannot find symbol
ao/bd.java,CFR,PASS,0,0,1 warning
ao/be.java,CFR,PASS,0,0,3 warnings
ao/bf.java,CFR,FAIL,1,3,"<anonymous ao.bf$1> is not abstract and does not override abstract method compare(bf.a,bf.a) in Comparator"
ao/bg.java,CFR,FAIL,1,3,cannot find symbol
ao/bh.java,CFR,PASS,0,0,2 warnings
ao/bi.java,CFR,FAIL,1,7,cannot find symbol
ao/bj.java,CFR,FAIL,1,5,cannot find symbol
ao/bk.java,CFR,FAIL,1,3,"<anonymous ao.bk$b$1> is not abstract and does not override abstract method compare(bk.a,bk.a) in Comparator"
ao/bl.java,CFR,FAIL,1,21,cannot find symbol
ao/c.java,CFR,FAIL,1,2,c has private access in ao
ao/d.java,CFR,FAIL,1,1,cannot find symbol
ao/e.java,CFR,PASS,0,0,1 warning
ao/f.java,CFR,PASS,0,0,1 warning
ao/g.java,CFR,PASS,0,0,1 warning
ao/h.java,CFR,PASS,0,0,1 warning
ao/i.java,CFR,FAIL,1,7,unreported exception SQLException; must be caught or declared to be thrown
ao/j.java,CFR,FAIL,1,22,a type with the same simple name is already defined by the single-type-import of b
ao/k.java,CFR,PASS,0,0,1 warning
ao/l.java,CFR,FAIL,1,1,cannot find symbol
ao/m.java,CFR,PASS,0,0,1 warning
ao/n.java,CFR,FAIL,1,7,unreported exception SQLException; must be caught or declared to be thrown
ao/o.java,CFR,PASS,0,0,1 warning
ao/p.java,CFR,PASS,0,0,1 warning
ao/q.java,CFR,PASS,0,0,1 warning
ao/r.java,CFR,PASS,0,0,1 warning
ao/s.java,CFR,PASS,0,0,1 warning
ao/t.java,CFR,FAIL,1,1,cannot find symbol
ao/u.java,CFR,PASS,0,0,1 warning
ao/v.java,VINEFLOWER_HARDTAIL,FAIL,1,45,cannot find symbol
ao/w.java,CFR,FAIL,1,4,cannot find symbol
ao/x.java,CFR,PASS,0,0,1 warning
ao/y.java,CFR,FAIL,1,1,cannot find symbol
ao/z.java,CFR,PASS,0,0,1 warning
ap/a.java,CFR,FAIL,1,17,cannot find symbol
ap/aa.java,CFR,FAIL,1,20,cannot find symbol
ap/ab.java,CFR,PASS,0,0,1 warning
ap/b.java,CFR,FAIL,1,1,cannot find symbol
ap/c.java,CFR,PASS,0,0,1 warning
ap/d.java,CFR,FAIL,1,11,e has private access in aq
ap/e.java,CFR,FAIL,1,9,<identifier> expected
ap/f.java,CFR,FAIL,1,3,cannot find symbol
ap/g.java,CFR,PASS,0,0,1 warning
ap/h.java,CFR,PASS,0,0,1 warning
ap/i.java,CFR,FAIL,1,1,cannot find symbol
ap/j.java,CFR,PASS,0,0,1 warning
ap/k.java,CFR,PASS,0,0,1 warning
ap/l.java,CFR,PASS,0,0,1 warning
ap/m.java,CFR,PASS,0,0,1 warning
ap/n.java,CFR,PASS,0,0,1 warning
ap/o.java,CFR,FAIL,1,9,cannot find symbol
ap/p.java,CFR,FAIL,1,1,variable house2 is already defined in method a(u)
ap/q.java,CFR,FAIL,1,14,int cannot be dereferenced
ap/r.java,CFR,FAIL,1,2,constructor a in class s.a cannot be applied to given types;
ap/s.java,CFR,FAIL,1,38,cannot find symbol
ap/t.java,CFR,FAIL,1,100,cannot find symbol
ap/u.java,CFR,FAIL,1,19,<identifier> expected
ap/v.java,CFR,FAIL,1,8,cannot find symbol
ap/w.java,CFR,PASS,0,0,1 warning
ap/x.java,CFR,PASS,0,0,1 warning
ap/y.java,CFR,PASS,0,0,1 warning
ap/z.java,CFR,FAIL,1,9,cannot find symbol
aq/a.java,CFR,PASS,0,0,1 warning
aq/aa.java,CFR,FAIL,1,5,cannot find symbol
aq/ab.java,CFR,PASS,0,0,1 warning
aq/ac.java,CFR,PASS,0,0,1 warning
aq/ad.java,CFR,FAIL,1,1,cannot find symbol
aq/ae.java,CFR,FAIL,1,15,cannot find symbol
aq/af.java,CFR,PASS,0,0,1 warning
aq/ag.java,CFR,FAIL,1,3,cannot find symbol
aq/ah.java,CFR,PASS,0,0,1 warning
aq/ai.java,CFR,FAIL,1,1,cannot find symbol
aq/aj.java,CFR,PASS,0,0,1 warning
aq/ak.java,CFR,FAIL,1,15,cannot find symbol
aq/al.java,CFR,PASS,0,0,1 warning
aq/am.java,CFR,FAIL,1,12,cannot find symbol
aq/an.java,CFR,PASS,0,0,1 warning
aq/ao.java,CFR,PASS,0,0,1 warning
aq/ap.java,CFR,FAIL,1,3,cannot find symbol
aq/aq.java,CFR,FAIL,1,26,cannot find symbol
aq/b.java,CFR,FAIL,1,41,cannot find symbol
aq/c.java,CFR,FAIL,1,16,<identifier> expected
aq/d.java,CFR,PASS,0,0,1 warning
aq/e.java,CFR,FAIL,1,20,int cannot be dereferenced
aq/f.java,CFR,FAIL,1,6,int cannot be dereferenced
aq/g.java,CFR,FAIL,1,10,cannot find symbol
aq/h.java,CFR,PASS,0,0,1 warning
aq/i.java,CFR,FAIL,1,1,cannot find symbol
aq/j.java,CFR,FAIL,1,9,<identifier> expected
aq/k.java,CFR,FAIL,1,33,cannot find symbol
aq/l.java,CFR,FAIL,1,20,cannot find symbol
aq/m.java,CFR,FAIL,1,9,<identifier> expected
aq/n.java,CFR,PASS,0,0,1 warning
aq/o.java,CFR,FAIL,1,3,incompatible types: Object cannot be converted to o
aq/p.java,CFR,FAIL,1,5,<identifier> expected
aq/q.java,CFR,PASS,0,0,1 warning
aq/r.java,CFR,PASS,0,0,1 warning
aq/s.java,CFR,FAIL,1,21,<identifier> expected
aq/t.java,CFR,PASS,0,0,1 warning
aq/u.java,CFR,PASS,0,0,1 warning
aq/v.java,CFR,FAIL,1,2,cannot find symbol
aq/w.java,CFR,FAIL,1,4,cannot find symbol
aq/x.java,CFR,FAIL,1,17,<identifier> expected
aq/y.java,CFR,PASS,0,0,1 warning
aq/z.java,CFR,FAIL,1,1,cannot find symbol
ar/a.java,CFR,PASS,0,0,1 warning
ar/b.java,CFR,PASS,0,0,1 warning
ar/c.java,CFR,PASS,0,0,1 warning
ar/d.java,CFR,PASS,0,0,1 warning
ar/e.java,CFR,PASS,0,0,1 warning
ar/f.java,CFR,PASS,0,0,1 warning
ar/g.java,CFR,PASS,0,0,1 warning
ar/h.java,CFR,PASS,0,0,1 warning
ar/i.java,CFR,PASS,0,0,1 warning
as/a.java,CFR,FAIL,1,54,cannot find symbol
as/b.java,CFR,FAIL,1,9,cannot find symbol
as/c.java,CFR,FAIL,1,55,cannot find symbol
as/d.java,CFR,FAIL,1,2,e has private access in aq
as/e.java,CFR,FAIL,1,70,cannot find symbol
as/f.java,CFR,FAIL,1,18,cannot find symbol
as/g.java,CFR,FAIL,1,63,cannot find symbol
as/h.java,CFR,PASS,0,0,1 warning
as/i.java,CFR,FAIL,1,84,cannot find symbol
as/j.java,CFR,FAIL,1,12,"<anonymous as.j$1> is not abstract and does not override abstract method compare(j.g,j.g) in Comparator"
as/k.java,CFR,FAIL,1,55,cannot find symbol
at/a.java,CFR,PASS,0,0,1 warning
at/b.java,CFR,PASS,0,0,1 warning
at/c.java,CFR,FAIL,1,1,unreachable statement
at/d.java,CFR,PASS,0,0,1 warning
au/a.java,CFR,PASS,0,0,1 warning
au/b.java,CFR,PASS,0,0,1 warning
au/c.java,CFR,PASS,0,0,1 warning
au/d.java,CFR,PASS,0,0,1 warning
au/e.java,CFR,PASS,0,0,1 warning
au/f.java,CFR,FAIL,1,6,cannot find symbol
au/g.java,CFR,FAIL,1,4,a has private access in eu
av/a.java,CFR,FAIL,1,1,class a is already defined in package av
aw/a.java,CFR,PASS,0,0,1 warning
aw/b.java,CFR,PASS,0,0,1 warning
aw/c.java,CFR,PASS,0,0,1 warning
aw/d.java,CFR,PASS,0,0,1 warning
ax/a.java,CFR,PASS,0,0,1 warning
ax/b.java,CFR,PASS,0,0,1 warning
ax/c.java,CFR,PASS,0,0,1 warning
ax/d.java,CFR,PASS,0,0,1 warning
ax/e.java,CFR,PASS,0,0,1 warning
ax/f.java,CFR,PASS,0,0,1 warning
ay/a.java,CFR,FAIL,1,4,cannot find symbol
ay/b.java,CFR,PASS,0,0,1 warning
ay/c.java,CFR,PASS,0,0,1 warning
ay/d.java,CFR,PASS,0,0,1 warning
ay/e.java,CFR,PASS,0,0,1 warning
ay/f.java,CFR,PASS,0,0,1 warning
az/a.java,CFR,FAIL,1,13,class a is already defined in package az
az/b.java,CFR,FAIL,1,11,class b is already defined in package az
az/c.java,CFR,PASS,0,0,1 warning
az/d.java,CFR,PASS,0,0,1 warning
ba/a.java,CFR,FAIL,1,11,class a is already defined in package ba
ba/b.java,CFR,PASS,0,0,1 warning
ba/c.java,CFR,PASS,0,0,1 warning
ba/d.java,CFR,FAIL,1,2,cannot find symbol
ba/e.java,CFR,PASS,0,0,1 warning
ba/f.java,CFR,PASS,0,0,1 warning
ba/g.java,CFR,PASS,0,0,1 warning
ba/h.java,CFR,PASS,0,0,1 warning
ba/i.java,CFR,FAIL,1,3,cannot find symbol
ba/j.java,CFR,PASS,0,0,1 warning
bb/a.java,CFR,PASS,0,0,1 warning
bb/b.java,CFR,PASS,0,0,1 warning
bc/a.java,CFR,FAIL,1,5,cannot find symbol
bc/b.java,CFR,PASS,0,0,1 warning
bc/c.java,CFR,PASS,0,0,1 warning
bc/d.java,CFR,FAIL,1,5,<identifier> expected
bc/e.java,CFR,PASS,0,0,1 warning
bd/a.java,CFR,PASS,0,0,1 warning
bd/b.java,CFR,PASS,0,0,1 warning
bd/c.java,CFR,PASS,0,0,1 warning
bd/d.java,CFR,PASS,0,0,1 warning
bd/e.java,CFR,PASS,0,0,1 warning
bd/f.java,CFR,PASS,0,0,1 warning
bd/g.java,CFR,PASS,0,0,1 warning
bd/h.java,CFR,PASS,0,0,1 warning
bd/i.java,CFR,PASS,0,0,1 warning
bd/j.java,CFR,PASS,0,0,1 warning
be/a.java,CFR,PASS,0,0,1 warning
be/aa.java,CFR,PASS,0,0,1 warning
be/ab.java,CFR,PASS,0,0,1 warning
be/ac.java,CFR,PASS,0,0,1 warning
be/ad.java,CFR,PASS,0,0,1 warning
be/ae.java,CFR,FAIL,1,1,incompatible types: possible lossy conversion from int to byte
be/af.java,CFR,PASS,0,0,1 warning
be/ag.java,CFR,PASS,0,0,1 warning
be/ah.java,CFR,PASS,0,0,1 warning
be/ai.java,CFR,PASS,0,0,1 warning
be/aj.java,CFR,PASS,0,0,1 warning
be/ak.java,CFR,PASS,0,0,1 warning
be/al.java,CFR,PASS,0,0,1 warning
be/am.java,CFR,PASS,0,0,1 warning
be/an.java,CFR,PASS,0,0,1 warning
be/ao.java,CFR,PASS,0,0,1 warning
be/ap.java,CFR,PASS,0,0,1 warning
be/aq.java,CFR,PASS,0,0,1 warning
be/ar.java,CFR,PASS,0,0,1 warning
be/as.java,CFR,PASS,0,0,1 warning
be/at.java,CFR,PASS,0,0,1 warning
be/au.java,CFR,PASS,0,0,1 warning
be/av.java,CFR,PASS,0,0,1 warning
be/aw.java,CFR,PASS,0,0,1 warning
be/ax.java,CFR,PASS,0,0,1 warning
be/ay.java,CFR,PASS,0,0,1 warning
be/az.java,CFR,PASS,0,0,1 warning
be/b.java,CFR,PASS,0,0,1 warning
be/ba.java,CFR,PASS,0,0,1 warning
be/bb.java,CFR,PASS,0,0,1 warning
be/bc.java,CFR,PASS,0,0,1 warning
be/bd.java,CFR,PASS,0,0,1 warning
be/be.java,CFR,PASS,0,0,1 warning
be/bf.java,CFR,PASS,0,0,1 warning
be/bg.java,CFR,PASS,0,0,1 warning
be/bh.java,CFR,FAIL,1,1,cannot find symbol
be/bi.java,CFR,PASS,0,0,1 warning
be/bj.java,CFR,PASS,0,0,1 warning
be/bk.java,CFR,PASS,0,0,1 warning
be/bl.java,CFR,PASS,0,0,1 warning
be/bm.java,CFR,PASS,0,0,1 warning
be/bn.java,CFR,PASS,0,0,1 warning
be/bo.java,CFR,PASS,0,0,1 warning
be/bp.java,CFR,PASS,0,0,1 warning
be/bq.java,CFR,PASS,0,0,1 warning
be/br.java,CFR,PASS,0,0,1 warning
be/bs.java,CFR,PASS,0,0,1 warning
be/bt.java,CFR,PASS,0,0,1 warning
be/bu.java,CFR,PASS,0,0,1 warning
be/bv.java,CFR,PASS,0,0,1 warning
be/bw.java,CFR,PASS,0,0,1 warning
be/bx.java,CFR,FAIL,1,4,a type with the same simple name is already defined by the single-type-import of a
be/by.java,CFR,PASS,0,0,1 warning
be/bz.java,CFR,PASS,0,0,1 warning
be/c.java,CFR,FAIL,1,3,c is already defined in this compilation unit
be/ca.java,CFR,PASS,0,0,1 warning
be/cb.java,CFR,PASS,0,0,1 warning
be/cc.java,CFR,PASS,0,0,1 warning
be/cd.java,CFR,PASS,0,0,1 warning
be/ce.java,CFR,PASS,0,0,1 warning
be/cf.java,CFR,PASS,0,0,1 warning
be/cg.java,CFR,PASS,0,0,1 warning
be/ch.java,CFR,PASS,0,0,1 warning
be/ci.java,CFR,PASS,0,0,1 warning
be/cj.java,CFR,PASS,0,0,1 warning
be/ck.java,CFR,PASS,0,0,1 warning
be/cl.java,CFR,PASS,0,0,1 warning
be/cm.java,CFR,FAIL,1,4,int cannot be dereferenced
be/cn.java,CFR,PASS,0,0,1 warning
be/co.java,CFR,PASS,0,0,1 warning
be/cp.java,CFR,PASS,0,0,1 warning
be/cq.java,CFR,PASS,0,0,1 warning
be/cr.java,CFR,PASS,0,0,1 warning
be/cs.java,CFR,PASS,0,0,1 warning
be/ct.java,CFR,PASS,0,0,1 warning
be/cu.java,CFR,PASS,0,0,1 warning
be/cv.java,CFR,PASS,0,0,1 warning
be/cw.java,CFR,PASS,0,0,1 warning
be/cx.java,CFR,PASS,0,0,1 warning
be/cy.java,CFR,PASS,0,0,1 warning
be/cz.java,CFR,PASS,0,0,1 warning
be/d.java,CFR,PASS,0,0,1 warning
be/da.java,CFR,PASS,0,0,1 warning
be/db.java,CFR,FAIL,1,3,cannot find symbol
be/dc.java,VINEFLOWER_HARDTAIL,FAIL,1,100,cannot find symbol
be/dd.java,CFR,PASS,0,0,1 warning
be/de.java,CFR,PASS,0,0,1 warning
be/df.java,CFR,PASS,0,0,1 warning
be/dg.java,CFR,PASS,0,0,1 warning
be/dh.java,CFR,PASS,0,0,1 warning
be/di.java,CFR,PASS,0,0,1 warning
be/dj.java,CFR,PASS,0,0,1 warning
be/dk.java,CFR,PASS,0,0,1 warning
be/dl.java,CFR,FAIL,1,1,cannot find symbol
be/dm.java,CFR,PASS,0,0,1 warning
be/dn.java,CFR,PASS,0,0,1 warning
be/do.java,CFR,FAIL,1,3,<identifier> expected
be/dp.java,CFR,PASS,0,0,1 warning
be/dq.java,CFR,PASS,0,0,1 warning
be/dr.java,CFR,PASS,0,0,1 warning
be/ds.java,CFR,PASS,0,0,1 warning
be/dt.java,CFR,PASS,0,0,1 warning
be/du.java,CFR,FAIL,1,13,cannot find symbol
be/dv.java,CFR,FAIL,1,2,cannot find symbol
be/dw.java,CFR,PASS,0,0,1 warning
be/dx.java,CFR,PASS,0,0,1 warning
be/dy.java,CFR,PASS,0,0,1 warning
be/dz.java,CFR,PASS,0,0,1 warning
be/e.java,CFR,PASS,0,0,1 warning
be/ea.java,CFR,PASS,0,0,1 warning
be/eb.java,CFR,PASS,0,0,1 warning
be/ec.java,CFR,PASS,0,0,1 warning
be/ed.java,CFR,PASS,0,0,1 warning
be/ee.java,CFR,PASS,0,0,1 warning
be/ef.java,CFR,PASS,0,0,1 warning
be/eg.java,CFR,PASS,0,0,1 warning
be/eh.java,CFR,PASS,0,0,1 warning
be/ei.java,CFR,PASS,0,0,1 warning
be/ej.java,CFR,PASS,0,0,1 warning
be/ek.java,CFR,PASS,0,0,1 warning
be/el.java,CFR,PASS,0,0,1 warning
be/em.java,CFR,PASS,0,0,1 warning
be/en.java,CFR,PASS,0,0,1 warning
be/eo.java,CFR,PASS,0,0,1 warning
be/ep.java,CFR,PASS,0,0,1 warning
be/eq.java,CFR,PASS,0,0,1 warning
be/er.java,CFR,PASS,0,0,1 warning
be/es.java,CFR,PASS,0,0,1 warning
be/et.java,CFR,PASS,0,0,1 warning
be/eu.java,CFR,PASS,0,0,1 warning
be/f.java,CFR,PASS,0,0,1 warning
be/g.java,CFR,FAIL,1,1,cannot find symbol
be/h.java,CFR,PASS,0,0,1 warning
be/i.java,CFR,FAIL,1,2,cannot find symbol
be/j.java,CFR,PASS,0,0,1 warning
be/k.java,CFR,PASS,0,0,1 warning
be/l.java,CFR,PASS,0,0,1 warning
be/m.java,CFR,PASS,0,0,1 warning
be/n.java,CFR,PASS,0,0,1 warning
be/o.java,CFR,PASS,0,0,1 warning
be/p.java,CFR,PASS,0,0,1 warning
be/q.java,CFR,PASS,0,0,1 warning
be/r.java,CFR,PASS,0,0,1 warning
be/s.java,CFR,PASS,0,0,1 warning
be/t.java,CFR,PASS,0,0,1 warning
be/u.java,CFR,PASS,0,0,1 warning
be/v.java,CFR,FAIL,1,3,"<anonymous be.v$1> is not abstract and does not override abstract method compare(bd.b,bd.b) in Comparator"
be/w.java,CFR,PASS,0,0,1 warning
be/x.java,CFR,PASS,0,0,1 warning
be/y.java,CFR,PASS,0,0,1 warning
be/z.java,CFR,PASS,0,0,1 warning
bf/a.java,CFR,FAIL,1,14,a has private access in bg
bf/aa.java,CFR,FAIL,1,1,cannot find symbol
bf/ab.java,CFR,PASS,0,0,1 warning
bf/ac.java,CFR,PASS,0,0,1 warning
bf/ad.java,CFR,PASS,0,0,1 warning
bf/ae.java,CFR,PASS,0,0,1 warning
bf/af.java,CFR,PASS,0,0,1 warning
bf/ag.java,CFR,PASS,0,0,1 warning
bf/ah.java,CFR,PASS,0,0,1 warning
bf/ai.java,CFR,PASS,0,0,1 warning
bf/aj.java,CFR,FAIL,1,2,cannot find symbol
bf/ak.java,CFR,PASS,0,0,1 warning
bf/al.java,CFR,PASS,0,0,1 warning
bf/am.java,CFR,PASS,0,0,1 warning
bf/an.java,CFR,PASS,0,0,1 warning
bf/ao.java,CFR,PASS,0,0,1 warning
bf/ap.java,CFR,PASS,0,0,1 warning
bf/aq.java,CFR,FAIL,1,1,cannot find symbol
bf/ar.java,CFR,PASS,0,0,1 warning
bf/as.java,CFR,PASS,0,0,1 warning
bf/at.java,CFR,PASS,0,0,1 warning
bf/au.java,CFR,PASS,0,0,1 warning
bf/av.java,CFR,PASS,0,0,1 warning
bf/aw.java,CFR,PASS,0,0,1 warning
bf/ax.java,CFR,PASS,0,0,1 warning
bf/ay.java,CFR,FAIL,1,1,cannot find symbol
bf/az.java,CFR,PASS,0,0,1 warning
bf/b.java,VINEFLOWER_HARDTAIL,FAIL,1,57,cannot find symbol
bf/ba.java,CFR,PASS,0,0,1 warning
bf/bb.java,CFR,PASS,0,0,1 warning
bf/bc.java,CFR,PASS,0,0,1 warning
bf/bd.java,CFR,PASS,0,0,1 warning
bf/be.java,CFR,FAIL,1,1,cannot find symbol
bf/bf.java,CFR,FAIL,1,2,cannot find symbol
bf/bg.java,CFR,PASS,0,0,1 warning
bf/bh.java,CFR,PASS,0,0,1 warning
bf/bi.java,CFR,FAIL,1,3,cannot find symbol
bf/bj.java,CFR,FAIL,1,5,cannot find symbol
bf/bk.java,CFR,PASS,0,0,1 warning
bf/bl.java,CFR,PASS,0,0,1 warning
bf/bm.java,CFR,PASS,0,0,1 warning
bf/bn.java,CFR,PASS,0,0,1 warning
bf/bo.java,CFR,PASS,0,0,1 warning
bf/bp.java,CFR,PASS,0,0,1 warning
bf/bq.java,CFR,PASS,0,0,1 warning
bf/br.java,CFR,FAIL,1,1,cannot find symbol
bf/bs.java,CFR,PASS,0,0,1 warning
bf/bt.java,CFR,PASS,0,0,1 warning
bf/bu.java,CFR,PASS,0,0,1 warning
bf/bv.java,CFR,PASS,0,0,1 warning
bf/bw.java,CFR,PASS,0,0,1 warning
bf/bx.java,CFR,FAIL,1,5,cannot find symbol
bf/by.java,CFR,PASS,0,0,1 warning
bf/bz.java,CFR,PASS,0,0,1 warning
bf/c.java,CFR,FAIL,1,2,cannot find symbol
bf/ca.java,CFR,PASS,0,0,1 warning
bf/cb.java,CFR,PASS,0,0,1 warning
bf/cc.java,CFR,PASS,0,0,1 warning
bf/cd.java,CFR,PASS,0,0,1 warning
bf/ce.java,CFR,PASS,0,0,1 warning
bf/cf.java,CFR,PASS,0,0,1 warning
bf/cg.java,CFR,PASS,0,0,1 warning
bf/ch.java,CFR,PASS,0,0,1 warning
bf/ci.java,CFR,PASS,0,0,1 warning
bf/cj.java,CFR,PASS,0,0,1 warning
bf/ck.java,CFR,PASS,0,0,1 warning
bf/cl.java,CFR,FAIL,1,13,<identifier> expected
bf/cm.java,CFR,PASS,0,0,1 warning
bf/cn.java,CFR,PASS,0,0,1 warning
bf/co.java,CFR,PASS,0,0,1 warning
bf/cp.java,CFR,PASS,0,0,1 warning
bf/cq.java,CFR,PASS,0,0,1 warning
bf/cr.java,CFR,PASS,0,0,1 warning
bf/cs.java,CFR,PASS,0,0,1 warning
bf/ct.java,CFR,PASS,0,0,1 warning
bf/cu.java,CFR,PASS,0,0,1 warning
bf/cv.java,CFR,PASS,0,0,1 warning
bf/cw.java,CFR,PASS,0,0,1 warning
bf/cx.java,CFR,PASS,0,0,1 warning
bf/cy.java,CFR,PASS,0,0,1 warning
bf/cz.java,CFR,PASS,0,0,1 warning
bf/d.java,CFR,PASS,0,0,1 warning
bf/da.java,CFR,PASS,0,0,1 warning
bf/db.java,CFR,PASS,0,0,1 warning
bf/dc.java,CFR,PASS,0,0,1 warning
bf/dd.java,CFR,PASS,0,0,1 warning
bf/de.java,CFR,PASS,0,0,1 warning
bf/df.java,CFR,PASS,0,0,1 warning
bf/dg.java,CFR,PASS,0,0,1 warning
bf/dh.java,CFR,FAIL,1,9,<identifier> expected
bf/di.java,CFR,PASS,0,0,1 warning
bf/dj.java,CFR,FAIL,1,13,<identifier> expected
bf/dk.java,CFR,PASS,0,0,1 warning
bf/dl.java,CFR,PASS,0,0,1 warning
bf/dm.java,CFR,PASS,0,0,1 warning
bf/dn.java,CFR,PASS,0,0,1 warning
bf/do.java,CFR,FAIL,1,1,<identifier> expected
bf/dp.java,CFR,PASS,0,0,1 warning
bf/dq.java,CFR,FAIL,1,13,<identifier> expected
bf/dr.java,CFR,PASS,0,0,1 warning
bf/ds.java,CFR,PASS,0,0,1 warning
bf/dt.java,CFR,PASS,0,0,1 warning
bf/du.java,CFR,PASS,0,0,1 warning
bf/dv.java,CFR,PASS,0,0,1 warning
bf/dw.java,CFR,PASS,0,0,1 warning
bf/dx.java,CFR,FAIL,1,6,cannot find symbol
bf/dy.java,CFR,PASS,0,0,1 warning
bf/dz.java,CFR,PASS,0,0,1 warning
bf/e.java,CFR,PASS,0,0,1 warning
bf/ea.java,CFR,FAIL,1,13,<identifier> expected
bf/eb.java,CFR,PASS,0,0,1 warning
bf/ec.java,CFR,PASS,0,0,1 warning
bf/ed.java,CFR,PASS,0,0,1 warning
bf/ee.java,CFR,PASS,0,0,1 warning
bf/ef.java,CFR,PASS,0,0,1 warning
bf/eg.java,CFR,PASS,0,0,1 warning
bf/eh.java,CFR,PASS,0,0,1 warning
bf/ei.java,CFR,PASS,0,0,1 warning
bf/ej.java,CFR,PASS,0,0,1 warning
bf/ek.java,CFR,PASS,0,0,1 warning
bf/el.java,CFR,PASS,0,0,1 warning
bf/em.java,CFR,FAIL,1,5,cannot find symbol
bf/en.java,CFR,PASS,0,0,1 warning
bf/eo.java,CFR,PASS,0,0,1 warning
bf/ep.java,CFR,PASS,0,0,1 warning
bf/eq.java,CFR,PASS,0,0,1 warning
bf/er.java,CFR,PASS,0,0,1 warning
bf/es.java,CFR,PASS,0,0,1 warning
bf/et.java,CFR,PASS,0,0,1 warning
bf/eu.java,CFR,PASS,0,0,1 warning
bf/ev.java,CFR,PASS,0,0,1 warning
bf/ew.java,CFR,PASS,0,0,1 warning
bf/ex.java,CFR,PASS,0,0,1 warning
bf/ey.java,CFR,PASS,0,0,1 warning
bf/ez.java,CFR,PASS,0,0,1 warning
bf/f.java,CFR,FAIL,1,6,cannot find symbol
bf/fa.java,CFR,PASS,0,0,1 warning
bf/fb.java,CFR,PASS,0,0,1 warning
bf/fc.java,CFR,PASS,0,0,1 warning
bf/fd.java,CFR,PASS,0,0,1 warning
bf/fe.java,CFR,FAIL,1,2,cannot find symbol
bf/ff.java,CFR,PASS,0,0,1 warning
bf/fg.java,CFR,PASS,0,0,1 warning
bf/fh.java,CFR,PASS,0,0,1 warning
bf/fi.java,CFR,PASS,0,0,1 warning
bf/fj.java,CFR,PASS,0,0,1 warning
bf/fk.java,CFR,PASS,0,0,1 warning
bf/fl.java,CFR,PASS,0,0,1 warning
bf/fm.java,CFR,PASS,0,0,1 warning
bf/fn.java,CFR,PASS,0,0,1 warning
bf/fo.java,CFR,PASS,0,0,1 warning
bf/fp.java,CFR,PASS,0,0,1 warning
bf/fq.java,CFR,PASS,0,0,1 warning
bf/fr.java,CFR,PASS,0,0,1 warning
bf/fs.java,CFR,PASS,0,0,1 warning
bf/ft.java,CFR,PASS,0,0,1 warning
bf/fu.java,CFR,PASS,0,0,1 warning
bf/fv.java,CFR,PASS,0,0,1 warning
bf/fw.java,CFR,FAIL,1,13,<identifier> expected
bf/fx.java,CFR,PASS,0,0,1 warning
bf/fy.java,CFR,PASS,0,0,1 warning
bf/fz.java,CFR,PASS,0,0,1 warning
bf/g.java,CFR,FAIL,1,1,cannot find symbol
bf/ga.java,CFR,PASS,0,0,1 warning
bf/gb.java,CFR,PASS,0,0,1 warning
bf/gc.java,CFR,PASS,0,0,1 warning
bf/gd.java,CFR,PASS,0,0,1 warning
bf/ge.java,CFR,PASS,0,0,1 warning
bf/gf.java,CFR,PASS,0,0,1 warning
bf/gg.java,CFR,PASS,0,0,1 warning
bf/gh.java,CFR,PASS,0,0,1 warning
bf/gi.java,CFR,PASS,0,0,1 warning
bf/gj.java,CFR,PASS,0,0,1 warning
bf/gk.java,CFR,PASS,0,0,1 warning
bf/gl.java,CFR,FAIL,1,1,cannot find symbol
bf/gm.java,CFR,FAIL,1,6,cannot find symbol
bf/gn.java,CFR,FAIL,1,1,cannot find symbol
bf/go.java,CFR,PASS,0,0,1 warning
bf/gp.java,CFR,PASS,0,0,1 warning
bf/h.java,CFR,PASS,0,0,1 warning
bf/i.java,CFR,PASS,0,0,1 warning
bf/j.java,CFR,PASS,0,0,1 warning
bf/k.java,CFR,PASS,0,0,1 warning
bf/l.java,CFR,PASS,0,0,1 warning
bf/m.java,CFR,FAIL,1,4,a has private access in az
bf/n.java,CFR,PASS,0,0,1 warning
bf/o.java,CFR,PASS,0,0,1 warning
bf/p.java,CFR,PASS,0,0,1 warning
bf/q.java,CFR,PASS,0,0,1 warning
bf/r.java,CFR,PASS,0,0,1 warning
bf/s.java,CFR,PASS,0,0,1 warning
bf/t.java,CFR,PASS,0,0,1 warning
bf/u.java,CFR,FAIL,1,5,cannot find symbol
bf/v.java,CFR,FAIL,1,1,cannot find symbol
bf/w.java,CFR,PASS,0,0,1 warning
bf/x.java,CFR,PASS,0,0,1 warning
bf/y.java,CFR,PASS,0,0,1 warning
bf/z.java,CFR,PASS,0,0,1 warning
bg/a.java,CFR,FAIL,1,1,class a is already defined in package bg
bg/b.java,CFR,FAIL,1,1,<identifier> expected
bg/c.java,CFR,FAIL,1,5,<identifier> expected
bg/d.java,CFR,PASS,0,0,1 warning
bg/e.java,CFR,PASS,0,0,1 warning
bg/f.java,CFR,PASS,0,0,1 warning
bh/a.java,CFR,FAIL,1,2,cannot find symbol
bh/b.java,CFR,PASS,0,0,1 warning
bh/c.java,CFR,PASS,0,0,1 warning
bh/d.java,CFR,PASS,0,0,1 warning
bh/e.java,CFR,PASS,0,0,1 warning
bh/f.java,CFR,FAIL,1,6,unreported exception SQLException; must be caught or declared to be thrown
bh/g.java,CFR,PASS,0,0,1 warning
bh/h.java,CFR,PASS,0,0,1 warning
bh/i.java,CFR,PASS,0,0,1 warning
bh/j.java,CFR,PASS,0,0,1 warning
bh/k.java,CFR,PASS,0,0,1 warning
bh/l.java,CFR,PASS,0,0,1 warning
bh/m.java,CFR,PASS,0,0,1 warning
bh/n.java,CFR,PASS,0,0,1 warning
bh/o.java,CFR,PASS,0,0,1 warning
bh/p.java,CFR,PASS,0,0,1 warning
bh/q.java,CFR,PASS,0,0,1 warning
bh/r.java,CFR,PASS,0,0,1 warning
bh/s.java,CFR,PASS,0,0,1 warning
bh/t.java,CFR,PASS,0,0,1 warning
bh/u.java,CFR,PASS,0,0,1 warning
bh/v.java,CFR,PASS,0,0,1 warning
bh/w.java,CFR,PASS,0,0,1 warning
bi/a.java,CFR,PASS,0,0,1 warning
bi/b.java,CFR,PASS,0,0,1 warning
bi/c.java,CFR,PASS,0,0,1 warning
bi/d.java,CFR,PASS,0,0,1 warning
bi/e.java,CFR,PASS,0,0,1 warning
bi/f.java,CFR,PASS,0,0,1 warning
bi/g.java,CFR,FAIL,1,7,<identifier> expected
bi/h.java,CFR,PASS,0,0,1 warning
bi/i.java,CFR,PASS,0,0,1 warning
bi/j.java,CFR,PASS,0,0,1 warning
bi/k.java,CFR,PASS,0,0,1 warning
bj/a.java,CFR,PASS,0,0,1 warning
bj/b.java,CFR,PASS,0,0,1 warning
bj/c.java,CFR,PASS,0,0,1 warning
bj/d.java,CFR,PASS,0,0,1 warning
bj/e.java,CFR,FAIL,1,1,<identifier> expected
l1j/server/Server.java,CFR,PASS,0,0,1 warning
l1j/server/a.java,CFR,FAIL,1,1,int cannot be dereferenced
l1j/server/b.java,CFR,PASS,0,0,1 warning
