OldInternal,NewInternal,Kind
ai/a,l1r/ai/ActionCodes,TOP_LEVEL
ai/b,l1r/ai/GMCommands,TOP_LEVEL
ai/c,l1r/ai/GameServer,TOP_LEVEL
ai/c$a,l1r/ai/GameServer$a,INNER
ai/c$b,l1r/ai/GameServer$b,INNER
ai/c$c,l1r/ai/GameServer$c,INNER
ai/c$d,l1r/ai/GameServer$d,INNER
ai/c$e,l1r/ai/GameServer$e,INNER
ai/d,l1r/ai/IdFactory,TOP_LEVEL
ai/e,l1r/ai/PacketHandler,TOP_LEVEL
aj/a,l1r/aj/C_AddBookmark,TOP_LEVEL
aj/aa,l1r/aj/C_CreateClan,TOP_LEVEL
aj/ab,l1r/aj/C_CreateParty,TOP_LEVEL
aj/ac,l1r/aj/C_DelBuddy,TOP_LEVEL
aj/ad,l1r/aj/C_DeleteBookmark,TOP_LEVEL
aj/ae,l1r/aj/C_DeleteChar,TOP_LEVEL
aj/af,l1r/aj/C_DeleteInventoryItem,TOP_LEVEL
aj/ag,l1r/aj/C_Deposit,TOP_LEVEL
aj/ah,l1r/aj/C_Disconnect,TOP_LEVEL
aj/ai,l1r/aj/C_Door,TOP_LEVEL
aj/ai$a,l1r/aj/C_Door$a,INNER
aj/aj,l1r/aj/C_Drawal,TOP_LEVEL
aj/ak,l1r/aj/C_DropItem,TOP_LEVEL
aj/al,l1r/aj/C_EmblemDownload,TOP_LEVEL
aj/am,l1r/aj/C_EmblemUpload,TOP_LEVEL
aj/an,l1r/aj/C_EnterPortal,TOP_LEVEL
aj/ao,l1r/aj/C_Exclude,TOP_LEVEL
aj/ap,l1r/aj/C_ExitGhost,TOP_LEVEL
aj/aq,l1r/aj/C_ExtraCommand,TOP_LEVEL
aj/ar,l1r/aj/C_Fight,TOP_LEVEL
aj/as,l1r/aj/C_FishClick,TOP_LEVEL
aj/at,l1r/aj/C_FixWeapon,TOP_LEVEL
aj/au,l1r/aj/C_FixWeaponList,TOP_LEVEL
aj/av,l1r/aj/C_GMTeleport,TOP_LEVEL
aj/aw,l1r/aj/C_GiveItem,TOP_LEVEL
aj/ax,l1r/aj/C_GotoMap,TOP_LEVEL
aj/ay,l1r/aj/C_GotoPortal,TOP_LEVEL
aj/az,l1r/aj/C_ItemUSe,TOP_LEVEL
aj/b,l1r/aj/C_AddBuddy,TOP_LEVEL
aj/ba,l1r/aj/C_JoinClan,TOP_LEVEL
aj/bb,l1r/aj/C_KeepALIVE,TOP_LEVEL
aj/bc,l1r/aj/C_LeaveClan,TOP_LEVEL
aj/bd,l1r/aj/C_LeaveParty,TOP_LEVEL
aj/be,l1r/aj/C_Login,TOP_LEVEL
aj/bf,l1r/aj/C_LoginToServer,TOP_LEVEL
aj/bg,l1r/aj/C_Mail,TOP_LEVEL
aj/bh,l1r/aj/C_MercenaryArrange,TOP_LEVEL
aj/bi,l1r/aj/C_MercenaryEmpoly,TOP_LEVEL
aj/bj,l1r/aj/C_MoveChar,TOP_LEVEL
aj/bk,l1r/aj/C_NpcAction,TOP_LEVEL
aj/bl,l1r/aj/C_NpcTalk,TOP_LEVEL
aj/bm,l1r/aj/C_Party,TOP_LEVEL
aj/bn,l1r/aj/C_PetMenu,TOP_LEVEL
aj/bo,l1r/aj/C_PickUpItem,TOP_LEVEL
aj/bp,l1r/aj/C_Pledge,TOP_LEVEL
aj/bp$a,l1r/aj/C_Pledge$a,INNER
aj/bq,l1r/aj/C_PledgeWatch,TOP_LEVEL
aj/br,l1r/aj/C_Propose,TOP_LEVEL
aj/bs,l1r/aj/C_ProtoBuffers,TOP_LEVEL
aj/bt,l1r/aj/C_Rank,TOP_LEVEL
aj/bu,l1r/aj/C_ReadNews,TOP_LEVEL
aj/bv,l1r/aj/C_Restart,TOP_LEVEL
aj/bw,l1r/aj/C_RestartDead,TOP_LEVEL
aj/bx,l1r/aj/C_Result,TOP_LEVEL
aj/by,l1r/aj/C_SelectTarget,TOP_LEVEL
aj/bz,l1r/aj/C_SendLocation,TOP_LEVEL
aj/c,l1r/aj/C_Amount,TOP_LEVEL
aj/ca,l1r/aj/C_ServerVersion,TOP_LEVEL
aj/cb,l1r/aj/C_Shop,TOP_LEVEL
aj/cc,l1r/aj/C_ShopList,TOP_LEVEL
aj/cd,l1r/aj/C_ShopWorld,TOP_LEVEL
aj/ce,l1r/aj/C_SkillBuy,TOP_LEVEL
aj/cf,l1r/aj/C_SkillBuyItem,TOP_LEVEL
aj/cg,l1r/aj/C_SkillBuyItemOK,TOP_LEVEL
aj/ch,l1r/aj/C_SkillBuyOK,TOP_LEVEL
aj/ci,l1r/aj/C_TaxRate,TOP_LEVEL
aj/cj,l1r/aj/C_Teleport,TOP_LEVEL
aj/ck,l1r/aj/C_TeleportUser,TOP_LEVEL
aj/cl,l1r/aj/C_Title,TOP_LEVEL
aj/cm,l1r/aj/C_Trade,TOP_LEVEL
aj/cn,l1r/aj/C_TradeAddItem,TOP_LEVEL
aj/co,l1r/aj/C_TradeCancel,TOP_LEVEL
aj/cp,l1r/aj/C_TradeOK,TOP_LEVEL
aj/cq,l1r/aj/C_UsePetItem,TOP_LEVEL
aj/cr,l1r/aj/C_UseSkill,TOP_LEVEL
aj/cs,l1r/aj/C_War,TOP_LEVEL
aj/ct,l1r/aj/C_WarePassword,TOP_LEVEL
aj/cu,l1r/aj/C_Who,TOP_LEVEL
aj/cv,l1r/aj/ClientBasePacket,TOP_LEVEL
aj/d,l1r/aj/C_Attack,TOP_LEVEL
aj/e,l1r/aj/C_AttackContinue,TOP_LEVEL
aj/f,l1r/aj/C_Attr,TOP_LEVEL
aj/g,l1r/aj/C_AuthLogin,TOP_LEVEL
aj/h,l1r/aj/C_BanClan,TOP_LEVEL
aj/i,l1r/aj/C_BanParty,TOP_LEVEL
aj/j,l1r/aj/C_Blink,TOP_LEVEL
aj/k,l1r/aj/C_Board,TOP_LEVEL
aj/l,l1r/aj/C_BoardDelete,TOP_LEVEL
aj/m,l1r/aj/C_BoardPage,TOP_LEVEL
aj/n,l1r/aj/C_BoardRead,TOP_LEVEL
aj/o,l1r/aj/C_BoardWrite,TOP_LEVEL
aj/p,l1r/aj/C_Buddy,TOP_LEVEL
aj/q,l1r/aj/C_CallUser,TOP_LEVEL
aj/r,l1r/aj/C_ChangeHeading,TOP_LEVEL
aj/s,l1r/aj/C_CharReset,TOP_LEVEL
aj/t,l1r/aj/C_CharcterConfig,TOP_LEVEL
aj/u,l1r/aj/C_Chat,TOP_LEVEL
aj/v,l1r/aj/C_ChatOnOff,TOP_LEVEL
aj/w,l1r/aj/C_ChatParty,TOP_LEVEL
aj/x,l1r/aj/C_ChatWhisper,TOP_LEVEL
aj/y,l1r/aj/C_CheckPK,TOP_LEVEL
aj/z,l1r/aj/C_CreateChar,TOP_LEVEL
ak/a,l1r/ak/L1Commands,TOP_LEVEL
al/a,l1r/al/L1AccountBanKick,TOP_LEVEL
al/aa,l1r/al/L1HpBar,TOP_LEVEL
al/ab,l1r/al/L1InsertSpawn,TOP_LEVEL
al/ac,l1r/al/L1InvGfxId,TOP_LEVEL
al/ad,l1r/al/L1Invisible,TOP_LEVEL
al/ae,l1r/al/L1Kick,TOP_LEVEL
al/af,l1r/al/L1Kill,TOP_LEVEL
al/ag,l1r/al/L1Level,TOP_LEVEL
al/ah,l1r/al/L1LevelPresent,TOP_LEVEL
al/ai,l1r/al/L1Loc,TOP_LEVEL
al/aj,l1r/al/L1MapMove,TOP_LEVEL
al/ak,l1r/al/L1Move,TOP_LEVEL
al/al,l1r/al/L1PartyRecall,TOP_LEVEL
al/am,l1r/al/L1Patrol,TOP_LEVEL
al/an,l1r/al/L1Poly,TOP_LEVEL
al/ao,l1r/al/L1PowerKick,TOP_LEVEL
al/ap,l1r/al/L1Present,TOP_LEVEL
al/aq,l1r/al/L1Recall,TOP_LEVEL
al/ar,l1r/al/L1ReloadTrap,TOP_LEVEL
al/as,l1r/al/L1ResetTrap,TOP_LEVEL
al/at,l1r/al/L1Ress,TOP_LEVEL
al/au,l1r/al/L1SKick,TOP_LEVEL
al/av,l1r/al/L1ShowTrap,TOP_LEVEL
al/aw,l1r/al/L1Shutdown,TOP_LEVEL
al/ax,l1r/al/L1SpawnCmd,TOP_LEVEL
al/ay,l1r/al/L1Speed,TOP_LEVEL
al/az,l1r/al/L1Status,TOP_LEVEL
al/b,l1r/al/L1Action,TOP_LEVEL
al/ba,l1r/al/L1Summon,TOP_LEVEL
al/bb,l1r/al/L1Tile,TOP_LEVEL
al/bc,l1r/al/L1ToPC,TOP_LEVEL
al/bd,l1r/al/L1ToSpawn,TOP_LEVEL
al/be,l1r/al/L1Visible,TOP_LEVEL
al/bf,l1r/al/L1Who,TOP_LEVEL
al/c,l1r/al/L1AddSkill,TOP_LEVEL
al/d,l1r/al/L1Adena,TOP_LEVEL
al/e,l1r/al/L1AllBuff,TOP_LEVEL
al/f,l1r/al/L1BanIp,TOP_LEVEL
al/g,l1r/al/L1Buff,TOP_LEVEL
al/h,l1r/al/L1CastGfx,TOP_LEVEL
al/i,l1r/al/L1ChangeWeather,TOP_LEVEL
al/j,l1r/al/L1Chat,TOP_LEVEL
al/k,l1r/al/L1ChatNG,TOP_LEVEL
al/l,l1r/al/L1CommandExecutor,TOP_LEVEL
al/m,l1r/al/L1CommandHelp,TOP_LEVEL
al/n,l1r/al/L1CreateItem,TOP_LEVEL
al/o,l1r/al/L1CreateItemSet,TOP_LEVEL
al/p,l1r/al/L1DeleteGroundItem,TOP_LEVEL
al/q,l1r/al/L1Describe,TOP_LEVEL
al/r,l1r/al/L1Echo,TOP_LEVEL
al/s,l1r/al/L1Favorite,TOP_LEVEL
al/t,l1r/al/L1FindInvis,TOP_LEVEL
al/u,l1r/al/L1GM,TOP_LEVEL
al/v,l1r/al/L1GMRoom,TOP_LEVEL
al/w,l1r/al/L1GfxId,TOP_LEVEL
al/x,l1r/al/L1GfxInvList,TOP_LEVEL
al/y,l1r/al/L1GfxNpc,TOP_LEVEL
al/z,l1r/al/L1HomeTown,TOP_LEVEL
am/a,l1r/am/BadNamesList,TOP_LEVEL
am/b,l1r/am/ListSprReader__obf_b,TOP_LEVEL
am/c,l1r/am/ListSprReader__obf_c,TOP_LEVEL
am/d,l1r/am/MonsterListReader,TOP_LEVEL
am/d$a,l1r/am/MonsterListReader$a,INNER
am/d$b,l1r/am/MonsterListReader$b,INNER
am/d$c,l1r/am/MonsterListReader$c,INNER
am/d$d,l1r/am/MonsterListReader$d,INNER
an/a,l1r/an/PBMessageALL,TOP_LEVEL
an/a$1,l1r/an/PBMessageALL$1,INNER
an/a$a,l1r/an/PBMessageALL$a,INNER
an/a$a$1,l1r/an/PBMessageALL$a$1,INNER
an/a$a$a,l1r/an/PBMessageALL$a$a,INNER
an/a$b,l1r/an/PBMessageALL$b,INNER
an/a$c,l1r/an/PBMessageALL$c,INNER
an/a$c$1,l1r/an/PBMessageALL$c$1,INNER
an/a$c$a,l1r/an/PBMessageALL$c$a,INNER
an/a$d,l1r/an/PBMessageALL$d,INNER
an/a$e,l1r/an/PBMessageALL$e,INNER
an/a$e$1,l1r/an/PBMessageALL$e$1,INNER
an/a$e$a,l1r/an/PBMessageALL$e$a,INNER
an/a$f,l1r/an/PBMessageALL$f,INNER
an/a$g,l1r/an/PBMessageALL$g,INNER
an/a$g$1,l1r/an/PBMessageALL$g$1,INNER
an/a$g$a,l1r/an/PBMessageALL$g$a,INNER
an/a$h,l1r/an/PBMessageALL$h,INNER
an/a$i,l1r/an/PBMessageALL$i,INNER
an/a$i$1,l1r/an/PBMessageALL$i$1,INNER
an/a$i$a,l1r/an/PBMessageALL$i$a,INNER
an/a$j,l1r/an/PBMessageALL$j,INNER
an/b,l1r/an/PBMessageALL2,TOP_LEVEL
an/b$1,l1r/an/PBMessageALL2$1,INNER
an/b$a,l1r/an/PBMessageALL2$a,INNER
an/b$a$1,l1r/an/PBMessageALL2$a$1,INNER
an/b$a$a,l1r/an/PBMessageALL2$a$a,INNER
an/b$b,l1r/an/PBMessageALL2$b,INNER
an/b$c,l1r/an/PBMessageALL2$c,INNER
an/b$c$1,l1r/an/PBMessageALL2$c$1,INNER
an/b$c$a,l1r/an/PBMessageALL2$c$a,INNER
an/b$d,l1r/an/PBMessageALL2$d,INNER
an/b$e,l1r/an/PBMessageALL2$e,INNER
an/b$e$1,l1r/an/PBMessageALL2$e$1,INNER
an/b$e$a,l1r/an/PBMessageALL2$e$a,INNER
an/b$f,l1r/an/PBMessageALL2$f,INNER
an/b$g,l1r/an/PBMessageALL2$g,INNER
an/b$g$1,l1r/an/PBMessageALL2$g$1,INNER
an/b$g$a,l1r/an/PBMessageALL2$g$a,INNER
an/b$h,l1r/an/PBMessageALL2$h,INNER
an/b$i,l1r/an/PBMessageALL2$i,INNER
an/b$i$1,l1r/an/PBMessageALL2$i$1,INNER
an/b$i$a,l1r/an/PBMessageALL2$i$a,INNER
an/b$j,l1r/an/PBMessageALL2$j,INNER
an/c,l1r/an/PBMessageALL3,TOP_LEVEL
an/c$1,l1r/an/PBMessageALL3$1,INNER
an/c$a,l1r/an/PBMessageALL3$a,INNER
an/c$a$1,l1r/an/PBMessageALL3$a$1,INNER
an/c$a$a,l1r/an/PBMessageALL3$a$a,INNER
an/c$b,l1r/an/PBMessageALL3$b,INNER
an/c$c,l1r/an/PBMessageALL3$c,INNER
an/c$c$1,l1r/an/PBMessageALL3$c$1,INNER
an/c$c$a,l1r/an/PBMessageALL3$c$a,INNER
an/c$d,l1r/an/PBMessageALL3$d,INNER
an/c$e,l1r/an/PBMessageALL3$e,INNER
an/c$e$1,l1r/an/PBMessageALL3$e$1,INNER
an/c$e$a,l1r/an/PBMessageALL3$e$a,INNER
an/c$f,l1r/an/PBMessageALL3$f,INNER
an/c$g,l1r/an/PBMessageALL3$g,INNER
an/c$g$1,l1r/an/PBMessageALL3$g$1,INNER
an/c$g$a,l1r/an/PBMessageALL3$g$a,INNER
an/c$h,l1r/an/PBMessageALL3$h,INNER
an/c$i,l1r/an/PBMessageALL3$i,INNER
an/c$i$1,l1r/an/PBMessageALL3$i$1,INNER
an/c$i$a,l1r/an/PBMessageALL3$i$a,INNER
an/c$j,l1r/an/PBMessageALL3$j,INNER
an/d,l1r/an/PBMessageALL4,TOP_LEVEL
an/d$1,l1r/an/PBMessageALL4$1,INNER
an/d$a,l1r/an/PBMessageALL4$a,INNER
an/d$a$1,l1r/an/PBMessageALL4$a$1,INNER
an/d$a$a,l1r/an/PBMessageALL4$a$a,INNER
an/d$b,l1r/an/PBMessageALL4$b,INNER
an/d$c,l1r/an/PBMessageALL4$c,INNER
an/d$c$1,l1r/an/PBMessageALL4$c$1,INNER
an/d$c$a,l1r/an/PBMessageALL4$c$a,INNER
an/d$d,l1r/an/PBMessageALL4$d,INNER
an/d$e,l1r/an/PBMessageALL4$e,INNER
an/d$e$1,l1r/an/PBMessageALL4$e$1,INNER
an/d$e$a,l1r/an/PBMessageALL4$e$a,INNER
an/d$f,l1r/an/PBMessageALL4$f,INNER
an/d$g,l1r/an/PBMessageALL4$g,INNER
an/d$g$1,l1r/an/PBMessageALL4$g$1,INNER
an/d$g$a,l1r/an/PBMessageALL4$g$a,INNER
an/d$h,l1r/an/PBMessageALL4$h,INNER
an/d$i,l1r/an/PBMessageALL4$i,INNER
an/d$i$1,l1r/an/PBMessageALL4$i$1,INNER
an/d$i$a,l1r/an/PBMessageALL4$i$a,INNER
an/d$j,l1r/an/PBMessageALL4$j,INNER
an/e,l1r/an/PBMessageALL5,TOP_LEVEL
an/e$1,l1r/an/PBMessageALL5$1,INNER
an/e$a,l1r/an/PBMessageALL5$a,INNER
an/e$a$1,l1r/an/PBMessageALL5$a$1,INNER
an/e$a$a,l1r/an/PBMessageALL5$a$a,INNER
an/e$b,l1r/an/PBMessageALL5$b,INNER
an/e$c,l1r/an/PBMessageALL5$c,INNER
an/e$c$1,l1r/an/PBMessageALL5$c$1,INNER
an/e$c$a,l1r/an/PBMessageALL5$c$a,INNER
an/e$d,l1r/an/PBMessageALL5$d,INNER
an/e$e,l1r/an/PBMessageALL5$e,INNER
an/e$e$1,l1r/an/PBMessageALL5$e$1,INNER
an/e$e$a,l1r/an/PBMessageALL5$e$a,INNER
an/e$f,l1r/an/PBMessageALL5$f,INNER
an/e$g,l1r/an/PBMessageALL5$g,INNER
an/e$g$1,l1r/an/PBMessageALL5$g$1,INNER
an/e$g$a,l1r/an/PBMessageALL5$g$a,INNER
an/e$h,l1r/an/PBMessageALL5$h,INNER
an/e$i,l1r/an/PBMessageALL5$i,INNER
an/e$i$1,l1r/an/PBMessageALL5$i$1,INNER
an/e$i$a,l1r/an/PBMessageALL5$i$a,INNER
an/e$j,l1r/an/PBMessageALL5$j,INNER
an/f,l1r/an/PBMessageALL6,TOP_LEVEL
an/f$1,l1r/an/PBMessageALL6$1,INNER
an/f$a,l1r/an/PBMessageALL6$a,INNER
an/f$a$1,l1r/an/PBMessageALL6$a$1,INNER
an/f$a$a,l1r/an/PBMessageALL6$a$a,INNER
an/f$b,l1r/an/PBMessageALL6$b,INNER
an/f$c,l1r/an/PBMessageALL6$c,INNER
an/f$c$1,l1r/an/PBMessageALL6$c$1,INNER
an/f$c$a,l1r/an/PBMessageALL6$c$a,INNER
an/f$d,l1r/an/PBMessageALL6$d,INNER
an/f$e,l1r/an/PBMessageALL6$e,INNER
an/f$e$1,l1r/an/PBMessageALL6$e$1,INNER
an/f$e$a,l1r/an/PBMessageALL6$e$a,INNER
an/f$f,l1r/an/PBMessageALL6$f,INNER
an/f$g,l1r/an/PBMessageALL6$g,INNER
an/f$g$1,l1r/an/PBMessageALL6$g$1,INNER
an/f$g$a,l1r/an/PBMessageALL6$g$a,INNER
an/f$h,l1r/an/PBMessageALL6$h,INNER
an/f$i,l1r/an/PBMessageALL6$i,INNER
an/f$i$1,l1r/an/PBMessageALL6$i$1,INNER
an/f$i$a,l1r/an/PBMessageALL6$i$a,INNER
an/f$j,l1r/an/PBMessageALL6$j,INNER
an/g,l1r/an/PBMessageALL7,TOP_LEVEL
an/g$1,l1r/an/PBMessageALL7$1,INNER
an/g$a,l1r/an/PBMessageALL7$a,INNER
an/g$a$1,l1r/an/PBMessageALL7$a$1,INNER
an/g$a$a,l1r/an/PBMessageALL7$a$a,INNER
an/g$b,l1r/an/PBMessageALL7$b,INNER
an/g$c,l1r/an/PBMessageALL7$c,INNER
an/g$c$1,l1r/an/PBMessageALL7$c$1,INNER
an/g$c$a,l1r/an/PBMessageALL7$c$a,INNER
an/g$d,l1r/an/PBMessageALL7$d,INNER
an/g$e,l1r/an/PBMessageALL7$e,INNER
an/g$e$1,l1r/an/PBMessageALL7$e$1,INNER
an/g$e$a,l1r/an/PBMessageALL7$e$a,INNER
an/g$f,l1r/an/PBMessageALL7$f,INNER
an/g$g,l1r/an/PBMessageALL7$g,INNER
an/g$g$1,l1r/an/PBMessageALL7$g$1,INNER
an/g$g$a,l1r/an/PBMessageALL7$g$a,INNER
an/g$h,l1r/an/PBMessageALL7$h,INNER
an/g$i,l1r/an/PBMessageALL7$i,INNER
an/g$i$1,l1r/an/PBMessageALL7$i$1,INNER
an/g$i$a,l1r/an/PBMessageALL7$i$a,INNER
an/g$j,l1r/an/PBMessageALL7$j,INNER
an/h,l1r/an/PBMessageALL8,TOP_LEVEL
an/h$1,l1r/an/PBMessageALL8$1,INNER
an/h$a,l1r/an/PBMessageALL8$a,INNER
an/h$a$1,l1r/an/PBMessageALL8$a$1,INNER
an/h$a$a,l1r/an/PBMessageALL8$a$a,INNER
an/h$b,l1r/an/PBMessageALL8$b,INNER
an/h$c,l1r/an/PBMessageALL8$c,INNER
an/h$c$1,l1r/an/PBMessageALL8$c$1,INNER
an/h$c$a,l1r/an/PBMessageALL8$c$a,INNER
an/h$d,l1r/an/PBMessageALL8$d,INNER
an/h$e,l1r/an/PBMessageALL8$e,INNER
an/h$e$1,l1r/an/PBMessageALL8$e$1,INNER
an/h$e$a,l1r/an/PBMessageALL8$e$a,INNER
an/h$f,l1r/an/PBMessageALL8$f,INNER
an/h$g,l1r/an/PBMessageALL8$g,INNER
an/h$g$1,l1r/an/PBMessageALL8$g$1,INNER
an/h$g$a,l1r/an/PBMessageALL8$g$a,INNER
an/h$h,l1r/an/PBMessageALL8$h,INNER
an/h$i,l1r/an/PBMessageALL8$i,INNER
an/h$i$1,l1r/an/PBMessageALL8$i$1,INNER
an/h$i$a,l1r/an/PBMessageALL8$i$a,INNER
an/h$j,l1r/an/PBMessageALL8$j,INNER
an/i,l1r/an/PBMessageALL9,TOP_LEVEL
an/i$1,l1r/an/PBMessageALL9$1,INNER
an/i$a,l1r/an/PBMessageALL9$a,INNER
an/i$a$1,l1r/an/PBMessageALL9$a$1,INNER
an/i$a$a,l1r/an/PBMessageALL9$a$a,INNER
an/i$b,l1r/an/PBMessageALL9$b,INNER
an/i$c,l1r/an/PBMessageALL9$c,INNER
an/i$c$1,l1r/an/PBMessageALL9$c$1,INNER
an/i$c$a,l1r/an/PBMessageALL9$c$a,INNER
an/i$d,l1r/an/PBMessageALL9$d,INNER
an/i$e,l1r/an/PBMessageALL9$e,INNER
an/i$e$1,l1r/an/PBMessageALL9$e$1,INNER
an/i$e$a,l1r/an/PBMessageALL9$e$a,INNER
an/i$f,l1r/an/PBMessageALL9$f,INNER
an/i$g,l1r/an/PBMessageALL9$g,INNER
an/i$g$1,l1r/an/PBMessageALL9$g$1,INNER
an/i$g$a,l1r/an/PBMessageALL9$g$a,INNER
an/i$h,l1r/an/PBMessageALL9$h,INNER
ao/a,l1r/ao/AccountTable,TOP_LEVEL
ao/a$1,l1r/ao/AccountTable$1,INNER
ao/aa,l1r/ao/HistoryTable,TOP_LEVEL
ao/ab,l1r/ao/HouseTable,TOP_LEVEL
ao/ac,l1r/ao/HtmlCraftTable,TOP_LEVEL
ao/ac$a,l1r/ao/HtmlCraftTable$a,INNER
ao/ad,l1r/ao/HtmlTable,TOP_LEVEL
ao/ad$a,l1r/ao/HtmlTable$a,INNER
ao/ae,l1r/ao/HtmlTeleportTable,TOP_LEVEL
ao/ae$a,l1r/ao/HtmlTeleportTable$a,INNER
ao/af,l1r/ao/InnTable,TOP_LEVEL
ao/af$a,l1r/ao/InnTable$a,INNER
ao/ag,l1r/ao/IpTable,TOP_LEVEL
ao/ah,l1r/ao/ItemTable,TOP_LEVEL
ao/ai,l1r/ao/LetterTable,TOP_LEVEL
ao/aj,l1r/ao/LightSpawnTable,TOP_LEVEL
ao/ak,l1r/ao/LostPowerItemTable,TOP_LEVEL
ao/al,l1r/ao/LuckyDrawTable,TOP_LEVEL
ao/al$a,l1r/ao/LuckyDrawTable$a,INNER
ao/al$b,l1r/ao/LuckyDrawTable$b,INNER
ao/am,l1r/ao/MagicDollTable,TOP_LEVEL
ao/am$a,l1r/ao/MagicDollTable$a,INNER
ao/an,l1r/ao/MailTable,TOP_LEVEL
ao/ao,l1r/ao/MapsTable,TOP_LEVEL
ao/ap,l1r/ao/MobGroupTable,TOP_LEVEL
ao/ap$a,l1r/ao/MobGroupTable$a,INNER
ao/ap$b,l1r/ao/MobGroupTable$b,INNER
ao/aq,l1r/ao/MobQuestWeekTable,TOP_LEVEL
ao/aq$a,l1r/ao/MobQuestWeekTable$a,INNER
ao/ar,l1r/ao/MobSkillsTable,TOP_LEVEL
ao/ar$a,l1r/ao/MobSkillsTable$a,INNER
ao/ar$b,l1r/ao/MobSkillsTable$b,INNER
ao/as,l1r/ao/NpcChatTable,TOP_LEVEL
ao/at,l1r/ao/NpcSpawnTable,TOP_LEVEL
ao/au,l1r/ao/NpcTable,TOP_LEVEL
ao/av,l1r/ao/PetItemTable,TOP_LEVEL
ao/aw,l1r/ao/PetTable,TOP_LEVEL
ao/ax,l1r/ao/PetTypeTable,TOP_LEVEL
ao/ay,l1r/ao/PolyTable,TOP_LEVEL
ao/az,l1r/ao/QuestNewTable,TOP_LEVEL
ao/b,l1r/ao/AnnounceTable,TOP_LEVEL
ao/ba,l1r/ao/RankingTable,TOP_LEVEL
ao/ba$1,l1r/ao/RankingTable$1,INNER
ao/ba$a,l1r/ao/RankingTable$a,INNER
ao/bb,l1r/ao/ResolventTable,TOP_LEVEL
ao/bb$a,l1r/ao/ResolventTable$a,INNER
ao/bc,l1r/ao/ShopTable,TOP_LEVEL
ao/bc$1,l1r/ao/ShopTable$1,INNER
ao/bd,l1r/ao/ShopWorldTable,TOP_LEVEL
ao/bd$a,l1r/ao/ShopWorldTable$a,INNER
ao/bd$b,l1r/ao/ShopWorldTable$b,INNER
ao/be,l1r/ao/SkillsTable,TOP_LEVEL
ao/bf,l1r/ao/SoulTowerTable,TOP_LEVEL
ao/bf$1,l1r/ao/SoulTowerTable$1,INNER
ao/bf$a,l1r/ao/SoulTowerTable$a,INNER
ao/bg,l1r/ao/SpawnTable,TOP_LEVEL
ao/bg$a,l1r/ao/SpawnTable$a,INNER
ao/bh,l1r/ao/TownTable,TOP_LEVEL
ao/bi,l1r/ao/TrapSpawnTable,TOP_LEVEL
ao/bi$a,l1r/ao/TrapSpawnTable$a,INNER
ao/bj,l1r/ao/TrapTable,TOP_LEVEL
ao/bj$a,l1r/ao/TrapTable$a,INNER
ao/bk,l1r/ao/TreasureBoxTable,TOP_LEVEL
ao/bk$a,l1r/ao/TreasureBoxTable$a,INNER
ao/bk$b,l1r/ao/TreasureBoxTable$b,INNER
ao/bk$b$1,l1r/ao/TreasureBoxTable$b$1,INNER
ao/bl,l1r/ao/WeaponSkillTable,TOP_LEVEL
ao/bl$a,l1r/ao/WeaponSkillTable$a,INNER
ao/c,l1r/ao/ArmorSetTable,TOP_LEVEL
ao/c$a,l1r/ao/ArmorSetTable$a,INNER
ao/d,l1r/ao/BeginnerTable,TOP_LEVEL
ao/d$a,l1r/ao/BeginnerTable$a,INNER
ao/e,l1r/ao/BossSpawnTable,TOP_LEVEL
ao/f,l1r/ao/BuddyTable,TOP_LEVEL
ao/g,l1r/ao/CastleTable,TOP_LEVEL
ao/h,l1r/ao/CharBuffTable,TOP_LEVEL
ao/i,l1r/ao/CharacterConfigTable,TOP_LEVEL
ao/j,l1r/ao/CharacterEquipment,TOP_LEVEL
ao/k,l1r/ao/CharacterGiftTable,TOP_LEVEL
ao/k$a,l1r/ao/CharacterGiftTable$a,INNER
ao/k$b,l1r/ao/CharacterGiftTable$b,INNER
ao/l,l1r/ao/CharacterItemTable,TOP_LEVEL
ao/m,l1r/ao/CharacterMobsTable,TOP_LEVEL
ao/n,l1r/ao/CharacterMobsWeekTable,TOP_LEVEL
ao/o,l1r/ao/CharacterTable,TOP_LEVEL
ao/o$a,l1r/ao/CharacterTable$a,INNER
ao/p,l1r/ao/ClanMembersTable,TOP_LEVEL
ao/q,l1r/ao/ClanTable,TOP_LEVEL
ao/r,l1r/ao/ConfigTable,TOP_LEVEL
ao/s,l1r/ao/CraftListTable,TOP_LEVEL
ao/t,l1r/ao/DoorTable,TOP_LEVEL
ao/u,l1r/ao/DropMapTable,TOP_LEVEL
ao/u$a,l1r/ao/DropMapTable$a,INNER
ao/u$b,l1r/ao/DropMapTable$b,INNER
ao/v,l1r/ao/DropTable,TOP_LEVEL
ao/w,l1r/ao/ExpTable,TOP_LEVEL
ao/x,l1r/ao/FieldSpawnTable,TOP_LEVEL
ao/y,l1r/ao/FurnitureSpawnTable,TOP_LEVEL
ao/z,l1r/ao/GetBackRestartTable,TOP_LEVEL
ao/z$a,l1r/ao/GetBackRestartTable$a,INNER
ap/a,l1r/ap/L1AttackerInstance,TOP_LEVEL
ap/aa,l1r/ap/L1TowerInstance,TOP_LEVEL
ap/aa$a,l1r/ap/L1TowerInstance$a,INNER
ap/ab,l1r/ap/L1TrapInstance,TOP_LEVEL
ap/b,l1r/ap/L1AuctionBoardInstance,TOP_LEVEL
ap/c,l1r/ap/L1BoardInstance,TOP_LEVEL
ap/d,l1r/ap/L1CrownInstance,TOP_LEVEL
ap/e,l1r/ap/L1DollInstance,TOP_LEVEL
ap/e$a,l1r/ap/L1DollInstance$a,INNER
ap/e$b,l1r/ap/L1DollInstance$b,INNER
ap/f,l1r/ap/L1DoorInstance,TOP_LEVEL
ap/g,l1r/ap/L1DotaInstance,TOP_LEVEL
ap/h,l1r/ap/L1EffectInstance,TOP_LEVEL
ap/h$a,l1r/ap/L1EffectInstance$a,INNER
ap/h$b,l1r/ap/L1EffectInstance$b,INNER
ap/h$c,l1r/ap/L1EffectInstance$c,INNER
ap/i,l1r/ap/L1FieldObjectInstance,TOP_LEVEL
ap/i$a,l1r/ap/L1FieldObjectInstance$a,INNER
ap/j,l1r/ap/L1FishInstance,TOP_LEVEL
ap/j$a,l1r/ap/L1FishInstance$a,INNER
ap/k,l1r/ap/L1FollowerInstance,TOP_LEVEL
ap/l,l1r/ap/L1FurnitureInstance,TOP_LEVEL
ap/m,l1r/ap/L1GfxInstance,TOP_LEVEL
ap/m$a,l1r/ap/L1GfxInstance$a,INNER
ap/n,l1r/ap/L1GuardInstance,TOP_LEVEL
ap/n$a,l1r/ap/L1GuardInstance$a,INNER
ap/o,l1r/ap/L1GuardianInstance,TOP_LEVEL
ap/o$a,l1r/ap/L1GuardianInstance$a,INNER
ap/o$b,l1r/ap/L1GuardianInstance$b,INNER
ap/p,l1r/ap/L1HousekeeperInstance,TOP_LEVEL
ap/q,l1r/ap/L1ItemInstance,TOP_LEVEL
ap/q$a,l1r/ap/L1ItemInstance$a,INNER
ap/q$b,l1r/ap/L1ItemInstance$b,INNER
ap/q$c,l1r/ap/L1ItemInstance$c,INNER
ap/r,l1r/ap/L1KeeperInstance,TOP_LEVEL
ap/s,l1r/ap/L1MonsterInstance,TOP_LEVEL
ap/s$a,l1r/ap/L1MonsterInstance$a,INNER
ap/t,l1r/ap/L1NpcInstance,TOP_LEVEL
ap/t$a,l1r/ap/L1NpcInstance$a,INNER
ap/t$b,l1r/ap/L1NpcInstance$b,INNER
ap/t$c,l1r/ap/L1NpcInstance$c,INNER
ap/t$d,l1r/ap/L1NpcInstance$d,INNER
ap/t$e,l1r/ap/L1NpcInstance$e,INNER
ap/t$f,l1r/ap/L1NpcInstance$f,INNER
ap/t$g,l1r/ap/L1NpcInstance$g,INNER
ap/u,l1r/ap/L1PcInstance,TOP_LEVEL
ap/u$a,l1r/ap/L1PcInstance$a,INNER
ap/u$b,l1r/ap/L1PcInstance$b,INNER
ap/u$c,l1r/ap/L1PcInstance$c,INNER
ap/v,l1r/ap/L1PetInstance,TOP_LEVEL
ap/v$a,l1r/ap/L1PetInstance$a,INNER
ap/w,l1r/ap/L1QuestInstance,TOP_LEVEL
ap/x,l1r/ap/L1ScarecrowInstance,TOP_LEVEL
ap/y,l1r/ap/L1SignboardInstance,TOP_LEVEL
ap/z,l1r/ap/L1SummonInstance,TOP_LEVEL
ap/z$a,l1r/ap/L1SummonInstance$a,INNER
aq/a,l1r/aq/L1AdenTelData,TOP_LEVEL
aq/aa,l1r/aq/L1Object,TOP_LEVEL
aq/ab,l1r/aq/L1Paralysis,TOP_LEVEL
aq/ab$a,l1r/aq/L1Paralysis$a,INNER
aq/ab$b,l1r/aq/L1Paralysis$b,INNER
aq/ac,l1r/aq/L1Party,TOP_LEVEL
aq/ac$a,l1r/aq/L1Party$a,INNER
aq/ad,l1r/aq/L1PinkName,TOP_LEVEL
aq/ad$a,l1r/aq/L1PinkName$a,INNER
aq/ae,l1r/aq/L1PolyMorph,TOP_LEVEL
aq/af,l1r/aq/L1Quest,TOP_LEVEL
aq/ag,l1r/aq/L1Spawn,TOP_LEVEL
aq/ag$a,l1r/aq/L1Spawn$a,INNER
aq/ah,l1r/aq/L1SpawnBoss,TOP_LEVEL
aq/ah$a,l1r/aq/L1SpawnBoss$a,INNER
aq/ai,l1r/aq/L1SpawnEffect,TOP_LEVEL
aq/aj,l1r/aq/L1SpawnWar,TOP_LEVEL
aq/ak,l1r/aq/L1SpeedChecker,TOP_LEVEL
aq/ak$a,l1r/aq/L1SpeedChecker$a,INNER
aq/al,l1r/aq/L1TaxCalculator,TOP_LEVEL
aq/am,l1r/aq/L1Teleport,TOP_LEVEL
aq/an,l1r/aq/L1TownLocation,TOP_LEVEL
aq/ao,l1r/aq/L1Trade,TOP_LEVEL
aq/ap,l1r/aq/L1War,TOP_LEVEL
aq/ap$a,l1r/aq/L1War$a,INNER
aq/ap$b,l1r/aq/L1War$b,INNER
aq/aq,l1r/aq/L1World,TOP_LEVEL
aq/b,l1r/aq/L1Alchemy,TOP_LEVEL
aq/c,l1r/aq/L1Attack,TOP_LEVEL
aq/d,l1r/aq/L1Buddy,TOP_LEVEL
aq/e,l1r/aq/L1CastleLocation,TOP_LEVEL
aq/e$a,l1r/aq/L1CastleLocation$a,INNER
aq/f,l1r/aq/L1Character,TOP_LEVEL
aq/g,l1r/aq/L1Chat,TOP_LEVEL
aq/h,l1r/aq/L1ChatParty,TOP_LEVEL
aq/i,l1r/aq/L1Clan,TOP_LEVEL
aq/j,l1r/aq/L1Cooking,TOP_LEVEL
aq/k,l1r/aq/L1Craft,TOP_LEVEL
aq/l,l1r/aq/L1Dungeon,TOP_LEVEL
aq/l$a,l1r/aq/L1Dungeon$a,INNER
aq/l$b,l1r/aq/L1Dungeon$b,INNER
aq/m,l1r/aq/L1EquipmentSlot,TOP_LEVEL
aq/n,l1r/aq/L1ExcludingList,TOP_LEVEL
aq/o,l1r/aq/L1Getback,TOP_LEVEL
aq/p,l1r/aq/L1GuardianSoul,TOP_LEVEL
aq/p$a,l1r/aq/L1GuardianSoul$a,INNER
aq/q,l1r/aq/L1HateList,TOP_LEVEL
aq/q$a,l1r/aq/L1HateList$a,INNER
aq/r,l1r/aq/L1HouseLocation,TOP_LEVEL
aq/s,l1r/aq/L1ItemQuestBuff,TOP_LEVEL
aq/t,l1r/aq/L1Karma,TOP_LEVEL
aq/u,l1r/aq/L1Location,TOP_LEVEL
aq/v,l1r/aq/L1LoginCharList,TOP_LEVEL
aq/w,l1r/aq/L1Magic,TOP_LEVEL
aq/x,l1r/aq/L1Master,TOP_LEVEL
aq/y,l1r/aq/L1MobGroupInfo,TOP_LEVEL
aq/z,l1r/aq/L1NpcTalkData,TOP_LEVEL
ar/a,l1r/ar/L1ClassFeature,TOP_LEVEL
ar/b,l1r/ar/L1DarkElfClassFeature,TOP_LEVEL
ar/c,l1r/ar/L1DragonKnightClassFeature,TOP_LEVEL
ar/d,l1r/ar/L1ElfClassFeature,TOP_LEVEL
ar/e,l1r/ar/L1IllusionistClassFeature,TOP_LEVEL
ar/f,l1r/ar/L1KnightClassFeature,TOP_LEVEL
ar/g,l1r/ar/L1RoyalClassFeature,TOP_LEVEL
ar/h,l1r/ar/L1WarriorClassFeature,TOP_LEVEL
ar/i,l1r/ar/L1WizardClassFeature,TOP_LEVEL
as/a,l1r/as/L1BugBearRace,TOP_LEVEL
as/a$a,l1r/as/L1BugBearRace$a,INNER
as/a$b,l1r/as/L1BugBearRace$b,INNER
as/a$c,l1r/as/L1BugBearRace$c,INNER
as/a$d,l1r/as/L1BugBearRace$d,INNER
as/b,l1r/as/L1CastleWar,TOP_LEVEL
as/b$a,l1r/as/L1CastleWar$a,INNER
as/c,l1r/as/L1CentralTemple,TOP_LEVEL
as/c$a,l1r/as/L1CentralTemple$a,INNER
as/d,l1r/as/L1Dragon,TOP_LEVEL
as/d$a,l1r/as/L1Dragon$a,INNER
as/e,l1r/as/L1HardinBattle,TOP_LEVEL
as/e$a,l1r/as/L1HardinBattle$a,INNER
as/f,l1r/as/L1IceQueen,TOP_LEVEL
as/f$a,l1r/as/L1IceQueen$a,INNER
as/g,l1r/as/L1OrimBattle,TOP_LEVEL
as/g$a,l1r/as/L1OrimBattle$a,INNER
as/h,l1r/as/L1SoulStone,TOP_LEVEL
as/h$a,l1r/as/L1SoulStone$a,INNER
as/i,l1r/as/L1SoulTower,TOP_LEVEL
as/i$a,l1r/as/L1SoulTower$a,INNER
as/j,l1r/as/L1ThebesBattle,TOP_LEVEL
as/j$1,l1r/as/L1ThebesBattle$1,INNER
as/j$2,l1r/as/L1ThebesBattle$2,INNER
as/j$3,l1r/as/L1ThebesBattle$3,INNER
as/j$a,l1r/as/L1ThebesBattle$a,INNER
as/j$b,l1r/as/L1ThebesBattle$b,INNER
as/j$c,l1r/as/L1ThebesBattle$c,INNER
as/j$d,l1r/as/L1ThebesBattle$d,INNER
as/j$e,l1r/as/L1ThebesBattle$e,INNER
as/j$f,l1r/as/L1ThebesBattle$f,INNER
as/j$g,l1r/as/L1ThebesBattle$g,INNER
as/k,l1r/as/L1ValakasLair,TOP_LEVEL
as/k$a,l1r/as/L1ValakasLair$a,INNER
at/a,l1r/at/L1GameTime,TOP_LEVEL
at/b,l1r/at/L1GameTimeAdapter,TOP_LEVEL
at/c,l1r/at/L1GameTimeClock,TOP_LEVEL
at/c$a,l1r/at/L1GameTimeClock$a,INNER
at/d,l1r/at/L1GameTimeListener,TOP_LEVEL
au/a,l1r/au/L1AccountInventory,TOP_LEVEL
au/b,l1r/au/L1CharInventory,TOP_LEVEL
au/c,l1r/au/L1ClanInventory,TOP_LEVEL
au/d,l1r/au/L1ElvenInventory,TOP_LEVEL
au/e,l1r/au/L1GroundInventory,TOP_LEVEL
au/f,l1r/au/L1Inventory,TOP_LEVEL
au/f$a,l1r/au/L1Inventory$a,INNER
au/g,l1r/au/L1PcInventory,TOP_LEVEL
av/a,l1r/av/L1ItemDelay,TOP_LEVEL
av/a$a,l1r/av/L1ItemDelay$a,INNER
aw/a,l1r/aw/Enchant,TOP_LEVEL
aw/b,l1r/aw/FurnitureItem,TOP_LEVEL
aw/c,l1r/aw/MagicDoll,TOP_LEVEL
aw/d,l1r/aw/Potion,TOP_LEVEL
ax/a,l1r/ax/CachedMapReader,TOP_LEVEL
ax/b,l1r/ax/L1Map,TOP_LEVEL
ax/c,l1r/ax/L1MapArea,TOP_LEVEL
ax/d,l1r/ax/L1WorldMap,TOP_LEVEL
ax/e,l1r/ax/MapReader,TOP_LEVEL
ax/f,l1r/ax/TextMapReader,TOP_LEVEL
ay/a,l1r/ay/L1PcAtkMonitor,TOP_LEVEL
ay/b,l1r/ay/L1PcAutoUpdate,TOP_LEVEL
ay/c,l1r/ay/L1PcEinMonitor,TOP_LEVEL
ay/d,l1r/ay/L1PcExpMonitor,TOP_LEVEL
ay/e,l1r/ay/L1PcInvisDelay,TOP_LEVEL
ay/f,l1r/ay/L1PcMonitor,TOP_LEVEL
az/a,l1r/az/L1DamagePoison,TOP_LEVEL
az/a$a,l1r/az/L1DamagePoison$a,INNER
az/b,l1r/az/L1ParalysisPoison,TOP_LEVEL
az/b$a,l1r/az/L1ParalysisPoison$a,INNER
az/b$b,l1r/az/L1ParalysisPoison$b,INNER
az/c,l1r/az/L1Poison,TOP_LEVEL
az/d,l1r/az/L1SilencePoison,TOP_LEVEL
ba/a,l1r/ba/AnnounceTimer,TOP_LEVEL
ba/a$a,l1r/ba/AnnounceTimer$a,INNER
ba/b,l1r/ba/ClearGroundTimer,TOP_LEVEL
ba/b$a,l1r/ba/ClearGroundTimer$a,INNER
ba/c,l1r/ba/ClientAliveTimer,TOP_LEVEL
ba/c$a,l1r/ba/ClientAliveTimer$a,INNER
ba/d,l1r/ba/CurrentTimeReseter,TOP_LEVEL
ba/d$a,l1r/ba/CurrentTimeReseter$a,INNER
ba/d$b,l1r/ba/CurrentTimeReseter$b,INNER
ba/d$c,l1r/ba/CurrentTimeReseter$c,INNER
ba/e,l1r/ba/ElementalStoneTimer,TOP_LEVEL
ba/f,l1r/ba/FieldLightTimer,TOP_LEVEL
ba/g,l1r/ba/HellTimer,TOP_LEVEL
ba/g$a,l1r/ba/HellTimer$a,INNER
ba/h,l1r/ba/HomeTownTimer,TOP_LEVEL
ba/h$a,l1r/ba/HomeTownTimer$a,INNER
ba/i,l1r/ba/HouseTimer,TOP_LEVEL
ba/i$a,l1r/ba/HouseTimer$a,INNER
ba/j,l1r/ba/InventoryTimer,TOP_LEVEL
ba/j$a,l1r/ba/InventoryTimer$a,INNER
bb/a,l1r/bb/CubeEffectTimer,TOP_LEVEL
bb/b,l1r/bb/NpcChatTimer,TOP_LEVEL
bc/a,l1r/bc/FishingTimer,TOP_LEVEL
bc/a$a,l1r/bc/FishingTimer$a,INNER
bc/b,l1r/bc/HpRegenerationTimer,TOP_LEVEL
bc/c,l1r/bc/MpRegenerationTimer,TOP_LEVEL
bc/d,l1r/bc/ShiftLoginTimer,TOP_LEVEL
bc/e,l1r/bc/WeaponChaserTimer,TOP_LEVEL
bd/a,l1r/bd/L1Trap__obf_a,TOP_LEVEL
bd/b,l1r/bd/L1DamageTrap,TOP_LEVEL
bd/c,l1r/bd/L1HealingTrap,TOP_LEVEL
bd/d,l1r/bd/L1MonsterTrap,TOP_LEVEL
bd/e,l1r/bd/L1Trap__obf_e,TOP_LEVEL
bd/f,l1r/bd/L1PoisonTrap,TOP_LEVEL
bd/g,l1r/bd/L1SkillTrap,TOP_LEVEL
bd/h,l1r/bd/L1TeleportTrap,TOP_LEVEL
bd/i,l1r/bd/L1Trap__obf_i,TOP_LEVEL
bd/j,l1r/bd/TrapStorage,TOP_LEVEL
be/a,l1r/be/S_Ability,TOP_LEVEL
be/aa,l1r/be/S_CharacterConfig,TOP_LEVEL
be/ab,l1r/be/S_ChatPacket,TOP_LEVEL
be/ac,l1r/be/S_ClanName,TOP_LEVEL
be/ad,l1r/be/S_CurseBlind,TOP_LEVEL
be/ae,l1r/be/S_DelSkill,TOP_LEVEL
be/af,l1r/be/S_DeleteCharOK,TOP_LEVEL
be/ag,l1r/be/S_DeleteInventoryItem,TOP_LEVEL
be/ah,l1r/be/S_Deposit,TOP_LEVEL
be/ai,l1r/be/S_Dexup,TOP_LEVEL
be/aj,l1r/be/S_Disconnect,TOP_LEVEL
be/ak,l1r/be/S_DoActionGFX,TOP_LEVEL
be/al,l1r/be/S_DoActionShop,TOP_LEVEL
be/am,l1r/be/S_DollPack,TOP_LEVEL
be/an,l1r/be/S_DoorPack,TOP_LEVEL
be/ao,l1r/be/S_Drawal,TOP_LEVEL
be/ap,l1r/be/S_DropItemPack,TOP_LEVEL
be/aq,l1r/be/S_EffectLocation,TOP_LEVEL
be/ar,l1r/be/S_Emblem,TOP_LEVEL
be/as,l1r/be/S_EquipmentSlot,TOP_LEVEL
be/at,l1r/be/S_Extended,TOP_LEVEL
be/au,l1r/be/S_Fight,TOP_LEVEL
be/av,l1r/be/S_Fishing,TOP_LEVEL
be/aw,l1r/be/S_FixWeaponList,TOP_LEVEL
be/ax,l1r/be/S_FollowerPack,TOP_LEVEL
be/ay,l1r/be/S_GameTime,TOP_LEVEL
be/az,l1r/be/S_HPMeter,TOP_LEVEL
be/b,l1r/be/S_ActiveSpells,TOP_LEVEL
be/ba,l1r/be/S_HPUpdate,TOP_LEVEL
be/bb,l1r/be/S_HouseMap,TOP_LEVEL
be/bc,l1r/be/S_HowManyKey,TOP_LEVEL
be/bd,l1r/be/S_HowManyMake,TOP_LEVEL
be/be,l1r/be/S_Html,TOP_LEVEL
be/bf,l1r/be/S_IdentifyDesc,TOP_LEVEL
be/bg,l1r/be/S_InitAbility,TOP_LEVEL
be/bh,l1r/be/S_InvList,TOP_LEVEL
be/bi,l1r/be/S_Invis,TOP_LEVEL
be/bj,l1r/be/S_ItemAttribute,TOP_LEVEL
be/bk,l1r/be/S_ItemColor,TOP_LEVEL
be/bl,l1r/be/S_ItemDesc,TOP_LEVEL
be/bm,l1r/be/S_ItemName,TOP_LEVEL
be/bn,l1r/be/S_Karma,TOP_LEVEL
be/bo,l1r/be/S_KeeperPack,TOP_LEVEL
be/bp,l1r/be/S_Key,TOP_LEVEL
be/bq,l1r/be/S_Lawful,TOP_LEVEL
be/br,l1r/be/S_Light,TOP_LEVEL
be/bs,l1r/be/S_Liquor,TOP_LEVEL
be/bt,l1r/be/S_LoginGame,TOP_LEVEL
be/bu,l1r/be/S_LoginResult,TOP_LEVEL
be/bv,l1r/be/S_MPUpdate,TOP_LEVEL
be/bw,l1r/be/S_Mail,TOP_LEVEL
be/bx,l1r/be/S_MapID,TOP_LEVEL
be/by,l1r/be/S_MercenaryArrange,TOP_LEVEL
be/bz,l1r/be/S_MercenaryEmpoly,TOP_LEVEL
be/c,l1r/be/S_AddItem,TOP_LEVEL
be/ca,l1r/be/S_Message_YN,TOP_LEVEL
be/cb,l1r/be/S_MoveCharPacket,TOP_LEVEL
be/cc,l1r/be/S_NPCPack,TOP_LEVEL
be/cd,l1r/be/S_NewCharPacket,TOP_LEVEL
be/ce,l1r/be/S_News,TOP_LEVEL
be/cf,l1r/be/S_NpcChangeShape,TOP_LEVEL
be/cg,l1r/be/S_NpcChatPacket,TOP_LEVEL
be/ch,l1r/be/S_OtherCharPacks,TOP_LEVEL
be/ci,l1r/be/S_OwnCharAttrDef,TOP_LEVEL
be/cj,l1r/be/S_OwnCharPack,TOP_LEVEL
be/ck,l1r/be/S_OwnCharStatus,TOP_LEVEL
be/cl,l1r/be/S_OwnCharStatus2,TOP_LEVEL
be/cm,l1r/be/S_PacketBox,TOP_LEVEL
be/cn,l1r/be/S_Paralysis,TOP_LEVEL
be/co,l1r/be/S_Party,TOP_LEVEL
be/cp,l1r/be/S_PetCtrlMenu,TOP_LEVEL
be/cq,l1r/be/S_PetEquipment,TOP_LEVEL
be/cr,l1r/be/S_PetInventory,TOP_LEVEL
be/cs,l1r/be/S_PetList,TOP_LEVEL
be/ct,l1r/be/S_PetMenuPacket,TOP_LEVEL
be/cu,l1r/be/S_PetPack,TOP_LEVEL
be/cv,l1r/be/S_PinkName,TOP_LEVEL
be/cw,l1r/be/S_Pledge,TOP_LEVEL
be/cx,l1r/be/S_PledgeWarehouseHistory,TOP_LEVEL
be/cx$a,l1r/be/S_PledgeWarehouseHistory$a,INNER
be/cy,l1r/be/S_PledgeWatch,TOP_LEVEL
be/cz,l1r/be/S_Poison,TOP_LEVEL
be/d,l1r/be/S_AddSkill,TOP_LEVEL
be/da,l1r/be/S_Portal,TOP_LEVEL
be/db,l1r/be/S_PrivateShop,TOP_LEVEL
be/dc,l1r/be/S_ProtoBuffers,TOP_LEVEL
be/dd,l1r/be/S_Race,TOP_LEVEL
be/de,l1r/be/S_RangeSkill,TOP_LEVEL
be/df,l1r/be/S_Rank,TOP_LEVEL
be/dg,l1r/be/S_RedMessage,TOP_LEVEL
be/dh,l1r/be/S_RemoveObject,TOP_LEVEL
be/di,l1r/be/S_Resurrection,TOP_LEVEL
be/dj,l1r/be/S_RetrieveList,TOP_LEVEL
be/dk,l1r/be/S_RetrieveListChar,TOP_LEVEL
be/dl,l1r/be/S_RetrieveListClan,TOP_LEVEL
be/dm,l1r/be/S_RetrieveListElven,TOP_LEVEL
be/dn,l1r/be/S_RuneSlot,TOP_LEVEL
be/do,l1r/be/S_SPMR,TOP_LEVEL
be/dp,l1r/be/S_SelectTarget,TOP_LEVEL
be/dq,l1r/be/S_SellHouse,TOP_LEVEL
be/dr,l1r/be/S_SendLocation,TOP_LEVEL
be/ds,l1r/be/S_ServerMessage,TOP_LEVEL
be/dt,l1r/be/S_ServerVersion,TOP_LEVEL
be/du,l1r/be/S_ShopBuyList,TOP_LEVEL
be/dv,l1r/be/S_ShopSellList,TOP_LEVEL
be/dw,l1r/be/S_SignboardPack,TOP_LEVEL
be/dx,l1r/be/S_SkillBrave,TOP_LEVEL
be/dy,l1r/be/S_SkillBuy,TOP_LEVEL
be/dz,l1r/be/S_SkillBuyItem,TOP_LEVEL
be/e,l1r/be/S_ApplyAuction,TOP_LEVEL
be/ea,l1r/be/S_SkillHaste,TOP_LEVEL
be/eb,l1r/be/S_SkillIconAura,TOP_LEVEL
be/ec,l1r/be/S_SkillIconBlessOfEva,TOP_LEVEL
be/ed,l1r/be/S_SkillIconShield,TOP_LEVEL
be/ee,l1r/be/S_SkillSound,TOP_LEVEL
be/ef,l1r/be/S_Sound,TOP_LEVEL
be/eg,l1r/be/S_Strup,TOP_LEVEL
be/eh,l1r/be/S_SummonPack,TOP_LEVEL
be/ei,l1r/be/S_SystemMessage,TOP_LEVEL
be/ej,l1r/be/S_TaxRate,TOP_LEVEL
be/ek,l1r/be/S_Teleport,TOP_LEVEL
be/el,l1r/be/S_Trade,TOP_LEVEL
be/em,l1r/be/S_TradeAddItem,TOP_LEVEL
be/en,l1r/be/S_TradeStatus,TOP_LEVEL
be/eo,l1r/be/S_TrapPack,TOP_LEVEL
be/ep,l1r/be/S_TrueTarget,TOP_LEVEL
be/eq,l1r/be/S_War,TOP_LEVEL
be/er,l1r/be/S_WarTime,TOP_LEVEL
be/es,l1r/be/S_Weather,TOP_LEVEL
be/et,l1r/be/S_WhoCharinfo,TOP_LEVEL
be/eu,l1r/be/ServerBasePacket,TOP_LEVEL
be/f,l1r/be/S_ArcharArrange,TOP_LEVEL
be/g,l1r/be/S_AttackPacket,TOP_LEVEL
be/h,l1r/be/S_Attribute,TOP_LEVEL
be/i,l1r/be/S_AuctionBoard,TOP_LEVEL
be/j,l1r/be/S_AuctionBoardRead,TOP_LEVEL
be/k,l1r/be/S_Blink,TOP_LEVEL
be/l,l1r/be/S_Board,TOP_LEVEL
be/m,l1r/be/S_BoardRead,TOP_LEVEL
be/n,l1r/be/S_Bookmarks,TOP_LEVEL
be/o,l1r/be/S_CastleMaster,TOP_LEVEL
be/p,l1r/be/S_ChangeHeading,TOP_LEVEL
be/q,l1r/be/S_ChangeLevel,TOP_LEVEL
be/r,l1r/be/S_ChangeName,TOP_LEVEL
be/s,l1r/be/S_ChangeShape,TOP_LEVEL
be/t,l1r/be/S_CharAmount,TOP_LEVEL
be/u,l1r/be/S_CharCreateStatus,TOP_LEVEL
be/v,l1r/be/S_CharEvent,TOP_LEVEL
be/v$1,l1r/be/S_CharEvent$1,INNER
be/w,l1r/be/S_CharList,TOP_LEVEL
be/x,l1r/be/S_CharReset,TOP_LEVEL
be/y,l1r/be/S_CharTitle,TOP_LEVEL
be/z,l1r/be/S_CharVisualUpdate,TOP_LEVEL
bf/a,l1r/bf/L1SkillExecutor,TOP_LEVEL
bf/aa,l1r/bf/S_026,TOP_LEVEL
bf/ab,l1r/bf/S_027,TOP_LEVEL
bf/ac,l1r/bf/S_028,TOP_LEVEL
bf/ad,l1r/bf/S_029,TOP_LEVEL
bf/ae,l1r/bf/S_030,TOP_LEVEL
bf/af,l1r/bf/S_031,TOP_LEVEL
bf/ag,l1r/bf/S_032,TOP_LEVEL
bf/ah,l1r/bf/S_033,TOP_LEVEL
bf/ai,l1r/bf/S_034,TOP_LEVEL
bf/aj,l1r/bf/S_035,TOP_LEVEL
bf/ak,l1r/bf/S_036,TOP_LEVEL
bf/al,l1r/bf/S_037,TOP_LEVEL
bf/am,l1r/bf/S_038,TOP_LEVEL
bf/an,l1r/bf/S_039,TOP_LEVEL
bf/ao,l1r/bf/S_040,TOP_LEVEL
bf/ap,l1r/bf/S_041,TOP_LEVEL
bf/aq,l1r/bf/S_042,TOP_LEVEL
bf/ar,l1r/bf/S_043,TOP_LEVEL
bf/as,l1r/bf/S_044,TOP_LEVEL
bf/at,l1r/bf/S_045,TOP_LEVEL
bf/au,l1r/bf/S_046,TOP_LEVEL
bf/av,l1r/bf/S_047,TOP_LEVEL
bf/aw,l1r/bf/S_048,TOP_LEVEL
bf/ax,l1r/bf/S_049,TOP_LEVEL
bf/ay,l1r/bf/S_050,TOP_LEVEL
bf/az,l1r/bf/S_051,TOP_LEVEL
bf/b,l1r/bf/S_000,TOP_LEVEL
bf/ba,l1r/bf/S_052,TOP_LEVEL
bf/bb,l1r/bf/S_053,TOP_LEVEL
bf/bc,l1r/bf/S_054,TOP_LEVEL
bf/bd,l1r/bf/S_055,TOP_LEVEL
bf/be,l1r/bf/S_056,TOP_LEVEL
bf/bf,l1r/bf/S_057,TOP_LEVEL
bf/bg,l1r/bf/S_058,TOP_LEVEL
bf/bh,l1r/bf/S_059,TOP_LEVEL
bf/bi,l1r/bf/S_060,TOP_LEVEL
bf/bj,l1r/bf/S_061,TOP_LEVEL
bf/bk,l1r/bf/S_062,TOP_LEVEL
bf/bl,l1r/bf/S_063,TOP_LEVEL
bf/bm,l1r/bf/S_064,TOP_LEVEL
bf/bn,l1r/bf/S_065,TOP_LEVEL
bf/bo,l1r/bf/S_066,TOP_LEVEL
bf/bp,l1r/bf/S_067,TOP_LEVEL
bf/bq,l1r/bf/S_068,TOP_LEVEL
bf/br,l1r/bf/S_069,TOP_LEVEL
bf/bs,l1r/bf/S_070,TOP_LEVEL
bf/bt,l1r/bf/S_071,TOP_LEVEL
bf/bu,l1r/bf/S_072,TOP_LEVEL
bf/bv,l1r/bf/S_073,TOP_LEVEL
bf/bw,l1r/bf/S_074,TOP_LEVEL
bf/bx,l1r/bf/S_075,TOP_LEVEL
bf/by,l1r/bf/S_076,TOP_LEVEL
bf/bz,l1r/bf/S_077,TOP_LEVEL
bf/c,l1r/bf/S_001,TOP_LEVEL
bf/ca,l1r/bf/S_078,TOP_LEVEL
bf/cb,l1r/bf/S_079,TOP_LEVEL
bf/cc,l1r/bf/S_080,TOP_LEVEL
bf/cd,l1r/bf/S_087,TOP_LEVEL
bf/ce,l1r/bf/S_088,TOP_LEVEL
bf/cf,l1r/bf/S_089,TOP_LEVEL
bf/cg,l1r/bf/S_090,TOP_LEVEL
bf/ch,l1r/bf/S_091,TOP_LEVEL
bf/ci,l1r/bf/S_092,TOP_LEVEL
bf/cj,l1r/bf/S_097,TOP_LEVEL
bf/ck,l1r/bf/S_098,TOP_LEVEL
bf/cl,l1r/bf/S_099,TOP_LEVEL
bf/cm,l1r/bf/S_100,TOP_LEVEL
bf/cn,l1r/bf/S_101,TOP_LEVEL
bf/co,l1r/bf/S_102,TOP_LEVEL
bf/cp,l1r/bf/S_103,TOP_LEVEL
bf/cq,l1r/bf/S_104,TOP_LEVEL
bf/cr,l1r/bf/S_105,TOP_LEVEL
bf/cs,l1r/bf/S_106,TOP_LEVEL
bf/ct,l1r/bf/S_107,TOP_LEVEL
bf/cu,l1r/bf/S_108,TOP_LEVEL
bf/cv,l1r/bf/S_109,TOP_LEVEL
bf/cw,l1r/bf/S_110,TOP_LEVEL
bf/cx,l1r/bf/S_111,TOP_LEVEL
bf/cy,l1r/bf/S_112,TOP_LEVEL
bf/cz,l1r/bf/S_113,TOP_LEVEL
bf/d,l1r/bf/S_002,TOP_LEVEL
bf/da,l1r/bf/S_114,TOP_LEVEL
bf/db,l1r/bf/S_115,TOP_LEVEL
bf/dc,l1r/bf/S_116,TOP_LEVEL
bf/dd,l1r/bf/S_117,TOP_LEVEL
bf/de,l1r/bf/S_118,TOP_LEVEL
bf/df,l1r/bf/S_119,TOP_LEVEL
bf/dg,l1r/bf/S_120,TOP_LEVEL
bf/dh,l1r/bf/S_121,TOP_LEVEL
bf/di,l1r/bf/S_122,TOP_LEVEL
bf/dj,l1r/bf/S_129,TOP_LEVEL
bf/dk,l1r/bf/S_130,TOP_LEVEL
bf/dl,l1r/bf/S_131,TOP_LEVEL
bf/dm,l1r/bf/S_132,TOP_LEVEL
bf/dn,l1r/bf/S_133,TOP_LEVEL
bf/do,l1r/bf/S_134,TOP_LEVEL
bf/dp,l1r/bf/S_135,TOP_LEVEL
bf/dq,l1r/bf/S_137,TOP_LEVEL
bf/dr,l1r/bf/S_138,TOP_LEVEL
bf/ds,l1r/bf/S_145,TOP_LEVEL
bf/dt,l1r/bf/S_146,TOP_LEVEL
bf/du,l1r/bf/S_147,TOP_LEVEL
bf/dv,l1r/bf/S_148,TOP_LEVEL
bf/dw,l1r/bf/S_149,TOP_LEVEL
bf/dx,l1r/bf/S_150,TOP_LEVEL
bf/dy,l1r/bf/S_151,TOP_LEVEL
bf/dz,l1r/bf/S_152,TOP_LEVEL
bf/e,l1r/bf/S_003,TOP_LEVEL
bf/ea,l1r/bf/S_153,TOP_LEVEL
bf/eb,l1r/bf/S_154,TOP_LEVEL
bf/ec,l1r/bf/S_155,TOP_LEVEL
bf/ed,l1r/bf/S_156,TOP_LEVEL
bf/ee,l1r/bf/S_157,TOP_LEVEL
bf/ef,l1r/bf/S_158,TOP_LEVEL
bf/eg,l1r/bf/S_159,TOP_LEVEL
bf/eh,l1r/bf/S_160,TOP_LEVEL
bf/ei,l1r/bf/S_161,TOP_LEVEL
bf/ej,l1r/bf/S_162,TOP_LEVEL
bf/ek,l1r/bf/S_163,TOP_LEVEL
bf/el,l1r/bf/S_164,TOP_LEVEL
bf/em,l1r/bf/S_165,TOP_LEVEL
bf/en,l1r/bf/S_166,TOP_LEVEL
bf/eo,l1r/bf/S_167,TOP_LEVEL
bf/ep,l1r/bf/S_168,TOP_LEVEL
bf/eq,l1r/bf/S_169,TOP_LEVEL
bf/er,l1r/bf/S_170,TOP_LEVEL
bf/es,l1r/bf/S_171,TOP_LEVEL
bf/et,l1r/bf/S_172,TOP_LEVEL
bf/eu,l1r/bf/S_173,TOP_LEVEL
bf/ev,l1r/bf/S_174,TOP_LEVEL
bf/ew,l1r/bf/S_175,TOP_LEVEL
bf/ex,l1r/bf/S_176,TOP_LEVEL
bf/ey,l1r/bf/S_181,TOP_LEVEL
bf/ez,l1r/bf/S_182,TOP_LEVEL
bf/f,l1r/bf/S_004,TOP_LEVEL
bf/fa,l1r/bf/S_183,TOP_LEVEL
bf/fb,l1r/bf/S_184,TOP_LEVEL
bf/fc,l1r/bf/S_185,TOP_LEVEL
bf/fd,l1r/bf/S_186,TOP_LEVEL
bf/fe,l1r/bf/S_187,TOP_LEVEL
bf/ff,l1r/bf/S_188,TOP_LEVEL
bf/fg,l1r/bf/S_189,TOP_LEVEL
bf/fh,l1r/bf/S_190,TOP_LEVEL
bf/fi,l1r/bf/S_191,TOP_LEVEL
bf/fj,l1r/bf/S_192,TOP_LEVEL
bf/fk,l1r/bf/S_193,TOP_LEVEL
bf/fl,l1r/bf/S_194,TOP_LEVEL
bf/fm,l1r/bf/S_195,TOP_LEVEL
bf/fn,l1r/bf/S_196,TOP_LEVEL
bf/fo,l1r/bf/S_201,TOP_LEVEL
bf/fp,l1r/bf/S_202,TOP_LEVEL
bf/fq,l1r/bf/S_203,TOP_LEVEL
bf/fr,l1r/bf/S_204,TOP_LEVEL
bf/fs,l1r/bf/S_205,TOP_LEVEL
bf/ft,l1r/bf/S_206,TOP_LEVEL
bf/fu,l1r/bf/S_207,TOP_LEVEL
bf/fv,l1r/bf/S_208,TOP_LEVEL
bf/fw,l1r/bf/S_209,TOP_LEVEL
bf/fx,l1r/bf/S_210,TOP_LEVEL
bf/fy,l1r/bf/S_211,TOP_LEVEL
bf/fz,l1r/bf/S_212,TOP_LEVEL
bf/g,l1r/bf/S_005,TOP_LEVEL
bf/ga,l1r/bf/S_213,TOP_LEVEL
bf/gb,l1r/bf/S_214,TOP_LEVEL
bf/gc,l1r/bf/S_215,TOP_LEVEL
bf/gd,l1r/bf/S_216,TOP_LEVEL
bf/ge,l1r/bf/S_217,TOP_LEVEL
bf/gf,l1r/bf/S_218,TOP_LEVEL
bf/gg,l1r/bf/S_219,TOP_LEVEL
bf/gh,l1r/bf/S_220,TOP_LEVEL
bf/gi,l1r/bf/S_222,TOP_LEVEL
bf/gj,l1r/bf/S_225,TOP_LEVEL
bf/gk,l1r/bf/S_226,TOP_LEVEL
bf/gl,l1r/bf/S_228,TOP_LEVEL
bf/gm,l1r/bf/S_229,TOP_LEVEL
bf/gm$a,l1r/bf/S_229$a,INNER
bf/gn,l1r/bf/S_230,TOP_LEVEL
bf/go,l1r/bf/S_231,TOP_LEVEL
bf/gp,l1r/bf/S_233,TOP_LEVEL
bf/h,l1r/bf/S_006,TOP_LEVEL
bf/i,l1r/bf/S_007,TOP_LEVEL
bf/j,l1r/bf/S_008,TOP_LEVEL
bf/k,l1r/bf/S_009,TOP_LEVEL
bf/l,l1r/bf/S_010,TOP_LEVEL
bf/m,l1r/bf/S_011,TOP_LEVEL
bf/n,l1r/bf/S_012,TOP_LEVEL
bf/o,l1r/bf/S_013,TOP_LEVEL
bf/p,l1r/bf/S_014,TOP_LEVEL
bf/q,l1r/bf/S_015,TOP_LEVEL
bf/r,l1r/bf/S_016,TOP_LEVEL
bf/s,l1r/bf/S_017,TOP_LEVEL
bf/t,l1r/bf/S_018,TOP_LEVEL
bf/u,l1r/bf/S_019,TOP_LEVEL
bf/v,l1r/bf/S_020,TOP_LEVEL
bf/w,l1r/bf/S_021,TOP_LEVEL
bf/x,l1r/bf/S_022,TOP_LEVEL
bf/y,l1r/bf/S_023,TOP_LEVEL
bf/z,l1r/bf/S_025,TOP_LEVEL
bg/a,l1r/bg/L1SkillDelay,TOP_LEVEL
bg/a$a,l1r/bg/L1SkillDelay$a,INNER
bg/b,l1r/bg/L1SkillId,TOP_LEVEL
bg/c,l1r/bg/L1SkillTimer__obf_c,TOP_LEVEL
bg/d,l1r/bg/L1SkillTimer__obf_d,TOP_LEVEL
bg/e,l1r/bg/L1SkillTimerCreator,TOP_LEVEL
bg/f,l1r/bg/L1SkillTimer__obf_f,TOP_LEVEL
bh/a,l1r/bh/L1Account,TOP_LEVEL
bh/b,l1r/bh/L1BoardTopic,TOP_LEVEL
bh/c,l1r/bh/L1BookMark,TOP_LEVEL
bh/d,l1r/bh/L1Castle,TOP_LEVEL
bh/d$a,l1r/bh/L1Castle$a,INNER
bh/e,l1r/bh/L1Command,TOP_LEVEL
bh/f,l1r/bh/L1DoorGfx,TOP_LEVEL
bh/g,l1r/bh/L1DoorSpawn,TOP_LEVEL
bh/h,l1r/bh/L1Drop,TOP_LEVEL
bh/i,l1r/bh/L1House,TOP_LEVEL
bh/j,l1r/bh/L1Item,TOP_LEVEL
bh/k,l1r/bh/L1Mail,TOP_LEVEL
bh/l,l1r/bh/L1Npc,TOP_LEVEL
bh/m,l1r/bh/L1NpcChat,TOP_LEVEL
bh/n,l1r/bh/L1Pet,TOP_LEVEL
bh/o,l1r/bh/L1PetItem,TOP_LEVEL
bh/p,l1r/bh/L1PetType,TOP_LEVEL
bh/q,l1r/bh/L1PrivateShopBuyList,TOP_LEVEL
bh/r,l1r/bh/L1PrivateShopSellList,TOP_LEVEL
bh/s,l1r/bh/L1QuestNew,TOP_LEVEL
bh/t,l1r/bh/L1Shop,TOP_LEVEL
bh/u,l1r/bh/L1ShopItem,TOP_LEVEL
bh/v,l1r/bh/L1Skills,TOP_LEVEL
bh/w,l1r/bh/L1Town,TOP_LEVEL
bi/a,l1r/bi/BinaryOutputStream,TOP_LEVEL
bi/b,l1r/bi/CalcExp,TOP_LEVEL
bi/c,l1r/bi/CalcInitHpMp,TOP_LEVEL
bi/d,l1r/bi/CalcStat,TOP_LEVEL
bi/e,l1r/bi/GeneralThreadPool,TOP_LEVEL
bi/e$a,l1r/bi/GeneralThreadPool$a,INNER
bi/f,l1r/bi/IntRange,TOP_LEVEL
bi/g,l1r/bi/LineageUtil,TOP_LEVEL
bi/h,l1r/bi/Point,TOP_LEVEL
bi/i,l1r/bi/Random,TOP_LEVEL
bi/j,l1r/bi/SQLUtil,TOP_LEVEL
bi/k,l1r/bi/TimePeriod,TOP_LEVEL
bj/a,l1r/bj/Cipher,TOP_LEVEL
bj/b,l1r/bj/CipherClient,TOP_LEVEL
bj/c,l1r/bj/CipherServer,TOP_LEVEL
bj/d,l1r/bj/ClientThread,TOP_LEVEL
bj/d$a,l1r/bj/ClientThread$a,INNER
bj/e,l1r/bj/Opcodes,TOP_LEVEL
l1j/server/Server,l1r/l1j/server/Server,TOP_LEVEL
l1j/server/a,l1r/l1j/server/Config,TOP_LEVEL
l1j/server/b,l1r/l1j/server/DatabaseFactory,TOP_LEVEL
