File,Status,Exit,JavaFound
l1r/aq/L1Craft.java,DECOMPILED,0,1
l1r/ap/L1DoorInstance.java,DECOMPILED,0,1
l1r/as/L1ThebesBattle.java,DECOMPILED,0,1
l1r/ap/L1MonsterInstance.java,DECOMPILED,0,1
l1r/ap/L1PetInstance.java,DECOMPILED,0,1
l1r/aq/L1Alchemy.java,DECOMPILED,0,1
l1r/aq/L1Character.java,DECOMPILED,0,1
l1r/aj/C_Result.java,DECOMPILED,0,1
l1r/ap/L1NpcInstance.java,DECOMPILED,0,1
l1r/ap/L1PcInstance.java,DECOMPILED,0,1
l1r/as/L1OrimBattle.java,DECOMPILED,0,1
l1r/as/L1SoulTower.java,DECOMPILED,0,1
l1r/aj/C_ItemUSe.java,DECOMPILED,0,1
l1r/al/L1GfxNpc.java,DECOMPILED,0,1
l1r/ao/DropTable.java,DECOMPILED,0,1
l1r/ao/ShopTable.java,DECOMPILED,0,1
l1r/au/L1Inventory.java,DECOMPILED,0,1
l1r/be/S_ProtoBuffers.java,DECOMPILED,0,1
l1r/bh/L1Account.java,DECOMPILED,0,1
l1r/aj/C_ProtoBuffers.java,DECOMPILED,0,1
l1r/aj/C_ShopWorld.java,DECOMPILED,0,1
l1r/aj/C_SkillBuyItemOK.java,DECOMPILED,0,1
l1r/aj/C_SkillBuyOK.java,DECOMPILED,0,1
l1r/al/L1Buff.java,DECOMPILED,0,1
l1r/al/L1Recall.java,DECOMPILED,0,1
l1r/ao/MobQuestWeekTable.java,DECOMPILED,0,1
l1r/ao/RankingTable.java,DECOMPILED,0,1
l1r/ap/L1GfxInstance.java,DECOMPILED,0,1
l1r/ap/L1ItemInstance.java,DECOMPILED,0,1
l1r/ap/L1SummonInstance.java,DECOMPILED,0,1
l1r/ap/L1TowerInstance.java,DECOMPILED,0,1
l1r/aq/L1SpawnBoss.java,DECOMPILED,0,1
l1r/as/L1HardinBattle.java,DECOMPILED,0,1
l1r/bd/L1MonsterTrap.java,DECOMPILED,0,1
l1r/be/S_Board.java,DECOMPILED,0,1
l1r/be/S_CharEvent.java,DECOMPILED,0,1
l1r/be/S_FixWeaponList.java,DECOMPILED,0,1
l1r/be/S_Mail.java,DECOMPILED,0,1
l1r/be/S_PacketBox.java,DECOMPILED,0,1
l1r/be/S_PetList.java,DECOMPILED,0,1
l1r/be/S_PledgeWarehouseHistory.java,DECOMPILED,0,1
l1r/bf/L1SkillExecutor.java,DECOMPILED,0,1
