File,Engine,Status,Exit,ErrorHeaders,PrimaryError
"ai/b.java","CFR","FAIL","1","2","a has private access in eu"
"ai/c.java","CFR","FAIL","1","76","class c is already defined in package ai"
"ai/e.java","CFR","FAIL","1","4","cannot find symbol"
"aj/ag.java","CFR","FAIL","1","2","cannot find symbol"
"aj/ai.java","CFR","FAIL","1","1","cannot find symbol"
"aj/aj.java","CFR","FAIL","1","2","cannot find symbol"
"aj/am.java","CFR","FAIL","1","1","cannot find symbol"
"aj/an.java","CFR","FAIL","1","1","cannot find symbol"
"aj/aw.java","VINEFLOWER_HARDTAIL","FAIL","1","56","cannot find symbol"
"aj/az.java","CFR","FAIL","1","9","<identifier> expected"
"aj/b.java","CFR","FAIL","1","1","cannot find symbol"
"aj/be.java","CFR","FAIL","1","19","cannot find symbol"
"aj/bf.java","CFR","FAIL","1","12","<identifier> expected"
"aj/bg.java","CFR","FAIL","1","2","constructor cv in class cv cannot be applied to given types;"
"aj/bh.java","CFR","FAIL","1","4","reference to d is ambiguous"
"aj/bi.java","CFR","FAIL","1","1","cannot find symbol"
"aj/bj.java","CFR","FAIL","1","1","double cannot be dereferenced"
"aj/bk.java","CFR","FAIL","1","100","cannot find symbol"
"aj/bs.java","CFR","FAIL","1","100","cannot find symbol"
"aj/bt.java","CFR","FAIL","1","3","cannot find symbol"
"aj/bx.java","VINEFLOWER_HARDTAIL","FAIL","1","59","cannot find symbol"
"aj/bz.java","CFR","FAIL","1","6","cannot find symbol"
"aj/cb.java","CFR","FAIL","1","1","cannot find symbol"
"aj/cd.java","CFR","FAIL","1","3","cannot find symbol"
"aj/cg.java","CFR","FAIL","1","1","cannot find symbol"
"aj/ch.java","CFR","FAIL","1","1","cannot find symbol"
"aj/ci.java","CFR","FAIL","1","1","cannot find symbol"
"aj/ck.java","CFR","FAIL","1","2","cannot find symbol"
"aj/cq.java","CFR","FAIL","1","2","cannot find symbol"
"aj/cr.java","CFR","FAIL","1","2","double cannot be dereferenced"
"aj/d.java","CFR","FAIL","1","2","cannot find symbol"
"aj/f.java","CFR","FAIL","1","37","cannot find symbol"
"aj/g.java","CFR","FAIL","1","17","cannot find symbol"
"aj/h.java","CFR","FAIL","1","2","constructor cv in class cv cannot be applied to given types;"
"aj/p.java","CFR","FAIL","1","1","cannot find symbol"
"aj/s.java","CFR","FAIL","1","1","cannot find symbol"
"aj/u.java","CFR","FAIL","1","12","cannot find symbol"
"aj/z.java","CFR","FAIL","1","17","cannot find symbol"
"ak/a.java","CFR","FAIL","1","6","unreported exception SQLException; must be caught or declared to be thrown"
"al/a.java","CFR","FAIL","1","1","cannot find symbol"
"al/aa.java","CFR","FAIL","1","3","cannot find symbol"
"al/ab.java","VINEFLOWER_HARDTAIL","FAIL","1","3","cannot find symbol"
"al/ah.java","CFR","FAIL","1","1","cannot find symbol"
"al/aq.java","CFR","FAIL","1","2","cannot find symbol"
"al/g.java","CFR","FAIL","1","4","incompatible types: ArrayList<u> cannot be converted to Collection<Object>"
"al/p.java","CFR","FAIL","1","3","cannot find symbol"
"al/u.java","CFR","FAIL","1","1","cannot find symbol"
"al/y.java","CFR","FAIL","1","5","incompatible types: ArrayList<Integer> cannot be converted to ArrayList<Object>"
"am/d.java","CFR","FAIL","1","58","d is already defined in this compilation unit"
"an/a.java","VINEFLOWER_PROTO","FAIL","1","5","not a statement"
"an/b.java","VINEFLOWER_PROTO","FAIL","1","5","not a statement"
"an/c.java","VINEFLOWER_PROTO","FAIL","1","5","not a statement"
"an/d.java","VINEFLOWER_PROTO","FAIL","1","5","not a statement"
"an/e.java","VINEFLOWER_PROTO","FAIL","1","5","not a statement"
"an/f.java","VINEFLOWER_PROTO","FAIL","1","5","not a statement"
"an/g.java","VINEFLOWER_PROTO","FAIL","1","5","not a statement"
"an/h.java","VINEFLOWER_PROTO","FAIL","1","5","not a statement"
"an/i.java","VINEFLOWER_PROTO","FAIL","1","4","not a statement"
"ao/a.java","CFR","FAIL","1","19","cannot find symbol"
"ao/ac.java","CFR","FAIL","1","1","cannot find symbol"
"ao/ad.java","CFR","FAIL","1","1","cannot find symbol"
"ao/ae.java","CFR","FAIL","1","1","cannot find symbol"
"ao/af.java","CFR","FAIL","1","40","d has private access in ax"
"ao/ah.java","CFR","FAIL","1","57","cannot find symbol"
"ao/am.java","CFR","FAIL","1","2","b has private access in aq"
"ao/ap.java","CFR","FAIL","1","1","cannot find symbol"
"ao/ar.java","CFR","FAIL","1","5","cannot find symbol"
"ao/aw.java","VINEFLOWER_HARDTAIL","FAIL","1","34","cannot find symbol"
"ao/az.java","CFR","FAIL","1","8","a type with the same simple name is already defined by the single-type-import of g"
"ao/ba.java","CFR","FAIL","1","24","cannot find symbol"
"ao/bc.java","CFR","FAIL","1","22","cannot find symbol"
"ao/bf.java","CFR","FAIL","1","3","<anonymous ao.bf$1> is not abstract and does not override abstract method compare(bf.a,bf.a) in Comparator"
"ao/bg.java","CFR","FAIL","1","3","cannot find symbol"
"ao/bi.java","CFR","FAIL","1","7","cannot find symbol"
"ao/bj.java","CFR","FAIL","1","5","cannot find symbol"
"ao/bk.java","CFR","FAIL","1","3","<anonymous ao.bk$b$1> is not abstract and does not override abstract method compare(bk.a,bk.a) in Comparator"
"ao/bl.java","CFR","FAIL","1","21","cannot find symbol"
"ao/c.java","CFR","FAIL","1","2","c has private access in ao"
"ao/d.java","CFR","FAIL","1","1","cannot find symbol"
"ao/i.java","CFR","FAIL","1","7","unreported exception SQLException; must be caught or declared to be thrown"
"ao/j.java","CFR","FAIL","1","22","a type with the same simple name is already defined by the single-type-import of b"
"ao/l.java","CFR","FAIL","1","1","cannot find symbol"
"ao/n.java","CFR","FAIL","1","7","unreported exception SQLException; must be caught or declared to be thrown"
"ao/t.java","CFR","FAIL","1","1","cannot find symbol"
"ao/v.java","VINEFLOWER_HARDTAIL","FAIL","1","45","cannot find symbol"
"ao/w.java","CFR","FAIL","1","4","cannot find symbol"
"ao/y.java","CFR","FAIL","1","1","cannot find symbol"
"ap/a.java","CFR","FAIL","1","17","cannot find symbol"
"ap/aa.java","CFR","FAIL","1","20","cannot find symbol"
"ap/b.java","CFR","FAIL","1","1","cannot find symbol"
"ap/d.java","CFR","FAIL","1","11","e has private access in aq"
"ap/e.java","CFR","FAIL","1","9","<identifier> expected"
"ap/f.java","CFR","FAIL","1","3","cannot find symbol"
"ap/i.java","CFR","FAIL","1","1","cannot find symbol"
"ap/o.java","CFR","FAIL","1","9","cannot find symbol"
"ap/p.java","CFR","FAIL","1","1","variable house2 is already defined in method a(u)"
"ap/q.java","CFR","FAIL","1","14","int cannot be dereferenced"
"ap/r.java","CFR","FAIL","1","2","constructor a in class s.a cannot be applied to given types;"
"ap/s.java","CFR","FAIL","1","38","cannot find symbol"
"ap/t.java","CFR","FAIL","1","100","cannot find symbol"
"ap/u.java","CFR","FAIL","1","19","<identifier> expected"
"ap/v.java","CFR","FAIL","1","8","cannot find symbol"
"ap/z.java","CFR","FAIL","1","9","cannot find symbol"
"aq/aa.java","CFR","FAIL","1","5","cannot find symbol"
"aq/ad.java","CFR","FAIL","1","1","cannot find symbol"
"aq/ae.java","CFR","FAIL","1","15","cannot find symbol"
"aq/ag.java","CFR","FAIL","1","3","cannot find symbol"
"aq/ai.java","CFR","FAIL","1","1","cannot find symbol"
"aq/ak.java","CFR","FAIL","1","15","cannot find symbol"
"aq/am.java","CFR","FAIL","1","12","cannot find symbol"
"aq/ap.java","CFR","FAIL","1","3","cannot find symbol"
"aq/aq.java","CFR","FAIL","1","26","cannot find symbol"
"aq/b.java","CFR","FAIL","1","41","cannot find symbol"
"aq/c.java","CFR","FAIL","1","16","<identifier> expected"
"aq/e.java","CFR","FAIL","1","20","int cannot be dereferenced"
"aq/f.java","CFR","FAIL","1","6","int cannot be dereferenced"
"aq/g.java","CFR","FAIL","1","10","cannot find symbol"
"aq/i.java","CFR","FAIL","1","1","cannot find symbol"
"aq/j.java","CFR","FAIL","1","9","<identifier> expected"
"aq/k.java","CFR","FAIL","1","33","cannot find symbol"
"aq/l.java","CFR","FAIL","1","20","cannot find symbol"
"aq/m.java","CFR","FAIL","1","9","<identifier> expected"
"aq/o.java","CFR","FAIL","1","3","incompatible types: Object cannot be converted to o"
"aq/p.java","CFR","FAIL","1","5","<identifier> expected"
"aq/s.java","CFR","FAIL","1","21","<identifier> expected"
"aq/v.java","CFR","FAIL","1","2","cannot find symbol"
"aq/w.java","CFR","FAIL","1","4","cannot find symbol"
"aq/x.java","CFR","FAIL","1","17","<identifier> expected"
"aq/z.java","CFR","FAIL","1","1","cannot find symbol"
"as/a.java","CFR","FAIL","1","54","cannot find symbol"
"as/b.java","CFR","FAIL","1","9","cannot find symbol"
"as/c.java","CFR","FAIL","1","55","cannot find symbol"
"as/d.java","CFR","FAIL","1","2","e has private access in aq"
"as/e.java","CFR","FAIL","1","70","cannot find symbol"
"as/f.java","CFR","FAIL","1","18","cannot find symbol"
"as/g.java","CFR","FAIL","1","63","cannot find symbol"
"as/i.java","CFR","FAIL","1","84","cannot find symbol"
"as/j.java","CFR","FAIL","1","12","<anonymous as.j$1> is not abstract and does not override abstract method compare(j.g,j.g) in Comparator"
"as/k.java","CFR","FAIL","1","55","cannot find symbol"
"at/c.java","CFR","FAIL","1","1","unreachable statement"
"au/f.java","CFR","FAIL","1","6","cannot find symbol"
"au/g.java","CFR","FAIL","1","4","a has private access in eu"
"av/a.java","CFR","FAIL","1","1","class a is already defined in package av"
"ay/a.java","CFR","FAIL","1","4","cannot find symbol"
"az/a.java","CFR","FAIL","1","13","class a is already defined in package az"
"az/b.java","CFR","FAIL","1","11","class b is already defined in package az"
"ba/a.java","CFR","FAIL","1","11","class a is already defined in package ba"
"ba/d.java","CFR","FAIL","1","2","cannot find symbol"
"ba/i.java","CFR","FAIL","1","3","cannot find symbol"
"bc/a.java","CFR","FAIL","1","5","cannot find symbol"
"bc/d.java","CFR","FAIL","1","5","<identifier> expected"
"be/ae.java","CFR","FAIL","1","1","incompatible types: possible lossy conversion from int to byte"
"be/bh.java","CFR","FAIL","1","1","cannot find symbol"
"be/bx.java","CFR","FAIL","1","4","a type with the same simple name is already defined by the single-type-import of a"
"be/c.java","CFR","FAIL","1","3","c is already defined in this compilation unit"
"be/cm.java","CFR","FAIL","1","4","int cannot be dereferenced"
"be/db.java","CFR","FAIL","1","3","cannot find symbol"
"be/dc.java","VINEFLOWER_HARDTAIL","FAIL","1","100","cannot find symbol"
"be/dl.java","CFR","FAIL","1","1","cannot find symbol"
"be/do.java","CFR","FAIL","1","3","<identifier> expected"
"be/du.java","CFR","FAIL","1","13","cannot find symbol"
"be/dv.java","CFR","FAIL","1","2","cannot find symbol"
"be/g.java","CFR","FAIL","1","1","cannot find symbol"
"be/i.java","CFR","FAIL","1","2","cannot find symbol"
"be/v.java","CFR","FAIL","1","3","<anonymous be.v$1> is not abstract and does not override abstract method compare(bd.b,bd.b) in Comparator"
"bf/a.java","CFR","FAIL","1","14","a has private access in bg"
"bf/aa.java","CFR","FAIL","1","1","cannot find symbol"
"bf/aj.java","CFR","FAIL","1","2","cannot find symbol"
"bf/aq.java","CFR","FAIL","1","1","cannot find symbol"
"bf/ay.java","CFR","FAIL","1","1","cannot find symbol"
"bf/b.java","VINEFLOWER_HARDTAIL","FAIL","1","57","cannot find symbol"
"bf/be.java","CFR","FAIL","1","1","cannot find symbol"
"bf/bf.java","CFR","FAIL","1","2","cannot find symbol"
"bf/bi.java","CFR","FAIL","1","3","cannot find symbol"
"bf/bj.java","CFR","FAIL","1","5","cannot find symbol"
"bf/br.java","CFR","FAIL","1","1","cannot find symbol"
"bf/bx.java","CFR","FAIL","1","5","cannot find symbol"
"bf/c.java","CFR","FAIL","1","2","cannot find symbol"
"bf/cl.java","CFR","FAIL","1","13","<identifier> expected"
"bf/dh.java","CFR","FAIL","1","9","<identifier> expected"
"bf/dj.java","CFR","FAIL","1","13","<identifier> expected"
"bf/do.java","CFR","FAIL","1","1","<identifier> expected"
"bf/dq.java","CFR","FAIL","1","13","<identifier> expected"
"bf/dx.java","CFR","FAIL","1","6","cannot find symbol"
"bf/ea.java","CFR","FAIL","1","13","<identifier> expected"
"bf/em.java","CFR","FAIL","1","5","cannot find symbol"
"bf/f.java","CFR","FAIL","1","6","cannot find symbol"
"bf/fe.java","CFR","FAIL","1","2","cannot find symbol"
"bf/fw.java","CFR","FAIL","1","13","<identifier> expected"
"bf/g.java","CFR","FAIL","1","1","cannot find symbol"
"bf/gl.java","CFR","FAIL","1","1","cannot find symbol"
"bf/gm.java","CFR","FAIL","1","6","cannot find symbol"
"bf/gn.java","CFR","FAIL","1","1","cannot find symbol"
"bf/m.java","CFR","FAIL","1","4","a has private access in az"
"bf/u.java","CFR","FAIL","1","5","cannot find symbol"
"bf/v.java","CFR","FAIL","1","1","cannot find symbol"
"bg/a.java","CFR","FAIL","1","1","class a is already defined in package bg"
"bg/b.java","CFR","FAIL","1","1","<identifier> expected"
"bg/c.java","CFR","FAIL","1","5","<identifier> expected"
"bh/a.java","CFR","FAIL","1","2","cannot find symbol"
"bh/f.java","CFR","FAIL","1","6","unreported exception SQLException; must be caught or declared to be thrown"
"bi/g.java","CFR","FAIL","1","7","<identifier> expected"
"bj/e.java","CFR","FAIL","1","1","<identifier> expected"
"l1j/server/a.java","CFR","FAIL","1","1","int cannot be dereferenced"
