item_id,name
1,"歐西斯匕首"
2,"骰子匕首"
3,"短劍的劍身"
4,"匕首"
5,"精靈匕首"
6,"拉斯塔巴德短劍"
7,"修練者短劍 (重複)"
8,"米索莉短劍"
9,"奧里哈魯根短劍"
10,"小武士刀"
11,"水晶短劍"
12,"風刃短劍"
13,"死亡之指"
14,"混沌之刺"
15,"失去魔力的克特之劍"
16,"復仇之劍"
17,"受封印 被遺忘的巨劍"
18,"受封印 被遺忘的劍"
19,"長劍的劍身"
20,"奧里哈魯根的劍身"
21,"歐西斯短劍"
22,"鎖子甲破壞者"
23,"闊劍"
24,"短劍"
25,"銀劍"
26,"小侏儒短劍"
27,"彎刀"
28,"精靈短劍"
29,"銀長劍"
30,"紅騎士之劍"
31,"長劍"
32,"侵略者之劍"
33,"榮耀之劍"
34,"血紅慾望短劍"
35,"修練者單手劍 (重複)"
36,"幻象之劍"
37,"大馬士革刀"
38,"拉斯塔巴德長劍"
39,"短刀"
40,"血色巨劍"
41,"武士刀"
42,"細劍"
43,"海賊彎刀"
44,"古代黑暗妖精之劍"
45,"波曲王之劍"
46,"生命之劍"
47,"沉默之劍"
48,"修練者雙手劍 (重複)"
49,"武官之刃"
50,"赤焰之劍"
51,"黃金權杖"
52,"雙手劍"
53,"蜥蜴王勇士之劍"
54,"克特之劍"
55,"黑暗之劍"
56,"黑燄之劍"
57,"瑟魯基之劍"
58,"死亡騎士的烈炎之劍"
59,"騎士范德之劍"
60,"末日刀"
61,"真‧冥皇執行劍"
62,"武官雙手劍"
63,"惡魔之劍"
64,"巨劍"
65,"天空之劍"
66,"屠龍劍"
67,"古老的巨劍"
68,"古老的劍"
69,"青銅 雙刀"
70,"尖刺雙刀"
71,"鋼鐵 雙刀"
72,"暗影 雙刀"
73,"修練者雙刀 (重複)"
74,"銀光 雙刀"
75,"黑暗 雙刀"
76,"倫得雙刀"
77,"短 雙刀"
78,"暗殺軍王之痕"
79,"深淵雙刀"
80,"大馬士革 雙刀"
81,"幽暗 雙刀"
82,"拉斯塔巴德雙刀"
83,"狄亞得雙刀"
84,"暗黑雙刀"
85,"惡魔雙刀"
86,"紅影雙刀"
87,"不為人知的矛"
88,"潘的角"
89,"覆上米索莉的角"
90,"巴迪須"
91,"歐西斯之矛"
92,"柴刀"
93,"三叉戟"
94,"帕提森"
95,"槍"
96,"矛"
97,"吉薩"
98,"闊矛"
99,"精靈之矛"
100,"覆上奧里哈魯根的角"
101,"拉斯塔巴德矛"
102,"露西錘"
103,"戟"
104,"法丘"
105,"修練者長矛 (重複)"
106,"貝卡合金"
107,"深紅長矛"
108,"失去魔力的惡魔鐮刀"
109,"失去魔力的巴風特魔杖"
110,"失去魔力的巴列斯魔杖"
111,"失去魔力的冰之女王魔杖"
112,"抗魔精靈短劍"
113,"敏捷精靈短劍"
114,"威嚴權杖"
115,"水晶魔杖"
116,"黑法師之杖"
117,"蕾雅魔杖"
118,"漆黑水晶球"
119,"惡魔鐮刀"
120,"修練者魔杖 (重複)"
121,"冰之女王魔杖"
122,"拉斯塔巴德魔杖"
123,"巴列斯魔杖"
124,"巴風特魔杖"
125,"巫術魔法杖"
126,"瑪那魔杖"
127,"鋼鐵瑪那魔杖"
128,"橡木魔法杖"
129,"美基魔法杖"
130,"紅水晶魔杖"
131,"力量魔法杖"
132,"神官魔杖"
133,"古代人的智慧"
134,"聖晶魔杖"
135,"不為人知的斧"
136,"斧"
137,"亞連"
138,"木棒"
139,"弗萊爾"
140,"釘錘"
141,"戰錘"
142,"銀斧"
143,"戰斧"
144,"侏儒鐵斧"
145,"狂戰士斧"
146,"流星錘"
147,"修練者斧頭 (重複)"
148,"巨斧"
149,"牛人斧頭"
150,"天父之怒"
151,"惡魔斧頭"
152,"青銅 鋼爪"
153,"鋼鐵 鋼爪"
154,"暗影 鋼爪"
155,"魔獸軍王之爪"
156,"修練者鋼爪 (重複)"
157,"銀光 鋼爪"
158,"黑暗 鋼爪"
159,"短 鋼爪"
160,"獸王鋼爪"
161,"大馬士革 鋼爪"
162,"幽暗 鋼爪"
163,"巴蘭卡鋼爪"
164,"暗黑鋼爪"
165,"惡魔鋼爪"
166,"恨之鋼爪"
167,"受封印 被遺忘的弩槍"
168,"黑暗 十字弓"
169,"獵人之弓"
170,"精靈弓"
171,"歐西斯弓"
172,"弓"
173,"短弓"
174,"修練者石弓 (重複)"
175,"修練者長弓 (重複)"
176,"拉斯塔巴德弓"
177,"幽暗 十字弓"
178,"寂靜十字弓"
179,"古代妖精弩槍"
180,"十字弓"
181,"尤米弓"
182,"古老的弩槍"
183,"幻象之弓"
184,"赤焰之弓"
185,"惡魔十字弓"
186,"狄亞得十字弓"
187,"拉斯塔巴德十字弓"
188,"拉斯塔巴德重十字弓"
189,"暗黑十字弓"
190,"沙哈之弓"
191,"水之豎琴"
192,"水精靈之弓"
193,"鐵手甲"
194,"真鐵手甲"
195,"受詛咒的真‧冥皇執行劍"
196,"炎魔雙手劍一階"
197,"炎魔雙手劍二階"
198,"炎魔雙手劍三階"
199,"炎魔雙手劍四階"
200,"炎魔雙手劍五階"
201,"炎魔雙手劍六階"
202,"炎魔雙手劍七階"
203,"炎魔雙手劍八階"
204,"深紅之弩"
205,"熾炎天使弓"
206,"黑暗妖精之劍"
207,"煉獄鋼爪"
208,"魔法精靈短劍"
209,"體質精靈短劍"
210,"守護者之矛"
211,"獨角獸之角"
212,"海神三叉戟"
213,"吉爾塔斯魔杖"
214,"%i‧妖精弓"
215,"敏捷精靈弓"
216,"妖精之弓"
217,"吉爾塔斯之劍"
218,"安加斯的釘錘"
219,"馬普勒之斧"
220,"法師之杖"
223,"神秘魔杖"
224,"修練者魔杖 (重複)"
225,"王族之劍"
226,"騎士之劍"
228,"傳說的匕首"
231,"蒼天匕首"
232,"蒼天之劍"
233,"蒼天巨劍"
234,"蒼天長矛"
235,"蒼天巨斧"
236,"蒼天雙刀"
237,"蒼天鋼爪"
238,"蒼天魔杖"
239,"蒼天之弓"
240,"蒼天鐵手甲"
241,"歷戰之劍"
242,"歷戰十字弓"
243,"歷戰魔杖"
244,"歷戰鋼爪"
245,"精靈叮叮鎚"
246,"試煉之劍A"
247,"試煉之劍B"
248,"試煉之劍C"
249,"試煉之劍D"
250,"幻象短劍"
251,"幻象巨劍"
252,"幻象之矛"
253,"幻象之弓"
254,"幻象雙刀"
255,"幻象魔杖"
256,"萬聖節南瓜長劍"
257,"萬聖節南瓜長劍"
258,"終極萬聖節南瓜長劍"
259,"魔力短劍"
260,"狂風之斧"
261,"天使魔杖"
262,"毀滅巨劍"
263,"酷寒之矛"
264,"雷雨之劍"
265,"底比斯歐西里斯雙刀"
266,"底比斯歐西里斯雙手劍"
267,"底比斯歐西里斯弓"
268,"底比斯歐西里斯魔杖"
269,"幻術士魔杖"
270,"藍寶石奇古獸"
271,"黑曜石奇古獸"
272,"消滅者鎖鏈劍"
273,"破滅者鎖鏈劍"
274,"反王肯恩的權杖"
275,"龍騎士雙手劍"
276,"提卡爾庫庫爾坎之矛"
277,"提卡爾庫庫爾坎鐵手甲"
278,"(重複)"
279,"艾爾摩奇古獸"
280,"艾爾摩鎖鏈劍"
281,"艾爾摩魔杖"
282,"艾爾摩鋼爪"
283,"艾爾摩弩槍"
284,"艾爾摩雙手劍"
285,"艾爾摩單手劍"
286,"艾爾摩短劍"
287,"玄冰弓"
288,"天雷劍"
289,"耀武短劍"
290,"耀武雙手劍"
291,"耀武雙刀"
292,"耀武之弩"
293,"耀武魔杖"
294,"特製的耀武短劍"
295,"特製的耀武雙手劍"
296,"特製的耀武雙刀"
297,"特製的耀武之弩"
298,"特製的耀武魔杖"
299,"超特製的耀武短劍"
300,"超特製的耀武雙手劍"
301,"超特製的耀武雙刀"
302,"超特製的耀武之弩"
303,"超特製的耀武魔杖"
304,"隱藏的魔族之劍"
305,"隱藏的魔族弓箭"
306,"隱藏的魔族魔杖"
307,"隱藏的魔族鋼爪"
308,"隱藏的魔族鎖鏈劍"
309,"隱藏的魔族奇古獸"
310,"真‧死亡騎士烈炎之劍"
311,"修練者單手劍"
312,"修練者雙手劍"
313,"修練者斧頭"
314,"修練者長矛"
315,"修練者長弓"
316,"修練者石弓"
317,"修練者魔杖"
318,"修練者雙刀"
319,"修練者鋼爪"
320,"修練者短劍"
321,"修練者的古老斧頭"
322,"紅騎士巨劍"
323,"大匠的斧頭"
324,"寒冰鎖鏈劍"
325,"寒冰奇古獸"
326,"弒神者之弓"
327,"腐壞的長弓"
328,"破壞鋼爪"
329,"破壞雙刀"
330,"冥想魔杖"
331,"嗜血者鎖鏈劍"
332,"共鳴奇古獸"
333,"冥想奇古獸"
334,"共鳴鎖鏈劍"
335,"傑羅斯的魔杖"
336,"惡夢的長弓"
337,"震怒的鋼爪"
338,"強盜的斧頭"
339,"巨人的斧頭"
340,"食人巨魔的斧頭"
341,"鐵斧頭"
342,"法利昂的斧頭"
343,"艾爾摩斧頭"
344,"英雄斧頭"
345,"隱藏的魔族斧頭"
346,"疾風斧頭"
347,"魔物的斧頭"
348,"屍魂雙手劍"
349,"屍魂雙刀"
350,"屍魂弓"
351,"屍魂鎖鏈劍"
352,"屍魂魔杖"
353,"\aF咆哮雙刀"
354,"\aF殲滅者鎖鏈劍"
355,"潘朵拉神劍"
356,"潘朵拉巨劍"
357,"潘朵拉弓"
358,"潘朵拉雙刀"
359,"潘朵拉魔杖"
360,"潘朵拉奇古獸"
361,"潘朵拉鎖鏈劍"
362,"潘朵拉斧頭"
363,"試煉斧頭"
364,"圓月雙手劍"
365,"圓月神斧"
366,"圓月長劍"
367,"圓月神弓"
368,"圓月雙刀"
369,"圓月奇古獸"
370,"圓月法杖"
371,"圓月鎖鏈劍"
372,"幻想的雙手劍"
373,"幻想的魔杖"
374,"幻想的單手劍"
375,"幻想的弓"
376,"幻想的雙刀"
377,"幻想的鎖鏈劍"
378,"幻想的奇古獸"
379,"馬爾斯小刀"
380,"馬爾斯神弓"
381,"馬爾斯雙手劍"
382,"馬爾斯雙刀"
383,"馬爾斯法杖"
384,"馬爾斯奇古獸"
385,"馬爾斯鎖鏈劍"
386,"戰神馬爾斯小刀"
387,"戰神馬爾斯神弓"
388,"戰神馬爾斯雙手劍"
389,"戰神馬爾斯雙刀"
390,"戰神馬爾斯法杖"
391,"戰神馬爾斯奇古獸"
392,"戰神馬爾斯鎖鏈劍"
393,"火神赫發斯特斯雙刀"
394,"火神赫發斯特斯鎖鏈劍"
395,"火神赫發斯特斯奇古獸"
396,"火神赫發斯特斯短劍"
397,"火神赫發斯特斯雙手劍"
398,"火神赫發斯特斯法杖"
399,"火神赫發斯特斯神弓"
400,"火神赫發斯特斯巨斧"
401,"\aH海柏利昂的絕望"
402,"\aH克洛諾斯的恐怖"
403,"\aH泰坦的憤怒"
404,"\aH大地女神的激怒"
405,"亞瓦隆匕首"
406,"亞瓦隆長弓"
407,"亞瓦隆法杖"
408,"亞瓦隆雙刀"
409,"亞瓦隆雙手劍"
410,"亞瓦隆鎖鍊劍"
411,"亞瓦隆奇古獸"
412,"亞瓦隆單手斧"
413,"一拳手套(1小時)"
414,"真細劍"
415,"真瑟魯基之劍"
20001,"皮帽子"
20002,"皮頭盔"
20003,"鋼鐵頭盔"
20004,"影子面具"
20005,"騎士頭巾"
20006,"騎士面甲"
20007,"侏儒鐵盔"
20008,"小型風之頭盔"
20009,"惡魔頭盔"
20010,"死亡騎士頭盔"
20011,"抗魔法頭盔"
20012,"法師之帽"
20013,"敏捷魔法頭盔"
20014,"治癒魔法頭盔"
20015,"力量魔法頭盔"
20016,"曼波帽子"
20017,"木乃伊王的王冠"
20018,"馬庫爾之帽"
20019,"王冠"
20020,"武官頭盔"
20021,"精靈敏捷頭盔"
20022,"巴蘭卡頭盔"
20023,"風之頭盔"
20024,"反王頭盔"
20025,"巴土瑟之帽"
20026,"夜之視野"
20027,"紅騎士頭巾"
20028,"修練者皮頭盔"
20029,"西瑪之帽"
20030,"神官頭飾"
20031,"火焰之影頭盔"
20032,"黑暗 頭飾"
20033,"艾爾穆的祝福"
20034,"歐西斯頭盔"
20035,"精靈皮盔"
20036,"夜視頭盔"
20037,"真實的面具"
20038,"銀釘皮帽"
20039,"精靈體質頭盔"
20040,"卡士柏之帽"
20041,"克特頭盔"
20042,"賽尼斯頭箍"
20043,"鋼盔"
20044,"藍海賊頭巾"
20045,"骷髏頭盔"
20046,"南瓜帽"
20047,"南瓜頭套"
20048,"混沌頭盔"
20049,"巨蟻女皇的金翅膀"
20050,"巨蟻女皇的銀翅膀"
20051,"君主的威嚴"
20052,"侏儒斗篷"
20053,"狼皮斗篷"
20054,"地屬性斗篷"
20055,"瑪那斗篷"
20056,"抗魔法斗篷"
20057,"冥法軍王斗篷"
20058,"武官斗篷"
20059,"水屬性斗篷"
20060,"藍海賊斗篷"
20061,"風屬性斗篷"
20062,"炎魔的血光斗篷"
20063,"保護者斗篷"
20064,"紅騎士之斗篷"
20065,"紅色斗篷"
20066,"黑虎皮斗篷"
20067,"神官斗篷"
20068,"亞丁騎士團披肩"
20069,"火焰之影斗篷"
20070,"黑暗 斗蓬"
20071,"火屬性斗篷"
20072,"歐西斯斗篷"
20073,"精靈斗篷"
20074,"銀光 斗蓬"
20075,"死亡斗篷"
20076,"墮落斗篷"
20077,"隱身斗篷"
20078,"混沌斗篷"
20079,"馬昆斯斗篷"
20080,"位移斗篷"
20081,"油布斗篷"
20082,"修練者T恤"
20083,"火焰之影襯衫"
20084,"精靈T恤"
20085,"T恤"
20086,"上衣 隆吉特"
20087,"上衣 隆貝特"
20088,"上衣 隆奇特"
20089,"小藤甲"
20090,"皮背心"
20091,"鋼鐵金屬盔甲"
20092,"古老的皮盔甲"
20093,"古老的長袍"
20094,"古老的鱗甲"
20095,"古老的金屬盔甲"
20096,"環甲"
20097,"木甲"
20098,"黑暗棲林者盔甲"
20099,"惡魔盔甲"
20100,"死亡騎士盔甲"
20101,"皮甲"
20102,"拉斯塔巴德皮盔甲"
20103,"拉斯塔巴德長袍"
20104,"拉斯塔巴德銀釘皮盔甲"
20105,"拉斯塔巴德鏈甲"
20106,"蕾雅長袍"
20107,"巫妖斗篷"
20108,"古代風龍鱗盔甲"
20109,"法令軍王長袍"
20110,"抗魔法鏈甲"
20111,"法師長袍"
20112,"曼波外套"
20113,"武官護鎧"
20114,"綿質長袍"
20115,"藤甲"
20116,"巴蘭卡盔甲"
20117,"巴風特盔甲"
20118,"反王盔甲"
20119,"古代火龍鱗盔甲"
20120,"皮盔甲"
20121,"黑法師長袍"
20122,"鱗甲"
20123,"喚獸師長袍"
20124,"骷髏盔甲"
20125,"鏈甲"
20126,"修練者皮盔甲"
20127,"水龍鱗盔甲"
20128,"水晶盔甲"
20129,"神官法袍"
20130,"古代地龍鱗盔甲"
20131,"火焰之影盔甲"
20132,"黑暗 披肩"
20133,"黑暗執行者 金屬盔甲"
20134,"冰之女王魅力禮服"
20135,"歐西斯環甲"
20136,"歐西斯鏈甲"
20137,"精靈鏈甲"
20138,"精靈金屬盔甲"
20139,"精靈護胸金屬板"
20140,"被遺忘的皮盔甲"
20141,"被遺忘的長袍"
20142,"被遺忘的鱗甲"
20143,"被遺忘的金屬盔甲"
20144,"死亡盔甲"
20145,"硬皮背心"
20146,"地龍鱗盔甲"
20147,"銀釘皮甲"
20148,"銀釘皮背心"
20149,"青銅盔甲"
20150,"克特盔甲"
20151,"賽尼斯斗篷"
20152,"墮落長袍"
20153,"古代水龍鱗盔甲"
20154,"金屬盔甲"
20155,"藍海賊皮盔甲"
20156,"風龍鱗盔甲"
20157,"金屬蜈蚣皮盔甲"
20158,"混沌法袍"
20159,"火龍鱗盔甲"
20160,"黑長者長袍"
20161,"幻象盔甲"
20162,"皮手套"
20163,"鋼鐵手套"
20164,"影子手套"
20165,"惡魔手套"
20166,"死亡騎士手套"
20167,"蜥蜴王手套"
20168,"武官手套"
20169,"巴蘭卡手套"
20170,"反王手套"
20171,"保護者手套"
20172,"水靈手套"
20173,"修練者皮手套"
20174,"雪人手套"
20175,"水晶手套"
20176,"神官手套"
20177,"地靈手套"
20178,"暗殺軍王手套"
20179,"火焰之影手套"
20180,"黑暗 手套"
20181,"火靈手套"
20182,"手套"
20183,"死亡手套"
20184,"克特手套"
20185,"賽尼斯手套"
20186,"墮落手套"
20187,"力量手套"
20188,"藍海賊手套"
20189,"風靈手套"
20190,"混沌手套"
20191,"腕甲"
20192,"皮長靴"
20193,"皮涼鞋"
20194,"鋼鐵長靴"
20195,"影子長靴"
20196,"黑暗棲林者長靴"
20197,"惡魔長靴"
20198,"死亡騎士長靴"
20199,"拉斯塔巴德長靴"
20200,"魔獸軍王長靴"
20201,"武官長靴"
20202,"巴蘭卡長靴"
20203,"反王長靴"
20204,"巴列斯長靴"
20205,"長靴"
20206,"修練者皮涼鞋"
20207,"深水長靴"
20208,"神官長靴"
20209,"火焰之影長靴"
20210,"黑暗 長靴"
20211,"冰之女王魅力涼鞋"
20212,"銀釘皮涼鞋"
20213,"短統靴"
20214,"克特長靴"
20215,"賽尼斯長靴"
20216,"墮落長靴"
20217,"藍海賊長靴"
20218,"黑長者涼鞋"
20219,"皮盾牌"
20220,"鋼鐵盾牌"
20221,"骷髏盾牌"
20222,"木盾"
20223,"侏儒圓盾"
20224,"拉斯塔巴德圓盾"
20225,"瑪那水晶球"
20226,"魔法能量之書"
20227,"梅杜莎盾牌"
20228,"武官之盾"
20229,"反射之盾"
20230,"紅騎士盾牌"
20231,"塔盾"
20232,"修練者皮盾牌"
20233,"神官魔法書"
20234,"信念之盾"
20235,"伊娃之盾"
20236,"精靈盾牌"
20237,"阿克海盾牌"
20238,"銀騎士之盾"
20239,"小盾牌"
20240,"死亡之盾"
20241,"銀釘皮盾"
20242,"大盾牌"
20243,"隱藏之谷項鍊"
20244,"小型 魅力項鍊"
20245,"小型 敏捷項鍊"
20246,"小型 力量項鍊"
20247,"小型 智力項鍊"
20248,"小型 精神項鍊"
20249,"小型 體質項鍊"
20250,"變形怪首領項鍊"
20251,"都佩傑諾的項鍊"
20252,"蕾雅項鍊"
20253,"法令軍王之鍊"
20254,"魅力項鍊"
20255,"冥法軍王之戒"
20256,"敏捷項鍊"
20257,"黑法師項鍊"
20258,"喚獸師項鍊"
20259,"歌唱之島項鍊"
20260,"艾莉絲項鍊"
20261,"火焰之影項鍊"
20262,"營養滿分金項鍊"
20263,"妖魔戰士護身符"
20264,"力量項鍊"
20265,"靈魂的印記"
20266,"智力項鍊"
20267,"精神項鍊"
20268,"體質項鍊"
20269,"骷髏項鍊"
20270,"都佩傑諾的項鍊"
20277,"變形怪首領之戒(右)"
20278,"變形怪首領之戒(左)"
20279,"蕾雅戒指"
20280,"滅魔戒指"
20281,"變形控制戒指"
20282,"修練者的戒指"
20284,"召喚控制戒指"
20285,"水靈戒指"
20286,"守護團戒指"
20287,"守護者的戒指"
20288,"傳送控制戒指"
20289,"深淵戒指"
20290,"火焰之影戒指"
20291,"營養滿分金戒指"
20293,"受詛咒的鑽石戒指"
20294,"受詛咒的紅寶石戒指"
20295,"受詛咒的藍寶石戒指"
20296,"受詛咒的綠寶石戒指"
20297,"精神的印記"
20298,"潔尼斯戒指"
20299,"死亡的誓約"
20300,"地靈戒指"
20301,"身體的印記"
20302,"風靈戒指"
20303,"抗魔戒指"
20304,"火靈戒指"
20305,"情人戒指"
20306,"小型 身體腰帶"
20307,"小型 靈魂腰帶"
20308,"小型 精神腰帶"
20309,"光明身體腰帶"
20310,"光明靈魂腰帶"
20311,"光明精神腰帶"
20312,"身體腰帶"
20313,"黑暗腰帶"
20314,"古代巨人戒指"
20315,"營養滿分金腰帶"
20316,"靈魂腰帶"
20317,"歐吉皮帶"
20318,"勇敢皮帶"
20319,"精神腰帶"
20320,"泰坦皮帶"
20321,"多羅皮帶"
20322,"皮夾克"
20342,"死神披肩"
20343,"曼波兔帽"
20344,"曼波兔帽"
20345,"柯利的項鍊"
20346,"浣熊的項鍊"
20347,"韓服"
20348,"和服"
20349,"獵犬項鍊"
20350,"雪人的項鍊"
20351,"雪人的胡蘿蔔"
20352,"雪人的靴子"
20353,"傳說的盔甲"
20354,"傳說的長靴"
20355,"傳說的手套"
20356,"傳說的頭盔"
20357,"傳說的盾牌"
20358,"奴隸項鍊"
20359,"約定項鍊"
20360,"解放項鍊"
20361,"獵犬項鍊"
20362,"魔族項鍊"
20363,"勇士項鍊"
20364,"將軍項鍊"
20365,"大將軍項鍊"
20366,"王族鱗甲"
20367,"騎士盔甲"
20368,"妖精皮盔甲"
20369,"法師長袍"
20370,"歷戰鬥篷"
20371,"歷戰長靴"
20372,"歷戰手套"
20373,"歷戰頭盔"
20374,"歷戰盾牌"
20375,"歷戰T恤"
20376,"王族項鍊"
20377,"騎士項鍊"
20378,"妖精項鍊"
20379,"法師項鍊"
20380,"南瓜魔法帽"
20381,"華麗頭飾"
20382,"紅色面具"
20383,"軍馬頭盔"
20384,"王族頭盔"
20385,"騎士頭盔"
20386,"精靈皮頭盔"
20387,"法師頭盔"
20388,"黑暗妖精頭盔"
20389,"%i‧妖精頭盔"
20390,"真‧冥皇面甲"
20391,"王族盔甲"
20392,"精靈皮盔甲"
20393,"%i‧妖精金甲"
20394,"騎士盔甲"
20395,"真‧冥皇鎧甲"
20396,"守護者之盾"
20397,"王族盾牌"
20398,"騎士盾牌"
20399,"法師斗蓬"
20400,"黑暗妖精斗篷"
20401,"%i‧妖精斗篷"
20402,"真‧冥皇披風"
20403,"精靈皮長靴"
20404,"法師長靴"
20405,"黑暗妖精長靴"
20406,"%i‧妖精鋼靴"
20407,"軍靴"
20408,"真‧冥皇鋼靴"
20409,"%i‧妖精腕甲"
20410,"真‧冥皇護手"
20411,"苦痛項鍊"
20412,"厄運項鍊"
20413,"希望項鍊"
20414,"幸運項鍊"
20415,"熱情項鍊"
20416,"真實項鍊"
20417,"奇蹟項鍊"
20418,"慈愛項鍊"
20419,"高等熊項鍊"
20420,"招財貓領巾"
20421,"伊莉絲項鍊"
20422,"發光的古老項鍊"
20423,"詛咒的紅色耳環"
20424,"詛咒的藍色耳環"
20425,"詛咒的綠色耳環"
20426,"光之項鍊"
20427,"友友幸運符"
20428,"希望戒指"
20429,"熱情戒指"
20430,"幸運戒指"
20431,"真實戒指"
20432,"奇蹟戒指"
20433,"勇氣戒指"
20434,"伊莉絲戒指"
20435,"土靈戒指(男爵)"
20436,"水靈戒指(男爵)"
20437,"火靈戒指(男爵)"
20438,"風靈戒指(男爵)"
20439,"土靈戒指(伯爵)"
20440,"水靈戒指(伯爵)"
20441,"火靈戒指(伯爵)"
20442,"風靈戒指(伯爵)"
20443,"土靈戒指(公爵)"
20444,"水靈戒指(公爵)"
20445,"火靈戒指(公爵)"
20446,"風靈戒指(公爵)"
20447,"土靈戒指(君主)"
20448,"水靈戒指(君主)"
20449,"火靈戒指(君主)"
20450,"風靈戒指(君主)"
20451,"英雄戒指"
20452,"德雷克頭巾"
20453,"艾莉絲變身頭巾"
20454,"騎士范德變身頭巾"
20455,"思克巴女皇變身頭巾"
20456,"紅色足球衣"
20457,"藍色足球衣"
20458,"紅色妖魔面具"
20459,"紅色妖魔耳環"
20460,"榮譽項鍊"
20461,"敏捷精靈短劍"
21000,"1000 耳環"
21001,"1783 耳環"
21002,"1395 耳環"
21003,"勇士耳環"
21004,"戰士耳環"
21005,"英雄耳環"
21006,"靈魂耳環"
21007,"靈魂耳環"
21008,"憤怒耳環"
21009,"熱情耳環"
21010,"勇猛耳環"
21011,"不死耳環"
21012,"名譽耳環"
21013,"寬容耳環"
21014,"靈魂耳環"
21015,"智慧耳環"
21016,"真實耳環"
21017,"支配耳環"
21018,"哈羅耳環"
21019,"淨化之耳環"
21020,"舞動耳環"
21021,"雙子耳環"
21022,"慶典耳環"
21023,"絕頂耳環"
21024,"暴走耳環"
21025,"幻魔耳環"
21026,"族群耳環"
21027,"奴隸耳環"
21028,"%i的力量T恤"
21029,"%i的敏捷T恤"
21030,"%i的魅力T恤"
21031,"%i的魔力T恤"
21032,"%i的體力T恤"
21033,"%i的瑪那T恤"
21034,"曼波兔戒指"
21035,"幻象頭盔"
21036,"幻象T恤"
21037,"幻象盾牌"
21038,"幻象長靴"
21039,"燃燒的項鍊"
21040,"燃燒的盾牌"
21041,"燃燒的長靴"
21042,"燃燒的手套"
21043,"鐵壁的護符"
21044,"慧知的護符"
21045,"暗躍的護符"
21046,"慈悲的護符"
21047,"幸運金幣"
21048,"修好的戒指"
21049,"修好的耳環"
21050,"修好的項鍊"
21051,"泡水的頭具"
21052,"泡水的斗篷"
21053,"泡水的盔甲"
21054,"泡水的手套"
21055,"泡水的靴子"
21056,"泡水的盾牌"
21057,"訓練騎士披肩"
21058,"訓練騎士披肩"
21059,"毒蛇之牙披肩"
21060,"萬聖節南瓜盔甲"
21061,"男幽靈披風"
21062,"女幽靈披風"
21063,"男性泳裝：泳褲"
21064,"男性泳裝：沙灘褲"
21065,"女性泳裝：連身泳裝"
21066,"女性泳裝：比基尼"
21067,"萬聖節南瓜盔甲"
21068,"終極萬聖節南瓜盔甲"
21069,"新生皮帶"
21070,"新生皮帶(水)"
21071,"新生皮帶(風)"
21072,"新生皮帶(火)"
21073,"新生皮帶(地)"
21074,"新生耳環"
21075,"新生耳環"
21076,"新生耳環"
21077,"新生耳環"
21078,"新生耳環"
21079,"新生耳環"
21080,"新生耳環"
21081,"冰之女王的耳環"
21082,"冰之女王的耳環"
21083,"冰之女王的耳環"
21084,"冰之女王的耳環"
21085,"冰之女王的耳環"
21086,"冰之女王的耳環"
21087,"冰之女王的耳環"
21088,"冰之女王的耳環"
21089,"冰之女王的耳環"
21090,"冰之女王的耳環"
21091,"冰之女王的耳環"
21092,"新生戒指"
21093,"魔王戒指"
21094,"氣魂戒指"
21095,"底比斯歐西里斯腰帶"
21096,"命運耳環"
21097,"射擊手耳環"
21098,"劍鬥士耳環"
21099,"大法師耳環"
21100,"席琳的斗篷"
21101,"幻術士法書"
21102,"龍騎士斗篷"
21103,"龍鱗臂甲"
21104,"水晶臂甲"
21105,"古代神射臂甲"
21106,"古代鬥士臂甲"
21107,"霸王頭盔"
21108,"霸王頭盔"
21109,"霸王頭盔"
21110,"霸王盔甲"
21111,"霸王金靴"
21112,"霸王金靴"
21113,"霸王金靴"
21114,"蚩尤鎧甲"
21115,"安塔瑞斯的力量"
21116,"安塔瑞斯的魅惑"
21117,"安塔瑞斯的泉源"
21118,"安塔瑞斯的霸氣"
21119,"法利昂的力量"
21120,"法利昂的魅惑"
21121,"法利昂的泉源"
21122,"法利昂的霸氣"
21123,"林德拜爾的力量"
21124,"林德拜爾的魅惑"
21125,"林德拜爾的泉源"
21126,"林德拜爾的霸氣"
21127,"巴拉卡斯的力量"
21128,"巴拉卡斯的魅惑"
21129,"巴拉卡斯的泉源"
21130,"巴拉卡斯的霸氣"
21131,"提卡爾庫庫爾坎之盾"
21132,"提卡爾庫庫爾坎面具"
21133,"提卡爾杰弗雷庫尖牙"
21134,"提卡爾杰弗雷庫之眼"
21135,"艾爾摩皮盔甲"
21136,"艾爾摩金屬盔甲"
21137,"艾爾摩法袍"
21138,"修練者的斗篷"
21139,"修練者耳環"
21140,"泡水的帽子"
21141,"泡水的頭巾"
21142,"柑橘變身帽"
21143,"守護傳承之鍊"
21144,"闇月項鍊"
21145,"雪月項鍊"
21146,"赤月項鍊"
21147,"發亮的耳環"
21148,"清晰透明的體力項鍊"
21149,"清晰透明的智慧項鍊"
21150,"鐵門褲子"
21151,"魔法防禦褲子"
21152,"力量脛甲"
21153,"敏捷脛甲"
21154,"智力脛甲"
21155,"精神脛甲"
21156,"巨型骷髏之指環"
21157,"日輪印記(體力+80)"
21158,"日輪印記(體力+20)"
21159,"日輪印記(魔力+80)"
21160,"日輪印記(魔力+20)"
21161,"日輪印記(近距離攻擊+3)"
21162,"日輪印記(遠距離攻擊+3)"
21163,"日輪印記(攻擊成功+5)"
21164,"日輪印記(攻擊成功+2)"
21165,"日輪印記(力量+2)"
21166,"日輪印記(敏捷+2)"
21167,"日輪印記(體質+2)"
21168,"日輪印記(智力+2)"
21169,"日輪印記(精神+2)"
21170,"日輪印記(負重10%)"
21171,"日輪印記(減免+3)"
21172,"日輪印記(體力回復+5)"
21173,"日輪印記(魔力回復+5)"
21174,"日輪印記(魔法攻擊+2)"
21175,"日輪印記(防禦-10)"
21176,"日輪印記(防禦-3)"
21177,"日輪印記(魔法防禦+10%)"
21178,"日輪印記(四屬性防禦+5)"
21179,"屍魂頭盔"
21180,"屍魂手套"
21181,"屍魂靴子"
21182,"屍魂盔甲"
21183,"屍魂披風"
21184,"修練者的堅固頭盔"
21185,"修練者的堅固盔甲"
21186,"修練者的堅固披風"
21187,"修練者的堅固手套"
21188,"修練者的堅固長靴"
21189,"修練者的堅固盾牌"
21190,"修練者的神聖頭盔"
21191,"修練者的神聖長袍"
21192,"修練者的神聖披風"
21193,"修練者的神聖手套"
21194,"修練者的神聖長靴"
21195,"修練者的神聖盾牌"
21196,"修練者的腰帶"
21197,"修練者的項鍊"
21198,"戰士團頭盔"
21199,"超能符石"
21200,"+1 超能符石"
21201,"+2 超能符石"
21202,"+3 超能符石"
21203,"+4 超能符石"
21204,"+5 超能符石"
21205,"反叛者的盾牌"
21206,"蒂蜜特的祝福紋樣"
21207,"蒂蜜特的紋樣"
21208,"蒂蜜特的紋印"
21209,"蒂蜜特的符文"
21210,"真˙妲蒂斯魔石"
21211,"妲蒂斯魔石"
21212,"六芒星護身符"
21213,"六芒星魔法符"
21214,"六芒星魔法符A"
21215,"六芒星魔法符B"
21216,"六芒星魔法符C"
21217,"六芒星魔法符D"
21218,"六芒星魔法符E"
21219,"六芒星魔法符F"
21220,"六芒星魔法符G"
21221,"六芒星魔法符H"
21222,"石製手套"
21223,"9階 獵影之痕T恤(近戰)"
21224,"9階 獵影之痕T恤(遠攻)"
21225,"9階 獵影之痕T恤(魔法)"
21226,"9階 獵影之痕T恤(防禦)"
21227,"9階 亞斯克雷之靴 (近戰)"
21228,"9階 亞斯克雷之靴 (遠攻)"
21229,"9階 亞斯克雷之靴 (魔法)"
21230,"大法師之帽"
21231,"潘朵拉堅固頭盔"
21232,"潘朵拉堅固盔甲"
21233,"潘朵拉堅固長靴"
21234,"潘朵拉堅固手套"
21235,"潘朵拉堅固披風"
21236,"潘朵拉神聖頭飾"
21237,"潘朵拉神聖長袍"
21238,"潘朵拉神聖手套"
21239,"潘朵拉神聖披風"
21240,"潘朵拉神聖涼鞋"
21241,"梅林的火屬性斗篷"
21242,"梅林的風屬性斗篷"
21243,"梅林的水屬性斗篷"
21244,"梅林的地屬性斗篷"
21245,"潘朵拉腰帶(31天)"
21246,"潘朵拉的 力量T恤"
21247,"潘朵拉的 敏捷T恤"
21248,"潘朵拉的 智力T恤"
21249,"潘朵拉的 精神T恤"
21250,"潘朵拉的 體力T恤"
21251,"潘朵拉的 魅力T恤"
21252,"潘朵拉的 力量精靈T恤"
21253,"潘朵拉的 敏捷精靈T恤"
21254,"潘朵拉的 智力精靈T恤"
21255,"潘朵拉的 精神精靈T恤"
21256,"潘朵拉的 體力精靈T恤"
21257,"潘朵拉的 魅力精靈T恤"
21258,"1.5倍經驗肩章(1天)"
21259,"1.5倍經驗肩章(7天)"
21260,"1.5倍經驗肩章(31天)"
21261,"+0 龍耀符石(征戰之力)"
21262,"+1 龍耀符石(征戰之力)"
21263,"+2 龍耀符石(征戰之力)"
21264,"+3 龍耀符石(征戰之力)"
21265,"+4 龍耀符石(征戰之力)"
21266,"+5 龍耀符石(征戰之力)"
21267,"+6 龍耀符石(征戰之力)"
21268,"+7 龍耀符石(征戰之力)"
21269,"+8 龍耀符石(征戰之力)"
21270,"+9 龍耀符石(征戰之力)"
21271,"+0 龍耀符石(迅捷之姿)"
21272,"+1 龍耀符石(迅捷之姿)"
21273,"+2 龍耀符石(迅捷之姿)"
21274,"+3 龍耀符石(迅捷之姿)"
21275,"+4 龍耀符石(迅捷之姿)"
21276,"+5 龍耀符石(迅捷之姿)"
21277,"+6 龍耀符石(迅捷之姿)"
21278,"+7 龍耀符石(迅捷之姿)"
21279,"+8 龍耀符石(迅捷之姿)"
21280,"+9 龍耀符石(迅捷之姿)"
21281,"+0 龍耀符石(專注冷漠)"
21282,"+1 龍耀符石(專注冷漠)"
21283,"+2 龍耀符石(專注冷漠)"
21284,"+3 龍耀符石(專注冷漠)"
21285,"+4 龍耀符石(專注冷漠)"
21286,"+5 龍耀符石(專注冷漠)"
21287,"+6 龍耀符石(專注冷漠)"
21288,"+7 龍耀符石(專注冷漠)"
21289,"+8 龍耀符石(專注冷漠)"
21290,"+9 龍耀符石(專注冷漠)"
21291,"+0 龍耀符石(沉穩清晰)"
21292,"+1 龍耀符石(沉穩清晰)"
21293,"+2 龍耀符石(沉穩清晰)"
21294,"+3 龍耀符石(沉穩清晰)"
21295,"+4 龍耀符石(沉穩清晰)"
21296,"+5 龍耀符石(沉穩清晰)"
21297,"+6 龍耀符石(沉穩清晰)"
21298,"+7 龍耀符石(沉穩清晰)"
21299,"+8 龍耀符石(沉穩清晰)"
21300,"+9 龍耀符石(沉穩清晰)"
21301,"冥想手套"
21302,"指揮官的頭盔"
21303,"鐵門褲子"
21304,"歐林的項鍊"
21305,"西瑪戒指"
21306,"神聖的魔法防禦頭盔"
21307,"魔力的手套"
21308,"光之魔力的手套"
21309,"\aF激怒手套"
21310,"寒冰頭盔"
21311,"寒冰盔甲"
21312,"寒冰長靴"
21313,"力量的靴子"
21314,"智慧的靴子"
21315,"智力的長靴"
21316,"敏捷的長靴"
21317,"甘特斗篷(抗暈)"
21318,"甘特斗篷(支撐)"
21319,"滅魔的 金屬盔甲"
21320,"滅魔的 鱗甲"
21321,"滅魔的 小藤甲"
21322,"滅魔的 披肩"
21323,"超進化熾月頭盔"
21324,"超進化霧月頭盔"
21325,"超進化吟月頭盔"
21326,"闇月戰靴"
21327,"力量的楚王護手"
21328,"敏捷的楚王護手"
21329,"智力的楚王護手"
21330,"潘朵拉璀璨戒指"
21331,"1階潘朵拉璀璨戒指"
21332,"2階潘朵拉璀璨戒指"
21333,"3階潘朵拉璀璨戒指"
21334,"4階潘朵拉璀璨戒指"
21335,"5階潘朵拉璀璨戒指"
21336,"6階潘朵拉璀璨戒指"
21337,"7階潘朵拉璀璨戒指"
21338,"8階潘朵拉璀璨戒指"
21339,"9階潘朵拉璀璨戒指"
21340,"力量符石"
21341,"敏捷符石"
21342,"體質符石"
21343,"智力符石"
21344,"精神符石"
21345,"力量符石"
21346,"敏捷符石"
21347,"體質符石"
21348,"智力符石"
21349,"精神符石"
21350,"賢者的項鍊"
21351,"體力臂甲"
21352,"法師臂甲"
21353,"守護的臂甲"
21354,"命運長靴"
21355,"傳奇 命運長靴"
21356,"史詩 命運長靴"
21357,"烏兒德 長靴"
21358,"貝爾丹蒂 長靴"
21359,"詩寇蒂 長靴"
21360,"1階烏兒德 祝福長靴"
21361,"1階貝爾丹蒂 祝福長靴"
21362,"1階詩寇蒂 祝福長靴"
21363,"奪魂T恤(魔法)"
21364,"奪魂T恤(近戰)"
21365,"奪魂T恤(遠攻)"
21366,"星星力量耳環"
21367,"星星敏捷耳環"
21368,"星星智力耳環"
21369,"月亮力量項鍊"
21370,"月亮敏捷項鍊"
21371,"月亮智力項鍊"
21372,"赫卡特的攻擊"
21373,"赫卡特的防禦"
21374,"拉溫的戒指"
21375,"拉溫的細工戒指"
21376,"拉溫的高級戒指"
21377,"拉溫的昏迷戒指"
21378,"拉溫的石化戒指"
21379,"拉溫的支撐戒指"
21380,"拉溫的寒冰戒指"
21381,"拉溫的暗黑戒指"
21382,"拉溫的睡眠戒指"
21383,"真魔法防禦頭盔"
21384,"幻象眼魔的心眼"
21385,"南瓜腰帶"
21386,"狂龍力量腰帶"
21387,"狂龍智力腰帶"
21388,"狂龍敏捷腰帶"
21389,"狂龍精神腰帶"
21390,"+5 15週年紀念戒指(近戰)"
21391,"+5 15週年紀念戒指(遠攻)"
21392,"+5 15週年紀念戒指(魔法)"
21393,"古代魔物之褲子"
21394,"古代魔物之靴子"
21395,"古代魔物之斗篷"
21396,"古代魔物之手套"
21397,"古代的加護"
21398,"古代岩石 手套"
21399,"古代岩石 靴子"
21400,"古代岩石 斗篷"
21401,"古代岩石 褲子"
21402,"塔拉斯長靴"
21403,"塔拉斯手套"
21404,"紅騎士團的戒指"
21405,"月亮女神的祈禱"
21406,"狩獵。異能符石(近戰)"
21407,"狩獵。異能符石(迅捷)"
21408,"狩獵。異能符石(魔法)"
21409,"戰鬥。異能符石(近戰)"
21410,"戰鬥。異能符石(迅捷)"
21411,"戰鬥。異能符石(魔法)"
21412,"死亡騎士毀滅脛甲"
21413,"死亡騎士神速脛甲"
21414,"死亡騎士萬魔脛甲"
21415,"極。死亡騎士毀滅脛甲"
21416,"極。死亡騎士神速脛甲"
21417,"極。死亡騎士萬魔脛甲"
21418,"元祖。豐天戒指"
21419,"遠古霸王護手"
21420,"真˙地靈守護之鍊"
21421,"真˙水靈守護之鍊"
21422,"真˙火靈守護之鍊"
21423,"真˙風靈守護之鍊"
21424,"爆發的魔法頭盔(征戰)"
21425,"雷厲的魔法頭盔(征戰)"
21426,"猖狂的魔法頭盔(征戰)"
21427,"爆發的魔法頭盔(迅捷)"
21428,"雷厲的魔法頭盔(迅捷)"
21429,"猖狂的魔法頭盔(迅捷)"
21430,"爆發的魔法頭盔(專注)"
21431,"雷厲的魔法頭盔(專注)"
21432,"猖狂的魔法頭盔(專注)"
21433,"光之殷海薩智力腰帶"
21434,"光之殷海薩力量腰帶"
21435,"光之殷海薩敏捷腰帶"
21436,"光之殷海薩魅力腰帶"
21437,"魔化的黑帝斯斗篷(抗火)"
21438,"魔化的黑帝斯斗篷(抗風)"
21439,"魔化的黑帝斯斗篷(抗地)"
21440,"魔化的黑帝斯斗篷(抗水)"
21441,"光龍臂章"
21442,"光龍覺醒征戰臂章"
21443,"光龍覺醒魔法臂章"
21444,"光龍覺醒迅捷臂章"
21445,"光龍覺醒防禦臂章"
21446,"萬聖節龍盔甲"
21447,"回復永恆戒指"
21448,"集中永恆戒指"
21449,"體力永恆戒指"
21450,"魔力永恆戒指"
21451,"抗魔永恆戒指"
21452,"1階真˙妲蒂斯魔石"
21453,"2階真˙妲蒂斯魔石"
21454,"3階真˙妲蒂斯魔石"
21455,"4階真˙妲蒂斯魔石"
21456,"5階真˙妲蒂斯魔石"
21457,"6階真˙妲蒂斯魔石"
21458,"7階真˙妲蒂斯魔石"
21459,"8階真˙妲蒂斯魔石"
21460,"9階真˙妲蒂斯魔石"
21461,"10階真˙妲蒂斯魔石"
21462,"龍牙力量戒指"
21463,"龍牙敏捷戒指"
21464,"龍牙魔力戒指"
21465,"賢者之戒"
21466,"波若斯戰士護身符"
21467,"聖誕鈴鐺"
21468,"麋鹿魔法帽"
21469,"聖誕王者頭飾"
21470,"疾風之戒"
21471,"征戰之戒"
21472,"體力褲子"
21473,"遠古蒂蜜特的祝福紋樣"
21474,"遠古六芒星魔法符"
21475,"7階烏兒德 祝福長靴"
21476,"8階烏兒德 祝福長靴"
21477,"9階烏兒德 祝福長靴"
21478,"7階貝爾丹蒂 祝福長靴"
21479,"8階貝爾丹蒂 祝福長靴"
21480,"9階貝爾丹蒂 祝福長靴"
21481,"7階詩寇蒂 祝福長靴"
21482,"8階詩寇蒂 祝福長靴"
21483,"9階詩寇蒂 祝福長靴"
21484,"7階段永世傳說曙光"
21485,"8階段永世傳說曙光"
21486,"9階段永世傳說曙光"
21487,"7階段永世傳說手套"
21488,"8階段永世傳說手套"
21489,"9階段永世傳說手套"
21490,"11階真˙妲蒂斯魔石"
21491,"12階真˙妲蒂斯魔石"
21492,"13階真˙妲蒂斯魔石"
21493,"14階真˙妲蒂斯魔石"
21494,"15階真˙妲蒂斯魔石"
21495,"一拳頭盔"
21496,"一拳頭盔(一階)"
21497,"一拳頭盔(二階)"
21498,"一拳頭盔(三階)"
21499,"一拳頭盔(四階)"
21500,"一拳頭盔(五階)"
21501,"烈日耳環(力量)"
21502,"烈日耳環(敏捷)"
21503,"烈日耳環(魔法)"
21504,"烈日耳環(昏迷耐性)"
21505,"烈日耳環(昏迷等級)"
21506,"烈日耳環(恐怖耐性)"
21507,"烈日耳環(恐怖等級)"
21508,"烈日耳環(破壞等級)"
21509,"滅龍奪魂T恤(近戰)"
21510,"滅龍奪魂T恤(魔法)"
21511,"滅龍奪魂T恤(遠攻)"
21512,"冰之女王魅力頭飾"
21513,"思夫的T恤"
21514,"閃耀的沙哈的戒指"
21515,"神聖的精靈金屬盔甲"
21516,"守護星的腕甲"
21517,"神聖的精靈盾牌"
21518,"神聖的艾爾穆的祝福"
21519,"守護星的力量手套"
21520,"神聖的力量項鍊"
21521,"神聖的敏捷項鍊"
21522,"神聖的智力項鍊"
21523,"神聖永生的項鍊"
21524,"歐吉王腰帶"
21525,"漆黑的斗篷"
21526,"神聖的保護者斗篷"
21527,"冷燄攻擊頭盔(力量)"
21528,"冷燄攻擊頭盔(敏捷)"
21529,"冷燄攻擊頭盔(智力)"
21530,"冷燄防禦頭盔"
21531,"冷燄猖狂頭盔(力量)"
21532,"冷燄猖狂頭盔(敏捷)"
21533,"冷燄猖狂頭盔(智力)"
21534,"鬥士徽章"
21535,"神弓徽章"
21536,"賢者徽章"
21537,"守護徽章"
21538,"測試徽章"
21539,"銀騎士的肩甲"
21540,"打獵者的肩甲"
21541,"預言者的肩甲"
21542,"老舊肩甲"
40001,"燈"
40002,"燈籠"
40003,"燈油"
40004,"魔法燈籠"
40005,"蠟燭"
40006,"雷電魔杖"
40007,"閃電魔杖"
40008,"變形魔杖"
40009,"驅逐魔杖"
40010,"治癒藥水"
40011,"強力治癒藥水"
40012,"終極治癒藥水"
40013,"自我加速藥水"
40014,"勇敢藥水"
40015,"加速魔力回復藥水"
40016,"慎重藥水"
40017,"解毒藥水"
40018,"強化 自我加速藥水"
40019,"濃縮體力恢復劑"
40020,"濃縮強力體力恢復劑"
40021,"濃縮終極體力恢復劑"
40022,"古代體力恢復劑"
40023,"古代強力體力恢復劑"
40024,"古代終極體力恢復劑"
40025,"失明藥水"
40026,"香蕉汁"
40027,"橘子汁"
40028,"蘋果汁"
40029,"修練者治癒藥水"
40030,"修練者加速藥水"
40031,"惡魔之血"
40032,"伊娃的祝福"
40033,"萬能藥(力量)"
40034,"萬能藥(體質)"
40035,"萬能藥(敏捷)"
40036,"萬能藥(智慧)"
40037,"萬能藥(精神)"
40038,"萬能藥(魅力)"
40039,"紅酒"
40040,"威士忌"
40041,"人魚之鱗"
40042,"精神藥水"
40043,"兔子的肝"
40044,"鑽石"
40045,"紅寶石"
40046,"藍寶石"
40047,"綠寶石"
40048,"品質 鑽石"
40049,"品質 紅寶石"
40050,"品質 藍寶石"
40051,"品質 綠寶石"
40052,"高品質 鑽石"
40053,"高品質 紅寶石"
40054,"高品質 藍寶石"
40055,"高品質 綠寶石"
40056,"肉"
40057,"漂浮之眼 肉"
40058,"煙燻的麵包屑"
40059,"蛋"
40060,"胡蘿蔔"
40061,"檸檬"
40062,"香蕉"
40063,"情人節 巧克力"
40064,"蘋果"
40065,"情人禮物(糖果)"
40066,"年糕"
40067,"艾草年糕"
40068,"精靈餅乾"
40069,"橘子"
40070,"進化果實"
40071,"烤焦的麵包屑"
40072,"烤薄餅"
40073,"復活蛋"
40074,"對盔甲施法的卷軸"
40075,"毀滅盔甲的卷軸"
40076,"古代的卷軸"
40077,"古代人的鍊金術卷軸"
40078,"古代人的咒術卷軸"
40079,"傳送回家的卷軸"
40080,"古魯丁村莊指定傳送卷軸"
40081,"指定傳送卷軸(奇岩)"
40082,"指定傳送卷軸(歌唱之島)"
40083,"大洞穴移動卷軸"
40084,"狄亞得移動卷軸"
40085,"說話之島指定傳送卷軸"
40086,"全體傳送術的卷軸"
40087,"對武器施法的卷軸"
40088,"變形卷軸"
40089,"復活卷軸"
40090,"空的魔法卷軸(等級1)"
40091,"空的魔法卷軸(等級2)"
40092,"空的魔法卷軸(等級3)"
40093,"空的魔法卷軸(等級4)"
40094,"空的魔法卷軸(等級5)"
40095,"修練者傳送回家的卷軸"
40096,"修練者變身卷軸"
40097,"修練者解咒卷軸"
40098,"修練者鑑定卷軸"
40099,"修練者瞬間移動卷軸"
40100,"瞬間移動卷軸"
40101,"歐瑞村莊指定傳送卷軸"
40102,"亞丁村莊指定傳送卷軸"
40103,"傲慢之塔移動卷軸(1樓)"
40104,"傲慢之塔移動卷軸(2樓)"
40105,"傲慢之塔移動卷軸(3樓)"
40106,"傲慢之塔移動卷軸(4樓)"
40107,"傲慢之塔移動卷軸(5樓)"
40108,"傲慢之塔移動卷軸(6樓)"
40109,"傲慢之塔移動卷軸(7樓)"
40110,"傲慢之塔移動卷軸(8樓)"
40111,"傲慢之塔移動卷軸(9樓)"
40112,"傲慢之塔移動卷軸(10樓)"
40113,"傲慢之塔頂樓移動卷軸"
40114,"妖森指定傳送卷軸"
40115,"風木村莊指定傳送卷軸"
40116,"威頓村莊指定傳送卷軸"
40117,"銀騎士村莊指定傳送卷軸"
40118,"隱遁者村莊指定傳送卷軸"
40119,"解除咀咒的卷軸"
40120,"抵抗軍村莊指定傳送卷軸"
40121,"指定傳送(礦物洞穴)"
40122,"肯特村莊指定傳送卷軸"
40123,"海音村莊指定傳送卷軸"
40124,"血盟傳送卷軸"
40125,"燃柳村莊指定傳送卷軸"
40126,"鑑定卷軸"
40127,"對盔甲施法的幻象卷軸"
40128,"對武器施法的幻象卷軸"
40129,"奇安的卷軸"
40130,"金侃的卷軸"
40131,"甘地圖騰"
40132,"那魯加圖騰"
40133,"都達瑪拉圖騰"
40134,"羅孚圖騰"
40135,"阿吐巴圖騰"
40136,"三連發 煙火"
40137,"六連發 煙火"
40138,"品質 六連發 煙火"
40139,"藍色 兩段 煙火"
40140,"藍色 仙女棒"
40141,"藍色 煙火"
40142,"藍色 心形 煙火"
40143,"紅色 兩段 煙火"
40144,"紅色 仙女棒"
40145,"紅色 煙火"
40146,"紅色 心形 煙火"
40147,"綠色 兩段 圓形 煙火"
40148,"綠色 兩段 煙火"
40149,"綠色 雪 煙火"
40150,"綠色 仙女棒"
40151,"綠色 圓形 煙火"
40152,"綠色 煙火"
40153,"綠色 心形 煙火"
40154,"聖誕煙火"
40155,"黃色 兩段 圓形 煙火"
40156,"黃色 兩段 煙火"
40157,"黃色 雪 煙火"
40158,"黃色 仙女棒"
40159,"黃色 圓形 煙火"
40160,"黃色 煙火"
40161,"黃色 心形 煙火"
40162,"高崙之心"
40163,"黃金鑰匙"
40167,"古老皮袋"
40168,"古老絲袋"
40169,"飛龍之心"
40278,"封印的傲慢之塔10樓傳送符"
40279,"封印的傲慢之塔1樓傳送符"
40280,"封印的傲慢之塔2樓傳送符"
40281,"封印的傲慢之塔3樓傳送符"
40282,"封印的傲慢之塔4樓傳送符"
40283,"封印的傲慢之塔5樓傳送符"
40284,"封印的傲慢之塔6樓傳送符"
40285,"封印的傲慢之塔7樓傳送符"
40286,"封印的傲慢之塔8樓傳送符"
40287,"封印的傲慢之塔9樓傳送符"
40288,"傲慢之塔傳送符(1樓)"
40289,"傲慢之塔傳送符(2樓)"
40290,"傲慢之塔傳送符(3樓)"
40291,"傲慢之塔傳送符(4樓)"
40292,"傲慢之塔傳送符(5樓)"
40293,"傲慢之塔傳送符(6樓)"
40294,"傲慢之塔傳送符(7樓)"
40295,"傲慢之塔傳送符(8樓)"
40296,"傲慢之塔傳送符(9樓)"
40297,"傲慢之塔傳送符(10樓)"
40298,"往說話之島的船票"
40299,"往古魯丁的船票"
40300,"遺忘之島船票"
40301,"海音港口船票"
40302,"海賊島船票"
40303,"隱藏港口船票"
40304,"馬普勒之石"
40305,"帕格里奧之石"
40306,"伊娃之石"
40307,"沙哈之石"
40308,"金幣"
40309,"魔法娃娃競賽的彩票"
40310,"信紙"
40311,"血盟的信紙"
40312,"旅館鑰匙"
40313,"銀鑰匙"
40314,"項圈"
40315,"哨子"
40316,"項圈"
40317,"磨刀石"
40318,"魔法寶石"
40319,"精靈玉"
40320,"一級黑魔石"
40321,"二級黑魔石"
40322,"三級黑魔石"
40323,"四級黑魔石"
40324,"五級黑魔石"
40325,"2階段魔法骰子"
40326,"3階段魔法骰子"
40327,"4階段魔法骰子"
40328,"6階段魔法骰子"
40329,"原住民圖騰"
40330,"無限箭筒"
40331,"肯特勇士之劍"
40332,"肯特射手之弓"
40333,"肯特法師魔杖"
40334,"肯特刺客雙刀"
40335,"肯特戰士斧頭"
40336,"肯特徽章長靴"
40337,"肯特徽章盔甲"
40338,"肯特徽章手套"
40339,"肯特徽章盾牌"
40340,"肯特徽章頭盔"
40341,"安塔瑞斯之鱗"
40342,"安塔瑞斯之爪"
40343,"安塔瑞斯之眼"
40344,"安塔瑞斯之血"
40345,"安塔瑞斯之肉"
40346,"安塔瑞斯之心"
40347,"安塔瑞斯之骨"
40348,"安塔瑞斯之牙"
40349,"巴拉卡斯之鱗"
40350,"巴拉卡斯之爪"
40351,"巴拉卡斯之眼"
40352,"巴拉卡斯之血"
40353,"巴拉卡斯之肉"
40354,"巴拉卡斯之心"
40355,"巴拉卡斯之骨"
40356,"巴拉卡斯之牙"
40357,"法利昂之鱗"
40358,"法利昂之爪"
40359,"法利昂之眼"
40360,"法利昂之血"
40361,"法利昂之肉"
40362,"法利昂之心"
40363,"法利昂之骨"
40364,"法利昂之牙"
40365,"林德拜爾之鱗"
40366,"林德拜爾之爪"
40367,"林德拜爾之眼"
40368,"林德拜爾之血"
40369,"林德拜爾之肉"
40370,"林德拜爾之心"
40371,"林德拜爾之骨"
40372,"林德拜爾之牙"
40373,"地圖:大陸全圖"
40374,"地圖:說話之島"
40375,"地圖:古魯丁"
40376,"地圖:肯特城"
40377,"地圖:妖魔城堡"
40378,"地圖:妖精森林"
40379,"地圖:風木之城"
40380,"地圖:銀騎士村莊"
40381,"地圖:龍之谷"
40382,"地圖:奇岩"
40383,"地圖:歌唱之島"
40384,"地圖:隱藏之谷"
40385,"地圖:海音"
40386,"地圖:火龍窟"
40387,"地圖:歐瑞"
40388,"地圖:亞丁"
40389,"地圖:沉默洞穴"
40390,"地圖:海賊島"
40391,"計算機"
40392,"耶誕樹"
40393,"火龍鱗"
40394,"風龍鱗"
40395,"水龍鱗"
40396,"地龍鱗"
40397,"奇美拉之皮(龍)"
40398,"奇美拉之皮(山羊)"
40399,"奇美拉之皮(獅子)"
40400,"奇美拉之皮(蛇)"
40401,"詛咒的皮革(火)"
40402,"詛咒的皮革(水)"
40403,"詛咒的皮革(風)"
40404,"詛咒的皮革(地)"
40405,"皮革"
40406,"高級皮革"
40407,"骨頭碎片"
40408,"金屬塊"
40409,"不死鳥之心"
40410,"黑暗安特的樹皮"
40411,"黑暗安特的水果"
40412,"黑暗安特的樹枝"
40413,"冰之女王之心"
40414,"鍊金術之石"
40415,"遺物袋子"
40416,"詛咒之血"
40417,"精靈結晶"
40418,"墮落的財物"
40419,"巨大莫妮亞蜘蛛絲"
40420,"古代人的咒術書1冊"
40421,"古代人的咒術書2冊"
40422,"古代人的咒術書3冊"
40423,"古代人的咒術書4冊"
40424,"狼皮"
40425,"黑暗棲林者藥水"
40426,"黑暗棲林者戒指"
40427,"黑暗妖精袋子"
40428,"月光之淚"
40429,"大洞穴卷軸碎片"
40430,"大洞穴水晶"
40431,"鼴鼠的皮"
40432,"狄亞得卷軸碎片"
40433,"犰狳之爪"
40434,"犰狳的尾巴"
40435,"深淵之花的花苞"
40436,"深淵之花的根"
40437,"深淵花枝條"
40438,"蝙蝠之牙"
40439,"白金金屬板"
40440,"白金"
40441,"白金原石"
40442,"布拉伯的胃液"
40443,"黑色米索莉"
40444,"黑色米索莉原石"
40445,"黑色米索莉金屬板"
40446,"黑法師戒指"
40447,"黑虎的皮"
40448,"黑虎的爪"
40449,"黑虎的牙"
40450,"黑暗安特的樹枝"
40451,"黑虎之心"
40452,"喚獸師戒指"
40453,"喚獸師長鞭"
40454,"馴獸師戒指"
40455,"藍色布料"
40456,"紅色布料"
40457,"白色布料"
40458,"光明的鱗片"
40459,"毒蠍之皮"
40460,"阿西塔基奧的灰燼"
40461,"惡魔的黑色腳鐐"
40462,"惡魔的紅色腳鐐"
40463,"惡魔的藍色腳鐐"
40464,"惡魔的白色腳鐐"
40465,"精靈使戒指"
40466,"龍之心"
40467,"銀"
40468,"銀原石"
40469,"銀金屬板"
40470,"原石碎片"
40471,"精靈碎片"
40472,"地獄犬之皮"
40473,"墮落鐮刀"
40474,"墮落之毒"
40475,"墮落首級"
40476,"墮落之手"
40477,"墮落的惡魔書1冊"
40478,"墮落的惡魔書2冊"
40479,"墮落的惡魔書3冊"
40480,"墮落的惡魔書4冊"
40481,"墮落之牙"
40482,"墮落之舌"
40483,"金屬蜈蚣的皮"
40484,"金屬蜈蚣的毒液"
40485,"金屬蜈蚣的牙"
40486,"火山灰"
40487,"黃金金屬板"
40488,"黃金"
40489,"黃金原石"
40490,"黑暗元素石"
40491,"格利芬羽毛"
40492,"綠水晶"
40493,"魔法笛子"
40494,"純粹的米索莉塊"
40495,"米索莉線"
40496,"粗糙的米索莉塊"
40497,"米索莉金屬板"
40498,"風之淚"
40499,"蘑菇汁"
40500,"紫水晶"
40501,"紅水晶"
40502,"線"
40503,"芮克妮的網"
40504,"芮克妮的蛻皮"
40505,"安特之樹皮"
40506,"安特的水果"
40507,"安特之樹枝"
40508,"奧里哈魯根"
40509,"奧里哈魯根金屬板"
40510,"污濁安特的樹皮"
40511,"污濁安特的水果"
40512,"污濁安特的樹枝"
40513,"食人巨魔的血"
40514,"精靈之淚"
40515,"元素石"
40516,"品質綠水晶"
40517,"品質紅水晶"
40518,"品質藍水晶"
40519,"潘的鬃毛"
40520,"精靈粉末"
40521,"精靈羽翼"
40522,"藍水晶"
40523,"白水晶"
40524,"黑色血痕"
40525,"格蘭肯之淚"
40526,"薄金屬板"
40527,"鋤頭"
40528,"守護神之袋"
40529,"感謝信"
40530,"古代王族的鑰匙"
40531,"古代騎士的鑰匙"
40532,"古代法師的鑰匙"
40533,"古代鑰匙(下半部)"
40534,"古代鑰匙(上半部)"
40535,"古代妖精的鑰匙"
40536,"古代惡魔的記載"
40537,"古代的遺物"
40538,"食屍鬼的指甲"
40539,"食屍鬼的牙齒"
40540,"古老的交易文件"
40541,"黑暗之星"
40542,"變形怪的血"
40543,"蛇女房間鑰匙"
40544,"蛇女之鱗"
40545,"倫得之袋"
40546,"馬沙之袋"
40547,"村民的遺物"
40548,"古代亡靈之袋"
40549,"炎魔之劍"
40550,"炎魔之眼"
40551,"炎魔之爪"
40552,"炎魔之心"
40553,"布魯迪卡之袋"
40554,"秘密名單"
40555,"密室鑰匙"
40556,"暗殺名單之袋"
40557,"暗殺名單(古魯丁村)"
40558,"暗殺名單(奇岩村)"
40559,"暗殺名單(亞丁城鎮)"
40560,"暗殺名單(風木村)"
40561,"暗殺名單(肯特村)"
40562,"暗殺名單(海音村)"
40563,"暗殺名單(燃柳村)"
40564,"生命的卷軸"
40565,"搜索狀"
40566,"神秘貝殼"
40567,"神秘水晶球"
40568,"神秘的袋子"
40569,"神秘魔杖"
40570,"艾莉亞的回報"
40571,"刺客首領的箱子"
40572,"刺客之證"
40573,"靈魂之證"
40574,"靈魂之證"
40575,"靈魂之證"
40576,"靈魂水晶"
40577,"靈魂水晶"
40578,"靈魂水晶"
40579,"不死族的骨頭"
40580,"不死族的骨頭碎片"
40581,"不死族的鑰匙"
40582,"安迪亞之袋"
40583,"安迪亞之信"
40584,"雪怪首級"
40585,"妖魔長老首級"
40586,"王族徽章的碎片"
40587,"王族徽章的碎片"
40588,"妖精族寶物"
40589,"文明的鑰匙"
40590,"楊果里恩之爪"
40591,"受詛咒的魔法書"
40592,"受詛咒的精靈書"
40593,"調查簿的缺頁"
40594,"殭屍鑰匙"
40595,"死亡之證"
40596,"死亡誓約"
40597,"破損的調查簿"
40598,"康之袋"
40599,"塔拉斯的魔法袋"
40600,"墮落鑰匙"
40601,"龍龜甲"
40602,"藍色長笛"
40603,"蘑菇毒液"
40604,"骷髏鑰匙"
40605,"骷髏頭"
40606,"混沌鑰匙"
40607,"返生藥水"
40608,"黑騎士的誓約"
40609,"甘地妖魔魔法書"
40610,"那魯加妖魔魔法書"
40611,"都達瑪拉妖魔魔法書"
40612,"阿吐巴妖魔魔法書"
40613,"黑鑰匙"
40614,"礦物收集文件"
40615,"暗影神殿2樓鑰匙"
40616,"暗影神殿3樓鑰匙"
40617,"水晶球"
40618,"土之氣息"
40619,"東方監獄鑰匙"
40620,"第二迷宮鑰匙"
40621,"德雷克鑰匙"
40622,"飛龍的爪子"
40623,"多魯嘉1世傳家之寶"
40624,"多魯嘉2世傳家之寶"
40625,"多魯嘉3世傳家之寶"
40626,"多魯嘉4世傳家之寶"
40627,"多魯嘉5世傳家之寶"
40628,"多魯嘉6世傳家之寶"
40629,"多魯嘉7世傳家之寶"
40630,"迪哥的舊日記"
40631,"萊斯塔的戒指"
40632,"雷奧納的袋子"
40633,"蜥蜴人的報告"
40634,"蜥蜴人的寶物"
40635,"法令軍團印記"
40636,"法令軍王印記盒"
40637,"瑪勒巴的信"
40638,"魔獸軍團印記"
40639,"魔獸軍王印記盒"
40640,"冥法軍王印記盒"
40641,"初心者指引書"
40642,"冥法軍團印記"
40643,"水之氣息"
40644,"迷宮構造圖"
40645,"風之氣息"
40646,"蜥蜴的角"
40647,"藏寶圖碎片"
40648,"生鏽的刺客之劍"
40649,"東北方監獄鑰匙"
40650,"北方監獄鑰匙"
40651,"火之氣息"
40652,"燃燒的皮"
40653,"紅鑰匙"
40654,"第三迷宮鑰匙"
40655,"水晶之牙"
40656,"試煉之劍A"
40657,"試煉之劍B"
40658,"試煉之劍C"
40659,"試煉之劍D"
40660,"試煉卷軸"
40661,"兒子的遺骸"
40662,"兒子的肖像畫"
40663,"兒子的信"
40664,"阿拉斯的護身符"
40665,"阿拉斯的信"
40666,"無法得知的傳家之寶"
40667,"暗殺軍團印記"
40668,"暗殺軍王印記盒"
40669,"火焰之影肋骨"
40670,"火焰之影尾巴"
40671,"火焰之影骨翼"
40672,"火焰之影脊椎"
40673,"火焰之影首級"
40674,"火焰之影指甲"
40675,"黑暗礦石"
40676,"闇之氣息"
40677,"黑暗礦石鑄塊"
40678,"靈魂石碎片"
40679,"污濁的金甲"
40680,"污濁斗篷"
40681,"污濁的鋼靴"
40682,"污濁的腕甲"
40683,"污濁的頭盔"
40684,"污濁的弓"
40685,"未磨光的雕像"
40686,"完成品的雕像"
40687,"歐姆的袋子"
40688,"未上漆的雕像"
40689,"未精雕的雕像"
40690,"未修補的雕像"
40691,"半成品的雕像"
40692,"完成的藏寶圖"
40693,"遠征隊金甲"
40694,"遠征隊斗篷"
40695,"遠征隊鋼靴"
40696,"遠征隊的遺物"
40697,"遠征隊腕甲"
40698,"遠征隊頭盔"
40699,"遠征隊弓"
40700,"銀笛"
40701,"小藏寶圖"
40702,"小袋子"
40703,"心靈支配石"
40704,"死亡尾骨"
40705,"死亡巨斧"
40706,"死亡戰鎚"
40707,"死亡首級"
40708,"死亡長矛"
40709,"死亡之劍"
40710,"朋友的袋子"
40711,"卡得穆斯項鍊"
40712,"卡立普的高級袋子"
40713,"卡立普的袋子"
40714,"藍尾蜥蜴之皮"
40715,"皮爾斯的禮物"
40716,"爺爺的寶物"
40717,"弄縐的情書"
40718,"血石碎片"
40719,"混沌首級"
40720,"黑暗之翼"
40721,"巨大南瓜種子"
40722,"金南瓜"
40723,"銀南瓜"
40724,"銅南瓜"
40725,"南瓜糖果"
40726,"南瓜種子"
40727,"綠短襪"
40728,"紅短襪"
40729,"金襪子"
40730,"聖誕卡片"
40731,"情人節 卡片"
40732,"白色情人節 卡片"
40733,"名譽貨幣"
40734,"信賴貨幣"
40735,"勇氣貨幣"
40736,"智慧貨幣"
40737,"藏寶箱"
40738,"銀飛刀"
40739,"飛刀"
40740,"重飛刀"
40741,"奧里哈魯根鍍金骨箭"
40742,"古代之箭"
40743,"箭"
40744,"銀箭"
40745,"黃金箭"
40746,"米索莉箭"
40747,"黑色米索莉箭"
40748,"奧里哈魯根箭"
40749,"獵犬之牙"
40750,"破滅之牙"
40751,"鬥犬之牙"
40752,"黃金之牙"
40753,"龍之牙"
40754,"不滅之牙"
40755,"黑暗之牙"
40756,"神之牙"
40757,"鋼鐵之牙"
40758,"勝利之牙"
40759,"寵物祝福盔甲"
40760,"寵物光明盔甲"
40761,"寵物皮盔甲"
40762,"寵物骷髏盔甲"
40763,"寵物鋼鐵盔甲"
40764,"寵物米索莉盔甲"
40765,"寵物十字盔甲"
40766,"寵物鏈甲"
40778,"皮帶"
40779,"鋼鐵塊"
40780,"死亡首級"
40781,"死亡首級"
40782,"暗影神殿3樓鑰匙"
40783,"暗影神殿3樓鑰匙"
40784,"精準之牙(7天)"
40785,"精準之牙(30天)"
40786,"狂暴之牙(7天)"
40787,"狂暴之牙(30天)"
40788,"幻魔之牙(7天)"
40789,"幻魔之牙(30天)"
40790,"寵物幻魔甲 (7天)"
40791,"寵物幻魔甲 (30天)"
40792,"寵物戰甲 (7天)"
40793,"寵物戰甲 (30天)"
40794,"寵物靈甲 (7天)"
40795,"寵物靈甲 (30天)"
40801,"指定傳送(黃昏山脈)"
40802,"指定傳送(亞丁城庭園)"
40803,"指定傳送(鏡子森林)"
40804,"指定傳送(巴拉卡斯棲息地)"
40805,"指定傳送(法利昂棲息地)"
40806,"指定傳送(林德拜爾棲息地)"
40807,"指定傳送(海音洞穴3F)"
40808,"指定傳送(海音洞穴4F)"
40809,"指定傳送(火窟)"
40810,"指定傳送(龍之谷入口)"
40811,"指定傳送(沙漠)"
40812,"指定傳送(歐瑞)"
40813,"指定傳送(遠古戰場)"
40814,"指定傳送(食屍地)"
40815,"指定傳送(風木地監1F)"
40816,"指定傳送(風木地監2F)"
40817,"指定傳送(巨蟻洞穴)"
40818,"指定傳送(巨蟻洞穴)"
40819,"指定傳送(巨蟻女皇棲息地)"
40820,"指定傳送(象牙塔5F)"
40821,"指定傳送(象牙塔6F)"
40822,"指定傳送(象牙塔7F)"
40823,"指定傳送(象牙塔8F)"
40824,"指定傳送(騎士洞穴2F)"
40825,"指定傳送(騎士洞穴3F)"
40826,"指定傳送(騎士洞穴4F)"
40827,"指定傳送(奇岩地監2F)"
40828,"指定傳送(奇岩地監3F)"
40829,"指定傳送(奇岩地監4F)"
40830,"指定傳送(古魯丁地監3F)"
40831,"指定傳送(古魯丁地監4F)"
40832,"指定傳送(古魯丁地監5F)"
40833,"指定傳送(古魯丁地監6F)"
40834,"指定傳送(古魯丁地監7F)"
40835,"指定傳送(龍之谷地監1F)"
40836,"指定傳送(龍之谷地監2F)"
40837,"指定傳送(龍之谷地監3F)"
40838,"指定傳送(龍之谷地監4F)"
40839,"指定傳送(龍之谷地監5F)"
40840,"指定傳送(龍之谷地監6F)"
40841,"指定傳送(安塔瑞斯棲息地)"
40842,"指定傳送(風木城)"
40843,"指定傳送(風木沙漠)"
40844,"指定傳送(布魯迪卡洞穴)"
40845,"指定傳送(沉默洞穴)"
40846,"指定傳送(拉斯塔巴德地下洞穴1F)"
40847,"指定傳送(拉斯塔巴德地下洞穴2F)"
40848,"指定傳送(拉斯塔巴德地下洞穴3F)"
40849,"指定傳送(古代人空間1F)"
40850,"指定傳送(古代人空間2F)"
40851,"指定傳送(古代人空間4F)"
40852,"指定傳送(歐姆地監)"
40853,"大洞穴移動卷軸"
40854,"指定傳送(魔族神殿)"
40855,"指定傳送(精靈墓穴)"
40856,"指定傳送(海賊島)"
40857,"指定傳送(拉斯塔巴德正門)"
40858,"酒"
40859,"魔法卷軸 (初級治癒術)"
40860,"魔法卷軸 (日光術)"
40861,"魔法卷軸 (保護罩)"
40862,"魔法卷軸 (光箭)"
40863,"魔法卷軸 (指定傳送)"
40864,"魔法卷軸 (冰箭)"
40865,"魔法卷軸 (風刃)"
40866,"魔法卷軸 (神聖武器)"
40867,"魔法卷軸 (解毒術)"
40868,"魔法卷軸 (寒冷戰慄)"
40869,"魔法卷軸 (毒咒)"
40870,"魔法卷軸 (擬似魔法武器)"
40871,"魔法卷軸 (無所遁形術)"
40872,"魔法卷軸 (負重強化)"
40873,"魔法卷軸 (火箭)"
40874,"魔法卷軸 (地獄之牙)"
40875,"魔法卷軸 (極光雷電)"
40876,"魔法卷軸 (起死回生術)"
40877,"魔法卷軸 (中級治癒術)"
40878,"魔法卷軸 (闇盲咒術)"
40879,"魔法卷軸 (鎧甲護持)"
40880,"魔法卷軸 (寒冰氣息)"
40881,"魔法卷軸 (能量感測)"
40883,"魔法卷軸 (燃燒的火球)"
40884,"魔法卷軸 (通暢氣脈術)"
40885,"魔法卷軸 (壞物術)"
40886,"魔法卷軸 (吸血鬼之吻)"
40887,"魔法卷軸 (緩速術)"
40888,"魔法卷軸 (岩牢)"
40889,"魔法卷軸 (魔法屏障)"
40890,"魔法卷軸 (冥想術)"
40891,"魔法卷軸 (木乃伊的詛咒)"
40892,"魔法卷軸 (極道落雷)"
40893,"魔法卷軸 (高級治癒術)"
40894,"魔法卷軸 (迷魅術)"
40895,"魔法卷軸 (聖潔之光)"
40896,"魔法卷軸 (冰錐)"
40897,"魔法卷軸 (魔力奪取)"
40898,"魔法卷軸 (黑闇之影)"
40899,"鋼鐵原石"
40901,"結婚戒指(銀)"
40902,"結婚戒指(金)"
40903,"結婚戒指(藍寶石)"
40904,"結婚戒指(綠寶石)"
40905,"結婚戒指(紅寶石)"
40906,"結婚戒指(鑽石)"
40907,"西瑪戒指"
40908,"歐林戒指"
40909,"土之通行證"
40910,"水之通行證"
40911,"火之通行證"
40912,"風之通行證"
40913,"土之印記"
40914,"水之印記"
40915,"火之印記"
40916,"風之印記"
40917,"土之支配者"
40918,"水之支配者"
40919,"火之支配者"
40920,"風之支配者"
40921,"元素之支配者"
40922,"鼓勵的藥水"
40923,"技術的藥水"
40924,"寶羅拉的藥水"
40925,"淨化藥水"
40926,"一階神秘藥水"
40927,"二階神秘藥水"
40928,"三階神秘藥水"
40929,"四階神秘藥水"
40930,"烤肉"
40931,"精工的藍寶石"
40932,"精工的紅寶石"
40933,"精工的綠寶石"
40934,"精工的品質藍寶石"
40935,"精工的品質紅寶石"
40936,"精工的品質綠寶石"
40937,"精工的高品質藍寶石"
40938,"精工的高品質紅寶石"
40939,"精工的高品質綠寶石"
40940,"精工的極品藍寶石"
40941,"精工的極品紅寶石"
40942,"精工的極品綠寶石"
40943,"精工的土之鑽"
40944,"精工的水之鑽"
40945,"精工的火之鑽"
40946,"精工的風之鑽"
40947,"精工的品質土之鑽"
40948,"精工的品質水之鑽"
40949,"精工的品質火之鑽"
40950,"精工的品質風之鑽"
40951,"精工的高品質土之鑽"
40952,"精工的高品質水之鑽"
40953,"精工的高品質火之鑽"
40954,"精工的高品質風之鑽"
40955,"精工的極品土之鑽"
40956,"精工的極品水之鑽"
40957,"精工的極品火之鑽"
40958,"精工的極品風之鑽"
40959,"冥法軍王徽印"
40960,"法令軍王徽印"
40961,"魔獸軍王徽印"
40962,"暗殺軍王徽印"
40964,"黑魔法粉"
40965,"拉斯塔巴德製作武器秘笈"
40966,"真‧冥皇製作防具秘笈"
40967,"聖地遺物"
40968,"修行者經典"
40969,"靈魂結晶體"
40970,"安加斯的尾巴"
40971,"安加斯之牙"
40972,"巴薩斯的氣息"
40973,"巴薩斯的翅膀"
40974,"狄高的血"
40975,"狄高的鰭"
40976,"沙"
40977,"染血的沙"
40978,"土之守護者的尾巴"
40979,"水之守護者的尾巴"
40980,"火之守護者的尾巴"
40981,"風之守護者的尾巴"
40982,"土之守護者的皮"
40983,"水之守護者的皮"
40984,"火之守護者的皮"
40985,"風之守護者的皮"
40986,"守護者之牙"
40987,"受詛咒的黑色耳環"
40988,"受詛咒的黑色耳環"
40989,"受詛咒的黑色耳環"
40990,"炎魔的翅膀"
40991,"炎魔雙手劍"
40992,"炎魔的頭"
40993,"炎魔的角"
40994,"炎魔之肉"
40995,"炎魔之指"
40996,"炎魔的心臟"
40997,"炎魔之牙"
40998,"炎魔之肺"
40999,"黑暗妖精士兵的徽章"
41000,"黑暗妖精將軍的徽章"
41001,"守護團獎金箱子"
41002,"礦物袋子"
41003,"羅伊的袋子"
41004,"拉布羅的袋子"
41005,"復活與永生之誓約書"
41006,"拉伯勒的袋子"
41007,"伊莉絲的命令書：靈魂之安息"
41008,"伊莉絲的袋子"
41009,"伊莉絲的命令書：同盟之意志"
41010,"伊莉絲的推薦函"
41011,"封印的歷史書第1頁"
41012,"封印的歷史書第2頁"
41013,"封印的歷史書第3頁"
41014,"封印的歷史書第4頁"
41015,"封印的歷史書第5頁"
41016,"封印的歷史書第6頁"
41017,"封印的歷史書第7頁"
41018,"封印的歷史書第8頁"
41019,"拉斯塔巴德歷史書第1頁"
41020,"拉斯塔巴德歷史書第2頁"
41021,"拉斯塔巴德歷史書第3頁"
41022,"拉斯塔巴德歷史書第4頁"
41023,"拉斯塔巴德歷史書第5頁"
41024,"拉斯塔巴德歷史書第6頁"
41025,"拉斯塔巴德歷史書第7頁"
41026,"拉斯塔巴德歷史書第8頁"
41027,"完整的拉斯塔巴德歷史書"
41028,"死亡騎士之書"
41029,"召喚球碎片"
41030,"召喚球之核"
41031,"一階段召喚球"
41032,"二階段召喚球"
41033,"三階段召喚球"
41034,"四階段召喚球"
41035,"完整的召喚球"
41036,"膠水"
41037,"不完整的航海日誌"
41038,"航海日誌第1頁"
41039,"航海日誌第2頁"
41040,"航海日誌第3頁"
41041,"航海日誌第4頁"
41042,"航海日誌第5頁"
41043,"航海日誌第6頁"
41044,"航海日誌第7頁"
41045,"航海日誌第8頁"
41046,"航海日誌第9頁"
41047,"航海日誌第10頁"
41048,"塗著膠水的航海日誌第1頁"
41049,"塗著膠水的航海日誌第2頁"
41050,"塗著膠水的航海日誌第3頁"
41051,"塗著膠水的航海日誌第4頁"
41052,"塗著膠水的航海日誌第5頁"
41053,"塗著膠水的航海日誌第6頁"
41054,"塗著膠水的航海日誌第7頁"
41055,"塗著膠水的航海日誌第8頁"
41056,"塗著膠水的航海日誌第9頁"
41057,"塗著膠水的航海日誌第10頁"
41058,"完整的航海日誌"
41059,"航海士的袋子"
41060,"諾曼阿吐巴的信"
41061,"妖精調查書：卡麥都達瑪拉"
41062,"人類調查書：巴庫摩那魯加"
41063,"精靈調查書：可普都達瑪拉"
41064,"妖魔調查書：弧鄔牟那魯加"
41065,"死亡之樹調查書：諾亞阿吐巴"
41066,"污濁的根"
41067,"污濁的樹枝"
41068,"污濁的皮"
41069,"污濁的鬃毛"
41070,"污濁的精靈羽翼"
41071,"銀盤"
41072,"銀燭臺"
41073,"強盜鑰匙"
41074,"強盜的袋子"
41075,"污濁的頭髮"
41076,"土核晶"
41077,"水核晶"
41078,"火核晶"
41079,"風核晶"
41080,"精靈核晶"
41081,"妖魔尖牙"
41082,"妖魔尖牙項鍊"
41083,"咒術粉"
41084,"幻覺之粉"
41085,"預言家珍珠"
41086,"樹精的根"
41087,"樹精的樹皮"
41088,"樹精的葉子"
41089,"樹精的樹枝"
41090,"那魯加圖騰"
41091,"都達瑪拉圖騰"
41092,"阿吐巴圖騰"
41093,"夢幻的熊娃娃"
41094,"誘惑的香水"
41095,"漂亮的洋裝"
41096,"華麗的戒指"
41097,"愛瑪伊的心"
41098,"英雄傳記"
41099,"時髦的帽子"
41100,"高級紅酒"
41101,"神秘的鑰匙"
41102,"伊森之心"
41103,"石頭塊"
41104,"鐵礦石"
41105,"火山巖"
41106,"瑪依奴的尾巴毛"
41107,"窺甲片"
41108,"鑽石原石"
41109,"瑪依奴夏門的尾巴毛"
41110,"遺物袋"
41111,"破舊的遺物袋"
41112,"舊遺物袋"
41113,"褪色戒指"
41114,"染血的手帕"
41115,"染血的文件"
41116,"褪色項鍊"
41117,"破舊的錢包"
41118,"染血的匕首"
41119,"遺失的鑰匙"
41120,"瑪雅的魔杖"
41121,"火焰之影的契約書"
41122,"火焰之影的契約"
41123,"火焰之影的墮落粉"
41124,"火焰之影的無力粉"
41125,"火焰之影的執著粉"
41126,"炎魔的墮落井水"
41127,"炎魔的無力井水"
41128,"炎魔的執著井水"
41129,"炎魔的井水"
41130,"炎魔的契約書"
41131,"炎魔的契約"
41132,"炎魔的墮落粉"
41133,"炎魔的無力粉"
41134,"炎魔的執著粉"
41135,"火焰之影的墮落井水"
41136,"火焰之影的無力井水"
41137,"火焰之影的執著井水"
41138,"火焰之影的井水"
41139,"不起眼的古老項鍊"
41140,"復原的古老項鍊"
41141,"神秘的體力藥水"
41142,"神秘的魔力藥水"
41143,"海賊骷髏首領變身藥水"
41144,"海賊骷髏士兵變身藥水"
41145,"海賊骷髏刀手變身藥水"
41146,"最高級特殊方塊箱子"
41154,"暗之鱗"
41155,"火之鱗"
41156,"叛之鱗"
41157,"恨之鱗"
41158,"瑪雅的水晶球"
41159,"神秘的羽毛"
41160,"寵物召喚笛"
41161,"黑色耳環"
41162,"黑色耳環"
41163,"黑色耳環"
41164,"神秘的黑色耳環"
41165,"神秘的黑色耳環"
41166,"神秘的黑色耳環"
41167,"鬥士耳環"
41168,"神秘的鬥士耳環"
41169,"灰色鬥士耳環"
41170,"神秘的灰色鬥士耳環"
41171,"白色鬥士耳環"
41172,"神秘的白色鬥士耳環"
41173,"騎士耳環"
41174,"神秘的騎士耳環"
41175,"灰色騎士耳環"
41176,"神秘的灰色騎士耳環"
41177,"白色騎士耳環"
41178,"神秘的白色騎士耳環"
41179,"法師耳環"
41180,"神秘的法師耳環"
41181,"灰色法師耳環"
41182,"神秘的灰色法師耳環"
41183,"白色法師耳環"
41184,"神秘的白色法師耳環"
41185,"精緻的土靈戒指(英雄)"
41186,"精緻的水靈戒指(英雄)"
41187,"精緻的火靈戒指(英雄)"
41188,"精緻的風靈戒指(英雄)"
41189,"精緻的土靈戒指(男爵)"
41190,"精緻的水靈戒指(男爵)"
41191,"精緻的火靈戒指(男爵)"
41192,"精緻的風靈戒指(男爵)"
41193,"精緻的土靈戒指(伯爵)"
41194,"精緻的水靈戒指(伯爵)"
41195,"精緻的火靈戒指(伯爵)"
41196,"精緻的風靈戒指(伯爵)"
41197,"精緻的土靈戒指(公爵)"
41198,"精緻的水靈戒指(公爵)"
41199,"精緻的火靈戒指(公爵)"
41200,"精緻的風靈戒指(公爵)"
41201,"騎士之魂"
41202,"妖精之魂"
41203,"王族之魂"
41204,"黑妖之魂"
41205,"法師之魂"
41206,"少了刀刃的武器"
41207,"船員遺體"
41208,"微弱的靈魂"
41209,"[jp]ポピレアの依賴書"
41210,"[jp]研磨劑"
41211,"香菜 (重複)"
41212,"[jp]特製糖果"
41213,"[jp]歌唱島的人們"
41214,"[jp]運の證"
41215,"[jp]知の證"
41216,"[jp]力の證"
41217,"[jp]王族袋子"
41218,"[jp]騎士袋子"
41219,"[jp]妖精袋子"
41220,"[jp]法師袋子"
41221,"黑暗妖精袋子"
41222,"null"
41223,"武器的碎片"
41224,"徽章"
41225,"遺失鑰匙商人的請求"
41226,"[jp]帕古的藥"
41227,"[jp]亞歷斯的介紹書"
41228,"[jp]ラビのお守り"
41229,"[jp]骷髏頭"
41230,"[jp]ジ—ナンの手紙"
41231,"[jp]マッティの手紙"
41232,"[jp]ジョンの屆け物"
41233,"[jp]ケ—イへの手紙"
41234,"[jp]骨の入った袋"
41235,"[jp]材料表"
41236,"[jp]骷髏弓箭手的骨頭"
41237,"[jp]骷髏槍兵的骨頭"
41238,"[jp]ケ—イの屆け物"
41239,"[jp]ヴ—トへの手紙"
41240,"[jp]フェ—ダへの手紙"
41241,"[jp]骨細工師の袋"
41242,"妖魔寶物袋"
41243,"拉斯塔巴德補給袋"
41244,"拉斯塔巴德補給箱"
41245,"溶解劑"
41246,"魔法結晶體"
41247,"魔法娃娃的袋子"
41248,"魔法娃娃：肥肥"
41249,"魔法娃娃：小思克巴"
41250,"魔法娃娃：野狼寶寶"
41251,"骷髏聖盃"
41252,"珍奇的烏龜"
41253,"王宮料理師的調味料"
41254,"勝利的徽章"
41255,"料理書：1階段"
41256,"料理書：2階段"
41257,"料理書：3階段"
41258,"料理書：4階段"
41259,"料理書：5階段"
41260,"柴火"
41261,"飯糰"
41262,"雞肉串燒"
41263,"太陽花籽"
41264,"麵粉"
41265,"蜂蜜"
41266,"蕃茄"
41267,"起士"
41268,"小比薩"
41269,"烤玉米"
41271,"爆米花"
41272,"甜不辣"
41273,"鬆餅"
41274,"螞蟻腿"
41275,"熊肉"
41276,"山豬肉"
41277,"漂浮之眼肉排"
41278,"烤熊肉"
41279,"煎餅"
41280,"烤螞蟻腿起司"
41281,"水果沙拉"
41282,"水果糖醋肉"
41283,"烤山豬肉串"
41284,"蘑菇湯"
41285,"特別的漂浮之眼肉排"
41286,"特別的烤熊肉"
41287,"特別的煎餅"
41288,"特別的烤螞蟻腿起司"
41289,"特別的水果沙拉"
41290,"特別的水果糖醋肉"
41291,"特別的烤山豬肉串"
41292,"特別的蘑菇湯"
41293,"魔法釣竿"
41294,"短釣竿"
41295,"餌"
41296,"鯛魚"
41297,"鮭魚"
41298,"鱈魚"
41299,"虎斑帶魚"
41300,"鮪魚"
41301,"發紅光的魚"
41302,"發綠光的魚"
41303,"發藍光的魚"
41304,"發白光的魚"
41305,"破碎的耳環"
41306,"破碎的戒指"
41307,"破碎的項鍊"
41308,"勇者的南瓜袋子"
41309,"寵物戰金牌"
41310,"勝利果實"
41311,"驚喜箱"
41312,"占星術師的甕"
41313,"占星術師的靈魂球"
41314,"占星術師的符咒"
41315,"聖水"
41316,"神聖的米索莉粉"
41317,"拉羅森的推薦書"
41318,"可恩的便條紙"
41319,"菊花花束"
41320,"黛西花束"
41321,"玫瑰花束"
41322,"卡拉花束"
41323,"太陽花花束"
41324,"小蒼蘭花束"
41325,"勇士之證"
41326,"勇士之證"
41327,"幽靈之氣息"
41328,"哈蒙的氣息"
41329,"標本製作委託書"
41330,"狩獵螞蟻之證"
41331,"狩獵熊之證"
41332,"狩獵蛇女之證"
41333,"狩獵黑虎之證"
41334,"狩獵鹿之證"
41335,"狩獵哈維之證"
41336,"伊芙洛爾之袋"
41337,"受祝福的五穀麵包"
41338,"受祝福的葡萄酒"
41339,"亡者的信件"
41340,"傭兵團長多文的推薦書"
41341,"帝倫之教本"
41342,"梅杜莎之血"
41343,"法利昂的血痕"
41344,"水中的水"
41345,"酸性液體"
41346,"羅賓孫的便條紙"
41347,"羅賓孫的便條紙"
41348,"羅賓孫的推薦書"
41349,"莎爾之戒"
41350,"羅賓孫之戒"
41351,"月光之氣息"
41352,"神聖獨角獸之角"
41353,"伊娃短劍"
41354,"伊娃的聖水"
41355,"波倫的袋子"
41356,"波倫的資源清單"
41357,"A 字母鞭炮"
41358,"B 字母鞭炮"
41359,"C 字母鞭炮"
41360,"D 字母鞭炮"
41361,"E 字母鞭炮"
41362,"F 字母鞭炮"
41363,"G 字母鞭炮"
41364,"H 字母鞭炮"
41365,"I 字母鞭炮"
41366,"J 字母鞭炮"
41367,"K 字母鞭炮"
41368,"L 字母鞭炮"
41369,"M 字母鞭炮"
41370,"N 字母鞭炮"
41371,"O 字母鞭炮"
41372,"P 字母鞭炮"
41373,"Q 字母鞭炮"
41374,"R 字母鞭炮"
41375,"S 字母鞭炮"
41376,"T 字母鞭炮"
41377,"U 字母鞭炮"
41378,"V 字母鞭炮"
41379,"W 字母鞭炮"
41380,"X 字母鞭炮"
41381,"Y 字母鞭炮"
41382,"Z 字母鞭炮"
41383,"巨大兵蟻標本"
41384,"熊標本"
41385,"蛇女標本"
41386,"黑虎標本"
41387,"鹿標本"
41388,"哈維標本"
41389,"青銅騎士"
41390,"青銅馬"
41391,"燭臺"
41392,"茶几"
41393,"火爐"
41394,"火把"
41395,"君主用講台"
41396,"旗幟"
41397,"茶几椅子"
41398,"茶几椅子"
41399,"屏風"
41400,"屏風"
41401,"移除傢俱魔杖"
41402,"勇者的勳章"
41403,"庫傑的糧食"
41404,"庫傑的靈藥"
41405,"守護團獎金箱子"
41406,"雷奧納的袋子"
41407,"雷奧納的袋子"
41408,"雷奧納的袋子"
41409,"雷奧納的袋子"
41410,"雷奧納的袋子"
41411,"銀粽子"
41412,"金粽子"
41413,"月餅"
41414,"福月餅"
41415,"強化勇氣的藥水"
41416,"驚喜箱"
41417,"草莓刨冰"
41418,"檸檬刨冰"
41419,"芒果刨冰"
41420,"哈密瓜刨冰"
41421,"紅豆刨冰"
41422,"失去光明的靈魂"
41423,"袋鼠的食物"
41424,"貓熊的食物"
41425,"沉默洞穴指定傳送卷軸"
41426,"封印卷軸"
41427,"解除封印卷軸"
41428,"太古的玉璽"
41429,"風之武器強化卷軸"
41430,"地之武器強化卷軸"
41431,"水之武器強化卷軸"
41432,"火之武器強化卷軸"
41433,"古老的卷軸"
41440,"魔法書(初級治癒術)"
41441,"魔法書(日光術)"
41442,"魔法書(保護罩)"
41443,"魔法書(光箭)"
41444,"魔法書(指定傳送)"
41445,"魔法書(冰箭)"
41446,"魔法書(風刃)"
41447,"魔法書(神聖武器)"
41448,"魔法書(解毒術)"
41449,"魔法書(寒冷戰慄)"
41450,"魔法書(毒咒)"
41451,"魔法書(擬似魔法武器)"
41452,"魔法書(無所遁形術)"
41453,"魔法書(負重強化)"
41454,"魔法書(火箭)"
41455,"魔法書(地獄之牙)"
41456,"魔法書(極光雷電)"
41457,"魔法書(起死回生術)"
41458,"魔法書(中級治癒術)"
41459,"魔法書(闇盲咒術)"
41460,"魔法書(鎧甲護持)"
41461,"魔法書(寒冰氣息)"
41462,"魔法書(能量感測)"
41464,"魔法書(燃燒的火球)"
41465,"魔法書(通暢氣脈術)"
41466,"魔法書(壞物術)"
41467,"魔法書(吸血鬼之吻)"
41468,"魔法書(緩速術)"
41469,"魔法書(魔法屏障)"
41470,"魔法書(冥想術)"
41471,"魔法書(岩牢)"
41472,"魔法書(木乃伊的詛咒)"
41473,"魔法書(極道落雷)"
41474,"魔法書(高級治癒術)"
41475,"魔法書(迷魅術)"
41476,"魔法書(聖潔之光)"
41477,"魔法書(冰錐)"
41478,"魔法書(魔力奪取)"
41479,"魔法書(黑闇之影)"
41480,"魔法書(造屍術)"
41481,"魔法書(體魄強健術)"
41482,"魔法書(加速術)"
41483,"魔法書(魔法相消術)"
41484,"魔法書(地裂術)"
41485,"魔法書(烈炎術)"
41486,"魔法書(弱化術)"
41487,"魔法書(祝福魔法武器)"
41488,"魔法書(體力回復術)"
41489,"魔法書(冰矛圍籬)"
41490,"魔法書(召喚術)"
41491,"魔法書(神聖疾走)"
41492,"魔法書(龍捲風)"
41493,"魔法書(強力加速術)"
41494,"魔法書(狂暴術)"
41495,"魔法書(疾病術)"
41496,"魔法書(全部治癒術)"
41497,"魔法書(火牢)"
41498,"魔法書(冰雪暴)"
41499,"魔法書(隱身術)"
41500,"魔法書(返生術)"
41501,"魔法書(震裂術)"
41502,"魔法書(治癒能量風暴)"
41503,"魔法書(魔法封印)"
41504,"魔法書(雷霆風暴)"
41505,"魔法書(沉睡之霧)"
41506,"魔法書(變形術)"
41507,"魔法書(聖結界)"
41508,"魔法書(集體傳送術)"
41509,"魔法書(火風暴)"
41510,"魔法書(藥水霜化術)"
41511,"魔法書(強力無所遁形術)"
41512,"\aE魔法書(治癒逆行)"
41513,"魔法書(流星雨)"
41514,"魔法書(終極返生術)"
41515,"魔法書(終極緩速術)"
41516,"魔法書(究極光裂術)"
41517,"魔法書(絕對屏障)"
41518,"魔法書(靈魂昇華)"
41519,"魔法書(寒冰尖刺)"
41526,"技術書(衝擊之暈)"
41527,"技術書(增幅防禦)"
41528,"技術書(尖刺盔甲)"
41529,"技術書(堅固防護)"
41530,"技術書(反擊屏障)"
41531,"\aE技能書(絕禦之刃)"
41536,"黑暗精靈水晶(暗隱術)"
41537,"黑暗精靈水晶(附加劇毒)"
41538,"黑暗精靈水晶(影之防護)"
41539,"黑暗精靈水晶(提煉魔石)"
41540,"黑暗精靈水晶(力量提升)"
41541,"黑暗精靈水晶(行走加速)"
41542,"黑暗精靈水晶(燃燒鬥志)"
41543,"黑暗精靈水晶(暗黑盲咒)"
41544,"黑暗精靈水晶(毒性抵抗)"
41545,"黑暗精靈水晶(敏捷提升)"
41546,"黑暗精靈水晶(雙重破壞)"
41547,"黑暗精靈水晶(暗影閃避)"
41548,"黑暗精靈水晶(暗影之牙)"
41549,"黑暗精靈水晶(會心一擊)"
41550,"黑暗精靈水晶(迴避提升)"
41551,"黑暗精靈水晶(破壞盔甲)"
41552,"魔法書(精準目標)"
41553,"魔法書(灼熱武器)"
41554,"魔法書(呼喚盟友)"
41555,"魔法書(鋼鐵士氣)"
41556,"魔法書(勇猛意志)"
41557,"魔法書(援護盟友)"
41558,"魔法書(神聖犧牲)"
41559,"魔法書(幻象)"
41560,"魔法書(王者加護)"
41561,"\aE魔法書(恩典庇護)"
41568,"精靈水晶(魔法防禦)"
41569,"精靈水晶(心靈轉換)"
41570,"精靈水晶(世界樹的呼喚)"
41571,"精靈水晶(三重矢)"
41572,"精靈水晶(弱化屬性)"
41573,"精靈水晶(精靈重力)"
41574,"\aE精靈水晶(魔力護盾)"
41576,"精靈水晶(淨化精神)"
41577,"精靈水晶(屬性防禦)"
41584,"精靈水晶(釋放元素)"
41585,"精靈水晶(魂體轉換)"
41586,"精靈水晶(單屬性防禦)"
41587,"精靈水晶(火焰武器)"
41588,"精靈水晶(風之神射)"
41589,"精靈水晶(風之疾走)"
41590,"精靈水晶(大地防護)"
41591,"精靈水晶(地面障礙)"
41592,"精靈水晶(魔法消除)"
41593,"精靈水晶(召喚屬性精靈)"
41594,"精靈水晶(舞躍之火)"
41595,"精靈水晶(暴風之眼)"
41596,"精靈水晶(大地屏障)"
41597,"精靈水晶(生命之泉)"
41598,"精靈水晶(大地的護衛)"
41599,"精靈水晶(水之防護)"
41600,"精靈水晶(封印禁地)"
41601,"精靈水晶(召喚強力屬性精靈)"
41602,"精靈水晶(烈炎武器)"
41603,"精靈水晶(生命的祝福)"
41604,"精靈水晶(生命呼喚)"
41605,"精靈水晶(暴風神射)"
41606,"精靈水晶(風之枷鎖)"
41607,"精靈水晶(鋼鐵防護)"
41608,"精靈水晶(體能激發)"
41609,"精靈水晶(水之元氣)"
41610,"精靈水晶(屬性之火)"
41611,"精靈水晶(暴風疾走)"
41612,"精靈水晶(污濁之水)"
41613,"精靈水晶(精準射擊)"
41614,"精靈水晶(烈焰之魂)"
41615,"精靈水晶(能量激發)"
41620,"龍騎士書板(龍之護鎧)"
41621,"龍騎士書板(燃燒擊砍)"
41622,"龍騎士書板(護衛毀滅)"
41623,"龍騎士書板(岩漿噴吐)"
41624,"龍騎士書板(覺醒：安塔瑞斯)"
41625,"龍騎士書板(血之渴望)"
41626,"龍騎士書板(屠宰者)"
41627,"龍騎士書板(恐懼無助)"
41628,"龍騎士書板(岩漿之箭)"
41629,"龍騎士書板(覺醒：法利昂)"
41630,"龍騎士書板(致命身軀)"
41631,"龍騎士書板(奪命之雷)"
41632,"龍騎士書板(驚悚死神)"
41633,"龍騎士書板(暴龍之眼)"
41634,"龍騎士書板(覺醒：巴拉卡斯)"
41635,"\aE龍騎士的書板(撕裂護甲)"
41640,"記憶水晶(鏡像)"
41641,"記憶水晶(混亂)"
41642,"記憶水晶(粉碎能量)"
41643,"記憶水晶(幻覺：歐吉)"
41644,"記憶水晶(立方：燃燒)"
41645,"記憶水晶(專注)"
41646,"記憶水晶(心靈破壞 )"
41647,"記憶水晶(骷髏毀壞)"
41648,"記憶水晶(幻覺：巫妖)"
41649,"記憶水晶(立方：地裂)"
41650,"記憶水晶(耐力)"
41651,"記憶水晶(幻想)"
41652,"記憶水晶(隱身破壞者)"
41653,"記憶水晶(幻覺：鑽石高崙)"
41654,"記憶水晶(立方：衝擊)"
41655,"記憶水晶(洞察)"
41656,"記憶水晶(恐慌)"
41657,"記憶水晶(降低負重)"
41658,"記憶水晶(幻覺：化身)"
41659,"記憶水晶(立方：和諧)"
41660,"none"
41661,"\aE記憶水晶(衝突強化)"
41662,"none"
41663,"none"
41664,"戰士的印記(咆哮)"
41665,"戰士的印記(體能強化)"
41666,"dummy17835"
41667,"戰士的印記(拘束移動)"
41668,"戰士的印記(戰斧投擲)"
41669,"戰士的印記(亡命之徒)"
41670,"\aE戰士的印記(泰坦狂暴)"
41672,"\aE黑暗精靈水晶(暗殺者)"
41681,"戰士的印記(粉碎)"
41682,"戰士的印記(狂暴)"
41683,"戰士的印記(迅猛雙斧)"
41684,"none"
41685,"戰士的印記(護甲身軀)"
41686,"戰士的印記(泰坦: 岩石)"
41687,"戰士的印記(泰坦: 子彈)"
41688,"戰士的印記(泰坦: 魔法)"
41689,"\aE黑暗精靈水晶(熾烈鬥志)"
41701,"時空之甕"
41702,"歐林的時空之玉"
41703,"哈汀的時空之玉"
41704,"哈汀日記：11月10日"
41705,"哈汀日記：6月2日"
41706,"哈汀日記：8月9日"
41707,"哈汀日記：10月12日"
41708,"哈汀日記：2月24日"
41709,"哈汀日記：2月25日"
41710,"哈汀日記：5月5日"
41711,"哈汀日記：1月1日"
41712,"哈汀日記：6月9日"
41713,"哈汀日記：8月19日"
41714,"黑暗哈汀的日記本"
41715,"象牙塔秘密研究室-哈丁傳送卷"
41716,"賽尼斯變身卷軸"
41717,"惡魔賽尼斯變身卷軸"
41718,"蒼天的騎士變身卷軸"
41719,"歐林的日記 6/14"
41720,"歐林的日記 6/16"
41721,"歐林的日記 6/18"
41722,"歐林的日記 6/21"
41723,"歐林的日記 6/22"
41724,"歐林的日記 6/25"
41725,"歐林的日記 7/05"
41726,"歐林的日記 7/17"
41727,"歐林的日記 7/18"
41728,"歐林的日記 8/05"
41729,"歐林的日記 8/08"
41730,"歐林的日記 8/09"
41731,"歐林的日記 8/10"
41732,"歐林的日記 8/11"
41733,"歐林的日記 8/12"
41734,"歐林的日記 8/13"
41735,"歐林的日記 8/14"
41736,"歐林的日記 8/15"
41737,"歐林的日記本"
41738,"第1階段獎勵箱子"
41739,"第2階段獎勵箱子"
41740,"第3階段獎勵箱子"
41741,"第4階段獎勵箱子"
41742,"第5階段獎勵箱子"
41743,"第6階段獎勵箱子"
41744,"第7階段獎勵箱子"
41745,"第8階段獎勵箱子"
41746,"第9階段獎勵箱子"
41747,"第10階段獎勵箱子"
41748,"第11階段獎勵箱子"
41749,"第12階段獎勵箱子"
41750,"第13階段獎勵箱子"
41751,"第14階段獎勵箱子"
41752,"第15階段獎勵箱子"
41753,"第16階段獎勵箱子"
41754,"咒術袋"
41755,"奧爾汀的袋子"
41756,"潮溼的哈汀箱子"
41757,"哈汀的秘密袋子"
41758,"記憶水晶的箱子"
41759,"微小的 記憶水晶"
41760,"神秘的 記憶水晶"
41761,"凱莉紗的記憶水晶"
41762,"記憶水晶"
41763,"記憶擴充水晶"
41764,"記憶的碎片"
42001,"指定傳送(GM招待室)"
42002,"指定傳送(水晶洞穴1F)"
42003,"指定傳送(水晶洞穴2F)"
42004,"指定傳送(水晶洞穴3F)"
42005,"指定傳送(象牙塔1F)"
42006,"指定傳送(肯特地監1F)"
42007,"指定傳送(遺忘之島)"
42008,"指定傳送(肯特地監2F)"
42009,"指定傳送(肯特地監3F)"
42010,"指定傳送(肯特地監4F)"
42011,"指定傳送(集會場1F)"
42012,"指定傳送(突擊隊訓練場1F)"
42013,"指定傳送(魔獸軍王辦公室1F)"
42014,"指定傳送(野獸操練室1F)"
42016,"指定傳送(魔獸訓練場1F)"
42017,"指定傳送(夢幻島)"
42018,"指定傳送(魔獸召喚室1F)"
42019,"指定傳送(黑暗的結界1F)"
42020,"指定傳送(黑魔法修煉場2F)"
42021,"指定傳送(古代巨人之墓)"
42022,"指定傳送(亞丁內城)"
42023,"指定傳送(GM房間)"
42024,"指定傳送(肯特正義神殿)"
42025,"指定傳送(古魯丁邪惡神殿)"
42026,"指定傳送(反王肯恩棲息地)"
42027,"指定傳送(潘朵拉)"
42028,"指定傳送(古魯丁地監7F)"
42029,"傲慢之塔移動卷軸(100F)"
42030,"傲慢之塔移動卷軸(90F)"
42031,"傲慢之塔移動卷軸(80F)"
42032,"傲慢之塔移動卷軸(70F)"
42033,"傲慢之塔移動卷軸(60F)"
42035,"傲慢之塔移動卷軸(50F)"
42036,"傲慢之塔移動卷軸(40F)"
42037,"傲慢之塔移動卷軸(30F)"
42038,"傲慢之塔移動卷軸(20F)"
42039,"(無使用)"
42040,"指定傳送(海賊島地監1F)"
42041,"指定傳送(海賊島地監2F)"
42042,"指定傳送(海賊島地監3F)"
42043,"指定傳送(地底湖)"
42044,"指定傳送(說話島練功區)"
42045,"指定傳送(血盟小屋)"
42046,"指定傳送(血盟小屋)"
42047,"指定傳送(古代人空間3F)"
42048,"指定傳送(歐姆地監)"
42049,"指定傳送(遺忘之島)"
42050,"地獄之旅門票"
42051,"指定傳送(暗影神殿外面)"
42052,"指定傳送(暗影神殿1樓)"
42053,"指定傳送(暗影神殿2樓)"
42054,"指定傳送(暗影神殿3樓)"
42055,"指定傳送(污濁之地)"
42056,"指定傳送(奇岩隱藏宮殿1樓)"
42057,"指定傳送(奇岩隱藏宮殿2樓)"
42058,"指定傳送(奇岩隱藏宮殿3樓)"
42059,"指定傳送(奇岩隱藏宮殿4樓)"
42060,"指定傳送(封閉的海音地監1樓)"
42061,"指定傳送(封閉的海音地監2樓)"
42062,"指定傳送(封閉的海音地監3樓)"
42063,"指定傳送(廢棄的礦坑1樓)"
42064,"指定傳送(廢棄的礦坑2樓)"
42065,"指定傳送(亞丁地下墓穴1樓)"
42066,"指定傳送(亞丁地下墓穴2樓)"
42067,"指定傳送(亞丁地下墓穴3樓)"
42068,"指定傳送(亞丁地下墓穴4樓)"
42069,"指定傳送(冒險洞窟1樓)"
42070,"指定傳送(冒險洞窟2樓)"
42071,"指定傳送(海底隧道)"
42072,"指定傳送(眠龍洞穴1樓)"
42073,"指定傳送(眠龍洞穴2樓)"
42074,"指定傳送(眠龍洞穴3樓)"
42075,"指定傳送(2樓 黑暗結界 左)"
42076,"指定傳送(2樓 黑暗結界 右)"
42077,"指定傳送(3樓 黑暗結界)"
42078,"指定傳送(4樓 庭院廣場)"
42079,"指定傳送(4樓 長老會議廳)"
42080,"指定傳送(海賊島後半部)"
42081,"指定傳送(船舶之墓 海面)"
42082,"指定傳送(船舶之墓 深海)"
42083,"指定傳送(海音 鱷魚島)"
42084,"指定傳送(慾望洞穴 水之領域)"
42085,"指定傳送(慾望洞穴 火之領域)"
42086,"指定傳送(慾望洞穴 風之領域)"
42087,"指定傳送(慾望洞穴 地之領域)"
42091,"貝希摩斯 傳送回家的卷軸"
42092,"希培莉亞 傳送回家的卷軸"
42093,"慾望洞穴入口 瞬間移動卷軸"
42094,"炎魔房間 瞬間移動卷軸"
42095,"黑暗妖精聖地 瞬間移動卷軸"
42096,"原生魔族拋棄之地地面 瞬間移動卷軸"
42097,"原生魔族拋棄之地海底 瞬間移動卷軸"
42098,"不死魔族拋棄之地 瞬間移動卷軸"
42099,"指定傳送卷軸(隱藏之谷)"
42100,"提卡爾 廢墟村落傳送卷軸"
42101,"提卡爾 神廟內部傳送卷軸"
42102,"侏儒部落傳送卷軸"
42103,"法利昂洞穴入口"
42104,"指定傳送(蒼空之谷)"
42105,"指定傳送(造化之地[火])"
42106,"指定傳送(造化之地[地])"
42107,"指定傳送(造化之地[水])"
42108,"指定傳送(造化之地[風])"
42109,"指定傳送(龍之墓[北邊])"
42110,"指定傳送(龍之墓[南邊])"
42501,"暴風疾走"
43000,"返生藥水"
46000,"多魯嘉之袋"
46001,"河豚"
47000,"150%神力藥水"
47001,"175%神力藥水"
47002,"200%神力藥水"
47003,"225%神力藥水"
47004,"250%神力藥水"
47005,"媽祖祝福平安符"
47006,"戰鬥藥水"
47007,"體力增強卷軸"
47008,"魔力增強卷軸"
47009,"強化戰鬥卷軸"
47010,"龍之鑰匙"
47011,"淘氣幼龍蛋"
47012,"頑皮幼龍蛋"
47013,"受封印地龍之魔眼"
47014,"受封印水龍之魔眼"
47015,"受封印風龍之魔眼"
47016,"受封印火龍之魔眼"
47017,"地龍之魔眼"
47018,"水龍之魔眼"
47019,"風龍之魔眼"
47020,"火龍之魔眼"
47021,"誕生之魔眼"
47022,"形象之魔眼"
47023,"生命之魔眼"
47024,"死亡競賽之勝利碎片"
47025,"幽靈之家之勝利碎片"
47026,"寵物競速之勝利碎片"
47027,"寵物戰之勝利碎片"
47028,"無限大賽之勝利碎片"
47029,"地龍之渴望的眼淚"
47030,"火龍之渴望的眼淚"
47031,"水龍之渴望的眼淚"
47032,"風龍之渴望的眼淚"
47033,"侏儒魔菇"
47034,"侏儒符咒"
47035,"古老水珍珠"
47036,"古老白水晶"
47037,"喀瑪王之心"
47038,"喀瑪王之心"
47039,"喀瑪王之心"
47040,"強盜首領的寶箱鑰匙"
47041,"地龍之精緻魔眼"
47042,"水龍之精緻魔眼"
47043,"風龍之精緻魔眼"
47044,"火龍之精緻魔眼"
47045,"誕生之精緻魔眼"
47046,"形象之精緻魔眼"
47047,"精緻的附魔寶箱"
47048,"附魔強化卷軸"
47049,"近戰附魔轉換卷軸"
47050,"遠攻附魔轉換卷軸"
47051,"恢復附魔轉換卷軸"
47052,"防禦附魔轉換卷軸"
47053,"附魔石"
47054,"第1階段附魔石"
47055,"第2階段附魔石"
47056,"第3階段附魔石"
47057,"第4階段附魔石"
47058,"第5階段附魔石"
47059,"第6階段附魔石"
47060,"第7階段附魔石"
47061,"第8階段附魔石"
47062,"第9階段附魔石"
47063,"附魔石(近戰)"
47064,"第1階段附魔石(近戰)"
47065,"第2階段附魔石(近戰)"
47066,"第3階段附魔石(近戰)"
47067,"第4階段附魔石(近戰)"
47068,"第5階段附魔石(近戰)"
47069,"第6階段附魔石(近戰)"
47070,"第7階段附魔石(近戰)"
47071,"第8階段附魔石(近戰)"
47072,"第9階段附魔石(近戰)"
47073,"附魔石(遠攻)"
47074,"第1階段附魔石(遠攻)"
47075,"第2階段附魔石(遠攻)"
47076,"第3階段附魔石(遠攻)"
47077,"第4階段附魔石(遠攻)"
47078,"第5階段附魔石(遠攻)"
47079,"第6階段附魔石(遠攻)"
47080,"第7階段附魔石(遠攻)"
47081,"第8階段附魔石(遠攻)"
47082,"第9階段附魔石(遠攻)"
47083,"附魔石(恢復)"
47084,"第1階段附魔石(恢復)"
47085,"第2階段附魔石(恢復)"
47086,"第3階段附魔石(恢復)"
47087,"第4階段附魔石(恢復)"
47088,"第5階段附魔石(恢復)"
47089,"第6階段附魔石(恢復)"
47090,"第7階段附魔石(恢復)"
47091,"第8階段附魔石(恢復)"
47092,"第9階段附魔石(恢復)"
47093,"附魔石(防禦)"
47094,"第1階段附魔石(防禦)"
47095,"第2階段附魔石(防禦)"
47096,"第3階段附魔石(防禦)"
47097,"第4階段附魔石(防禦)"
47098,"第5階段附魔石(防禦)"
47099,"第6階段附魔石(防禦)"
47100,"第7階段附魔石(防禦)"
47101,"第8階段附魔石(防禦)"
47102,"第9階段附魔石(防禦)"
47103,"新鮮的餌"
47104,"閃爍的鱗片"
47105,"魔法娃娃：希爾黛斯"
47106,"魔法娃娃：蛇女"
47107,"魔法娃娃：雪怪"
47108,"魔法娃娃：亞力安"
47109,"魔法娃娃：史巴托"
47110,"神秘稜鏡：淘氣幼龍"
47111,"神秘稜鏡：頑皮幼龍"
47112,"神秘稜鏡：高等淘氣幼龍"
47113,"神秘稜鏡：高等頑皮幼龍"
47114,"凝聚的化合物"
47115,"魔法娃娃：稻草人"
47116,"魔法娃娃：王族(♂)"
47117,"魔法娃娃：王族(♀)"
47118,"魔法娃娃：騎士(♂)"
47119,"魔法娃娃：騎士(♀)"
47120,"魔法娃娃：黑暗妖精(♂)"
47121,"魔法娃娃：黑暗妖精(♀)"
47122,"魔法娃娃：法師(♂)"
47123,"魔法娃娃：法師(♀)"
47124,"魔法娃娃：妖精(♂)"
47125,"魔法娃娃：妖精(♀)"
47126,"魔法娃娃：龍騎士(♂)"
47127,"魔法娃娃：龍騎士(♀)"
47128,"魔法娃娃：幻術士(♂)"
47129,"魔法娃娃：幻術士(♀)"
47130,"魔法娃娃：小橘尖兵"
47131,"魔法娃娃：PSY（近戰）"
47132,"魔法娃娃：PSY（遠攻）"
47133,"魔法娃娃：PSY（魔法）"
47134,"魔法娃娃：格鬥之王"
47135,"魔法娃娃：丹狄"
47136,"魔法娃娃：賽利"
47137,"魔法娃娃：阿魯巴"
47138,"努力的魔法娃娃：阿魯巴"
47139,"聰明的魔法娃娃：阿魯巴"
47140,"聰穎的魔法娃娃：阿魯巴"
47141,"發光的魔法娃娃：阿魯巴"
47142,"光彩照人的魔法娃娃：阿魯巴"
47143,"魔法娃娃：美人魚"
47144,"努力的魔法娃娃：美人魚"
47145,"聰明的魔法娃娃：美人魚"
47146,"聰穎的魔法娃娃：美人魚"
47147,"發光的魔法娃娃：美人魚"
47148,"光彩照人的魔法娃娃：美人魚"
47149,"橘熾娃娃：飛龍"
47150,"努力的魔法娃娃：飛龍"
47151,"聰明的魔法娃娃：飛龍"
47152,"聰穎的魔法娃娃：飛龍"
47153,"發光的魔法娃娃：飛龍"
47154,"光彩照人的魔法娃娃：飛龍"
47155,"魔法娃娃：企鵝王子"
47156,"努力的魔法娃娃：企鵝王子"
47157,"聰明的魔法娃娃：企鵝王子"
47158,"聰穎的魔法娃娃：企鵝王子"
47159,"發光的魔法娃娃：企鵝王子"
47160,"光彩照人的魔法娃娃：企鵝王子"
47161,"魔法娃娃：企鵝公主"
47162,"努力的魔法娃娃：企鵝公主"
47163,"聰明的魔法娃娃：企鵝公主"
47164,"聰穎的魔法娃娃：企鵝公主"
47165,"發光的魔法娃娃：企鵝公主"
47166,"光彩照人的魔法娃娃：企鵝公主"
47167,"橘熾娃娃：藍炙"
47168,"+1 橘熾娃娃：藍炙"
47169,"+2 橘熾娃娃：藍炙"
47170,"+3 橘熾娃娃：藍炙"
47171,"+4 橘熾娃娃：藍炙"
47172,"+5 橘熾娃娃：藍炙"
47173,"橘熾娃娃：紅火"
47174,"+1 橘熾娃娃：紅火"
47175,"+2 橘熾娃娃：紅火"
47176,"+3 橘熾娃娃：紅火"
47177,"+4 橘熾娃娃：紅火"
47178,"+5 橘熾娃娃：紅火"
47179,"橘熾娃娃：黃燄"
47180,"+1 橘熾娃娃：黃燄"
47181,"+2 橘熾娃娃：黃燄"
47182,"+3 橘熾娃娃：黃燄"
47183,"+4 橘熾娃娃：黃燄"
47184,"+5 橘熾娃娃：黃燄"
47185,"橘熾娃娃：綠光"
47186,"+1 橘熾娃娃：綠光"
47187,"+2 橘熾娃娃：綠光"
47188,"+3 橘熾娃娃：綠光"
47189,"+4 橘熾娃娃：綠光"
47190,"+5 橘熾娃娃：綠光"
49005,"卡立普的袋子"
49006,"卡立普的袋子"
49007,"卡立普的袋子"
49008,"卡立普的袋子"
49009,"卡立普的高級袋子"
49010,"卡立普的高級袋子"
49011,"卡立普的高級袋子"
49012,"卡立普的高級袋子"
49013,"魔族的卷軸"
49014,"靈魂之球"
49015,"黑色米索莉溶液"
49016,"信紙"
49017,"信紙"
49018,"血盟的信紙"
49019,"血盟的信紙"
49020,"聖誕卡片"
49021,"聖誕卡片"
49022,"情人節 卡片"
49023,"情人節 卡片"
49024,"白色情人節 卡片"
49025,"白色情人節 卡片"
49026,"古老的金幣"
49027,"塔洛斯的鑽石"
49028,"塔洛斯的紅寶石"
49029,"塔洛斯的藍寶石"
49030,"塔洛斯的綠寶石"
49031,"冰之結晶"
49032,"冰魔的袋子"
49033,"冰之女王的袋子"
49034,"冰之女王的箱子"
49035,"冰之城鑰匙"
49036,"冰之城鑰匙"
49037,"魔法娃娃：長老"
49038,"魔法娃娃：奎斯坦修"
49039,"魔法娃娃：石頭高崙"
49040,"鯊魚卵"
49041,"鱷魚肉"
49042,"龍龜蛋"
49043,"奇異鸚鵡肉"
49044,"毒蠍肉"
49045,"伊萊克頓肉"
49046,"蜘蛛腿肉"
49047,"蟹肉"
49048,"綜合料理醬"
49049,"魚子醬"
49050,"鱷魚肉排"
49051,"龍龜蛋餅乾"
49052,"烤奇異鸚鵡"
49053,"毒蠍串燒"
49054,"燉伊萊克頓"
49055,"蜘蛛腿串燒"
49056,"蟹肉湯"
49057,"特別的魚子醬"
49058,"特別的鱷魚肉排"
49059,"特別的龍龜蛋餅乾"
49060,"特別的烤奇異鸚鵡"
49061,"特別的毒蠍串燒"
49062,"特別的燉伊萊克頓"
49063,"特別的蜘蛛腿串燒"
49064,"特別的蟹肉湯"
49065,"噴水池"
49066,"花園柱子"
49067,"花園柱子"
49068,"屏風"
49069,"屏風"
49070,"花瓶架"
49071,"派對蛋糕"
49072,"惡魔銅像"
49073,"飛龍銅像"
49074,"黑豹銅像"
49075,"艾莉絲銅像"
49076,"巨大牛人銅像"
49077,"惡魔的靈魂"
49078,"飛龍的靈魂"
49079,"黑豹的靈魂"
49080,"艾莉絲的靈魂"
49081,"巨大牛人的靈魂"
49082,"不完整的航海日誌"
49083,"不完整的航海日誌"
49084,"不完整的航海日誌"
49085,"不完整的航海日誌"
49086,"不完整的航海日誌"
49087,"不完整的航海日誌"
49088,"不完整的航海日誌"
49089,"不完整的航海日誌"
49090,"不完整的航海日誌"
49091,"不完整的航海日誌"
49092,"龜裂之核"
49093,"歐西里斯初級寶箱碎片(上)"
49094,"歐西里斯初級寶箱碎片(下)"
49095,"上鎖的歐西里斯初級寶箱"
49096,"開鎖的歐西里斯初級寶箱"
49097,"歐西里斯高級寶箱碎片(上)"
49098,"歐西里斯高級寶箱碎片(下)"
49099,"上鎖的歐西里斯高級寶箱"
49100,"開鎖的歐西里斯高級寶箱"
49101,"時空裂痕碎片"
49137,"鮮奶油蛋糕"
49138,"巧克力蛋糕"
49139,"起司蛋糕"
49140,"綠茶蛋糕捲"
49141,"魔法蛋糕盒"
49142,"回憶蠟燭"
49143,"勇氣結晶"
49148,"飾品強化卷軸"
49149,"夏納的變身卷軸(等級30)"
49150,"夏納的變身卷軸(等級40)"
49151,"夏納的變身卷軸(等級52)"
49152,"夏納的變身卷軸(等級55)"
49153,"夏納的變身卷軸(等級60)"
49154,"夏納的變身卷軸(等級65)"
49155,"夏納的變身卷軸(等級70)"
49156,"屬性石"
49157,"刻印的骨頭碎片"
49158,"生命之樹果實"
49159,"調職命令書"
49160,"丹特斯的召書"
49161,"精靈的私語"
49162,"古代黑妖之秘笈"
49163,"密封的情報書"
49164,"間諜報告書"
49165,"聖殿2樓鑰匙"
49166,"聖殿3樓鑰匙"
49167,"魔之角笛"
49168,"破壞之秘藥"
49169,"污濁妖魔之心"
49170,"污濁精靈核晶"
49171,"希蓮恩的指令書"
49172,"希蓮恩的第一次信件"
49173,"希蓮恩的第二次信件"
49174,"希蓮恩的第三次信件"
49175,"希蓮恩的第四次信件"
49176,"希蓮恩的第五次信件"
49177,"希蓮恩的第六次信件"
49178,"希蓮恩的護身符"
49179,"希蓮恩之袋"
49180,"希蓮恩之袋"
49181,"希蓮恩的推薦書"
49182,"妖精森林瞬間移動卷軸"
49183,"歐瑞村莊瞬間移動卷軸"
49184,"風木村莊瞬間移動卷軸"
49185,"威頓村莊瞬間移動卷軸"
49186,"生鏽的笛子"
49187,"艾爾摩將軍之心"
49188,"索夏依卡靈魂之石"
49189,"索夏依卡靈魂之笛"
49190,"封印的索夏依卡遺物"
49191,"艾爾摩部隊日記"
49192,"時空裂痕水晶(綠色)"
49193,"時空裂痕水晶(藍色)"
49194,"第一次記憶碎片"
49195,"第二次記憶碎片"
49196,"第三次記憶碎片"
49197,"第一次邪念碎片"
49198,"第二次邪念碎片"
49199,"第三次邪念碎片"
49200,"未完成的時間水晶球"
49201,"完成的時間水晶球"
49202,"時空裂痕邪念碎片"
49203,"食腐獸之血"
49204,"翼龍之血"
49205,"特別的原石"
49206,"塞維斯邪念碎片"
49207,"靈魂之火灰燼"
49208,"藍色之火碎片"
49209,"長老普洛凱爾的信件"
49210,"普洛凱爾的第一次指令書"
49211,"普洛凱爾的第二次指令書"
49212,"普洛凱爾的第三次指令書"
49213,"普洛凱爾的第一次信件"
49214,"普洛凱爾的第二次信件"
49215,"普洛凱爾的礦物袋"
49216,"普洛凱爾的護身符"
49217,"妖魔搜索文件(妖魔森林)"
49218,"妖魔搜索文件(古魯丁)"
49219,"妖魔搜索文件(風木)"
49220,"妖魔密使變形卷軸"
49221,"妖魔密使首領間諜書"
49222,"妖魔密使之笛子"
49223,"妖魔密使的徽印"
49224,"幻術士同盟徽印"
49225,"雪怪之心"
49226,"結盟瞬間移動卷軸"
49227,"紅色之火碎片"
49228,"發光的銀塊"
49229,"異界邪念粉末"
49230,"塔爾立昂的武器材料清單"
49231,"路西爾斯邪念碎片"
49232,"初級秘笈書"
49233,"狩獵秘笈"
49234,"便當袋"
49235,"克特的秘密"
49236,"庫卡斯的證明"
49237,"史塔利的證明"
49238,"狩獵的證明"
49239,"消滅之意志"
49240,"監視者之眼"
49241,"祭壇的碎片"
49242,"底比斯歐西里斯祭壇鑰匙"
49243,"香菜"
49244,"烤奎斯坦修的螯"
49245,"烤格利芬肉"
49246,"亞力安的尾巴肉排"
49247,"烤巨王龜肉"
49248,"幼龍翅膀串燒"
49249,"烤飛龍肉"
49250,"燉深海魚肉"
49251,"邪惡蜥蜴蛋湯"
49252,"特別的烤奎斯坦修的螯"
49253,"特別的烤格利芬肉"
49254,"特別的亞力安的尾巴肉排"
49255,"特別的烤巨王龜肉"
49256,"特別的幼龍翅膀串燒"
49257,"特別的烤飛龍肉"
49258,"特別的燉深海魚肉"
49259,"特別的邪惡蜥蜴蛋湯"
49260,"奎斯坦修的螯"
49261,"格利芬肉"
49262,"亞力安的尾巴"
49263,"巨王龜肉"
49264,"幼龍翅膀"
49265,"飛龍肉"
49266,"深海魚肉"
49267,"邪惡蜥蜴蛋"
49268,"愛瑪伊的畫像"
49269,"伊森之畫像"
49270,"寶石粉"
49271,"愛瑪伊的心"
49272,"愛瑪伊的心"
49273,"愛瑪伊的心"
49274,"伊森之心"
49275,"伊森之心"
49276,"伊森之心"
49277,"萊斯塔的戒指"
49278,"勇者的南瓜袋子"
49279,"勇者的南瓜袋子"
49280,"勇者的南瓜袋子"
49281,"魔法卷軸 (體魄強健術)"
49282,"魔法卷軸 (祝福魔法武器)"
49283,"魔法卷軸 (體力回復術)"
49284,"魔法卷軸 (神聖疾走)"
49285,"魔法卷軸 (強力加速術)"
49286,"魔法卷軸 (全部治癒術)"
49287,"普洛凱爾的第四次指令書"
49288,"普洛凱爾的第五次指令書"
49289,"海的秘密"
49290,"海的秘密"
49291,"海的秘密"
49292,"福利傳送卷軸：說話之島"
49293,"福利傳送卷軸：古魯丁"
49294,"福利傳送卷軸：肯特"
49295,"福利傳送卷軸：風木"
49296,"福利傳送卷軸：燃柳"
49297,"福利傳送卷軸：銀騎士"
49298,"福利傳送卷軸：奇岩"
49299,"福利傳送卷軸：海音"
49300,"福利傳送卷軸：歐瑞"
49301,"福利傳送卷軸：威頓"
49302,"濃縮加速藥水"
49303,"濃縮呼吸藥水"
49304,"濃縮森林藥水"
49305,"濃縮勇敢藥水"
49306,"濃縮藍色藥水"
49307,"濃縮慎重藥水"
49308,"濃縮變形藥水"
49309,"象牙塔箭筒"
49310,"修練者的箭 (重複)"
49311,"修練者的對武器施法的卷軸"
49312,"修練者的對盔甲施法的卷軸"
49313,"修練者魔法袋"
49314,"修練者補給品卷軸"
49315,"修練者妙藥"
49316,"庫庫爾坎初級寶箱碎片(上)"
49317,"庫庫爾坎初級寶箱碎片(下)"
49318,"上鎖的庫庫爾坎初級寶箱"
49319,"開鎖的庫庫爾坎初級寶箱"
49320,"庫庫爾坎高級寶箱碎片(上)"
49321,"庫庫爾坎高級寶箱碎片(下)"
49322,"上鎖的庫庫爾坎高級寶箱"
49323,"開鎖的庫庫爾坎高級寶箱"
49324,"提卡爾庫庫爾坎祭壇鑰匙"
140100,"瞬間移動卷軸"
640100,"無限勇綠狀態"
640101,"金元寶"
640102,"守護者的靈魂"
640103,"魔法娃娃成長藥劑"
640104,"移動NPC魔杖"
640105,"潘朵拉幸運抽獎券"
640106,"潘朵拉轉運抽獎券"
640107,"潘朵拉幸運抽獎券優惠組(11個)"
640108,"潘朵拉幸運抽獎券(1個)"
640109,"精靈的寶石"
640110,"魔幻的寶石"
640111,"火焰的勳章"
640112,"潘朵拉斧頭包"
640113,"梅林斗篷寶箱(火)"
640114,"潘朵拉堅固防具包"
640115,"潘朵拉神聖防具包"
640116,"潘朵拉腰帶(31天)組合包"
640117,"潘朵拉神劍包"
640118,"潘朵拉巨劍包"
640119,"潘朵拉弓包"
640120,"潘朵拉雙刀包"
640121,"潘朵拉魔杖包"
640122,"潘朵拉奇古獸包"
640123,"潘朵拉鎖鏈劍包"
640124,"潘朵拉的 力量香水：T恤[30日] 箱子"
640125,"潘朵拉的 敏捷香水：T恤[30日] 箱子"
640126,"潘朵拉的 智力香水：T恤[30日] 箱子"
640127,"潘朵拉的昏迷圖樣：T恤箱子"
640128,"潘朵拉的支撐圖樣：T恤箱子"
640129,"潘朵拉的滅魔圖樣：T恤箱子"
640130,"梅林斗篷寶箱(風)"
640131,"梅林斗篷寶箱(地)"
640132,"梅林斗篷寶箱(水)"
640133,"潘朵拉的 精神香水：T恤[30日] 箱子"
640134,"潘朵拉的 體質香水：T恤[30日] 箱子"
640135,"潘朵拉的 魅力香水：T恤[30日] 箱子"
640136,"潘朵拉的石化圖樣：T恤箱子"
640137,"潘朵拉的恢復圖樣：T恤箱子"
640138,"潘朵拉的鋼鐵圖樣：T恤箱子"
640139,"潘朵拉的體力圖樣：T恤箱子"
640140,"潘朵拉的魔力圖樣：T恤箱子"
640141,"潘朵拉黃金盔甲魔法卷軸"
640142,"潘朵拉黃金武器魔法卷軸"
640143,"潘朵拉風之武器強化卷軸包"
640144,"潘朵拉魔法銅像"
640145,"潘朵拉飾品強化卷軸"
640146,"潘朵拉 祝福的對武器施法的卷軸箱子"
640147,"潘朵拉 祝福的對盔甲施法的卷軸箱子"
640148,"潘朵拉 詛咒的對武器施法的卷軸箱子"
640149,"潘朵拉 詛咒的對盔甲施法的卷軸箱子"
640150,"潘朵拉風之武器強化卷軸"
640151,"潘朵拉地之武器強化卷軸"
640152,"潘朵拉水之武器強化卷軸"
640153,"潘朵拉火之武器強化卷軸"
640154,"潘朵拉地之武器強化卷軸包"
640155,"潘朵拉水之武器強化卷軸包"
640156,"潘朵拉火之武器強化卷軸包"
640157,"潘朵拉地屬性變換卷軸"
640158,"潘朵拉水屬性變換卷軸"
640159,"潘朵拉火屬性變換卷軸"
640160,"潘朵拉風屬性變換卷軸"
640161,"潘朵拉保護卷軸包"
640162,"潘朵拉防禦魔石包(31天)"
640163,"強化戰鬥卷軸特惠組"
640164,"潘朵拉血盟體力回復卷軸包"
640165,"潘朵拉究極治癒卷軸包"
640166,"體力增強卷軸包"
640167,"魔力增強卷軸包"
640168,"潘朵拉近戰魔石包(31天)"
640169,"潘朵拉遠攻魔石包(31天)"
640170,"潘朵拉魔攻魔石包(31天)"
640171,"潘朵拉近戰魔石包(7天)"
640172,"潘朵拉遠攻魔石包(7天)"
640173,"潘朵拉魔攻魔石包(7天)"
640174,"潘朵拉防禦魔石包(7天)"
640175,"潘朵拉近戰魔石包(1天)"
640176,"潘朵拉遠攻魔石包(1天)"
640177,"潘朵拉魔攻魔石包(1天)"
640178,"潘朵拉防禦魔石包(1天)"
640179,"強化戰鬥卷軸袋子"
640180,"潘朵拉變形控制戒指包(7天)"
640181,"潘朵拉變形控制戒指包(31天)"
640182,"潘朵拉高等死亡騎士變身卷軸包"
640183,"潘朵拉高等黑暗精靈變身卷軸包"
640184,"潘朵拉高等狂暴將軍變身卷軸包"
640185,"潘朵拉高等黑暗法師變身卷軸包"
640186,"潘朵拉死亡騎士變身卷軸包"
640187,"潘朵拉狂暴將軍變身卷軸包"
640188,"潘朵拉黑暗法師變身卷軸包"
640189,"潘朵拉黑暗精靈變身卷軸包"
640190,"潘朵拉高速藥水"
640191,"潘朵拉血盟經驗藥水優惠組"
640192,"1.5倍經驗肩章袋子(31天)"
640193,"勇敢藥水包"
640194,"戰鬥藥水特惠組"
640195,"1.5倍經驗肩章袋子(7天)"
640196,"1.5倍經驗肩章袋子(1天)"
640197,"藍色藥水包"
640198,"精靈餅乾包"
640199,"生命之樹果實包"
640200,"刻印的骨頭碎片包"
640201,"惡魔之血包"
640202,"潘朵拉血盟經驗藥水組"
640203,"戰鬥藥水包"
640204,"魔法娃娃：小思克巴箱子"
640205,"精靈的寶箱優惠組"
640206,"魔幻的寶石優惠組"
640207,"魔法娃娃：巨人箱子"
640208,"魔法娃娃成長藥劑優惠組"
640209,"魔法娃娃：史巴托箱子"
640210,"魔法娃娃：稻草人箱子"
640211,"魔法娃娃：美人魚箱子"
640212,"魔法娃娃：阿魯巴箱子"
640213,"魔法娃娃：獨眼巨人箱子"
640214,"1000小時能量方塊包"
640215,"500小時能量方塊包"
640216,"魔法娃娃成長藥劑包"
640217,"(無使用)"
640218,"25小時能量方塊"
640219,"10小時能量方塊"
640220,"5小時能量方塊"
640221,"地監記憶書包"
640222,"潘朵拉 祝福的瞬間移動卷軸箱子"
640223,"潘朵拉傳送控制戒指包(7天)"
640224,"潘朵拉傳送控制戒指包(31天)"
640225,"潘朵拉幸運卷軸(經驗值全回復)"
640226,"贖罪聖書包"
640227,"角色專屬倉庫鑰匙包"
640228,"龍的血液優惠組"
640229,"回憶蠟燭包"
640230,"火神契約優惠組"
640231,"龍的血液包"
640232,"破碎的願望"
640233,"全頻廣播器"
640234,"寵物更名卷軸"
640235,"精準之牙(7天)"
640236,"精準之牙(30天)"
640237,"狂暴之牙(7天)"
640238,"狂暴之牙(30天)"
640239,"幻魔之牙(7天)"
640240,"幻魔之牙(30天)"
640241,"寵物幻魔甲 (7天)"
640242,"寵物幻魔甲 (30天)"
640243,"寵物戰甲 (7天)"
640244,"寵物戰甲 (30天)"
640245,"寵物靈甲 (7天)"
640246,"寵物靈甲 (30天)"
640247,"[VIP] 龍之谷地監特惠包"
640248,"[VIP] VIP4龍之谷地監特惠包"
640249,"[VIP] VIP5龍之谷地監特惠包"
640250,"[VIP] VIP5 暗影神殿2樓入場組合包A"
640251,"[VIP] VIP3 決鬥卷軸包"
640252,"[VIP] 會員之家證"
640253,"[VIP] VIP3 龍之谷地監入場組合包"
640254,"[VIP] VIP4 龍之谷地監入場組合包"
640255,"[VIP] VIP5 龍之谷地監入場組合包"
640256,"[VIP] VIP1 150%尊榮升級藥水組合包"
640257,"[VIP] VIP2 175%尊榮升級藥水組合包"
640258,"[VIP] VIP3 200%尊榮升級藥水組合包"
640259,"[VIP] VIP4 225%尊榮升級藥水組合包"
640260,"[VIP] VIP5 250%尊榮升級藥水組合包"
640261,"[VIP] VIP5 暗影神殿2樓入場組合包B"
640262,"[VIP] VIP1 決鬥卷軸包"
640263,"[VIP] VIP2 決鬥卷軸包"
640264,"[VIP] VIP4 決鬥卷軸包"
640265,"[VIP] VIP5 決鬥卷軸包"
640266,"潘朵拉璀璨原石"
640267,"變身特化卷軸"
640268,"貝利"
640269,"高彈力釣竿"
640270,"營養釣餌"
640271,"小熊娃娃"
640272,"保羅的快速捲線器"
640273,"古代物品：頭盔"
640274,"古代物品：斗篷"
640275,"古代物品：T恤"
640276,"古代物品：鎧甲"
640277,"古代物品：手套"
640278,"古代物品：盾"
640279,"古代物品：靴"
640280,"魔法娃娃箱子"
640281,"高級魔法娃娃箱子"
640282,"裝上捲線器的高彈力釣竿"
640283,"小丑魚"
640284,"藍色小丑魚"
640285,"鸚鵡小丑魚"
640286,"黃金箱"
640287,"黃金長靴"
640288,"濕濕的釣魚背包"
640289,"小銀光小丑魚"
640290,"大銀光小丑魚"
640291,"小黃金小丑魚"
640292,"大黃金小丑魚"
640293,"漢的袋子"
640294,"冷冽的氣息"
640295,"封印著妖怪的魂"
640296,"有惡靈寄宿的丸子"
640297,"神聖的丸子(5分)"
640298,"神聖的丸子(30分)"
640299,"沙金"
640300,"金條"
640301,"老舊的茶杯"
640302,"巨型骷髏的妖魂"
640303,"異界之箱"
640304,"牛鬼之箱"
640305,"巨型骷髏之箱"
640306,"日輪冠冕寶盒"
640307,"變身卷軸：大名"
640308,"變身卷軸：武士"
640309,"變身卷軸：姬武者"
640310,"變身卷軸：陰陽師"
640311,"變身卷軸：忍者"
640312,"屍魂幣"
640313,"屍魂碎片1"
640314,"屍魂碎片2"
640315,"屍魂碎片3"
640316,"屍魂碎片4"
640317,"屍魂碎片5"
640318,"絕望的袋子"
640319,"下層雷擊爆彈"
640320,"下層旋風爆彈"
640321,"下層戰鬥強化卷軸"
640322,"下層防禦強化卷軸"
640323,"下層治癒藥水"
640324,"下層強力治癒藥水"
640325,"下層魔力藥水"
640326,"修練者傭兵變身卷軸"
640327,"3分鐘登入禮"
640328,"15分鐘登入禮"
640329,"60分鐘登入禮"
640330,"修練者的箭"
640331,"哈爾巴斯的執念"
640332,"靈魂石：魔法師"
640333,"靈魂石：死亡騎士"
640334,"角色專屬倉庫鑰匙"
640335,"魔物的氣息"
640336,"成長藥水(精靈)"
640337,"5階神聖魔法書(強襲)"
640338,"5階神聖魔法書(無雙)"
640339,"神聖魔法書(究極)"
640340,"火神之槌"
640341,"火神結晶體"
640342,"火神契約"
640343,"火神之淚"
640344,"火神痕跡"
640345,"還擊附魔石"
640346,"超能進化卷軸"
640347,"超能附魔石"
640348,"超能附魔石1"
640349,"超能附魔石2"
640350,"超能附魔石3"
640351,"超能回收憑證"
640352,"中央寺院秘密鑰匙"
640353,"中央寺院黃金箱子"
640354,"魔法魔杖(火風暴)"
640355,"魔法魔杖(淨化)"
640356,"渴望的成長果實 30天"
640357,"成長的珠子碎片 : 夢幻之島 (Tam)"
640358,"成長的珠子 : 夢幻之島 (Tam)"
640359,"工匠的對武器施法的卷軸碎片"
640360,"工匠的傳家之寶"
640361,"工匠的秘笈"
640362,"羽化的 濃縮終極體力恢復劑"
640363,"羽化的 勇敢藥水"
640364,"羽化的 精靈餅乾"
640365,"羽化的 惡魔之血"
640366,"羽化的 強化綠色藥水"
640367,"羽化兔子的肝"
640368,"惡靈種子"
640369,"夢幻的礦石"
640370,"工匠的對武器施法的卷軸(+9適用)"
640371,"名人的對武器施法的卷軸(+10適用)"
640372,"達人的對武器施法的卷軸(+11適用)"
640373,"夢幻的箱子(印章)"
640374,"工匠的支撐寶石"
640375,"工匠的昏迷寶石"
640376,"工匠的恢復寶石"
640377,"工匠的鋼鐵寶石"
640378,"工匠的體力寶石"
640379,"工匠的魔力寶石"
640380,"救援證書箱"
640381,"救援證書"
640382,"刪除NPC魔杖"
640383,"隱藏之谷村落回家符咒"
640384,"古代人的願望"
640385,"黃金寶箱"
640386,"潘朵拉的 力量香水：T恤[30日]"
640387,"潘朵拉的 敏捷香水：T恤[30日]"
640388,"潘朵拉的 智力香水：T恤[30日]"
640389,"潘朵拉的 精神香水：T恤[30日]"
640390,"潘朵拉的 體質香水：T恤[30日]"
640391,"潘朵拉的 魅力香水：T恤[30日]"
640392,"潘朵拉的 精靈圖樣：T恤"
640393,"潘朵拉的 石化圖樣：T恤"
640394,"潘朵拉的 昏迷圖樣：T恤"
640395,"潘朵拉的 支撐圖樣：T恤"
640396,"潘朵拉的 恢復圖樣：T恤"
640397,"潘朵拉的 鋼鐵圖樣：T恤"
640398,"潘朵拉的 滅魔圖樣：T恤"
640399,"潘朵拉的 體力圖樣：T恤"
640400,"潘朵拉的 魔力圖樣：T恤"
640401,"潘朵拉保護卷軸"
640402,"潘朵拉血盟體力回復卷軸"
640403,"潘朵拉究極治癒卷軸"
640404,"潘朵拉近戰魔石(1天)"
640405,"潘朵拉近戰魔石(7天)"
640406,"潘朵拉近戰魔石(31天)"
640407,"潘朵拉遠攻魔石(1天)"
640408,"潘朵拉遠攻魔石(7天)"
640409,"潘朵拉遠攻魔石(31天)"
640410,"潘朵拉魔攻魔石(1天)"
640411,"潘朵拉魔攻魔石(7天)"
640412,"潘朵拉魔攻魔石(31天)"
640413,"潘朵拉防禦魔石(1天)"
640414,"潘朵拉防禦魔石(7天)"
640415,"潘朵拉防禦魔石(31天)"
640416,"潘朵拉高等死亡騎士變身卷軸"
640417,"潘朵拉高等黑暗精靈變身卷軸"
640418,"潘朵拉高等狂暴將軍變身卷軸"
640419,"潘朵拉高等黑暗法師變身卷軸"
640420,"潘朵拉死亡騎士變身卷軸"
640421,"潘朵拉狂暴將軍變身卷軸"
640422,"潘朵拉黑暗法師變身卷軸"
640423,"潘朵拉黑暗精靈變身卷軸"
640424,"潘朵拉高速藥水(重複)"
640425,"巨人魔法娃娃"
640426,"努力的巨人魔法娃娃"
640427,"聰明的 巨人魔法娃娃"
640428,"聰穎的 巨人魔法娃娃"
640429,"發光的巨人魔法娃娃"
640430,"光彩照人的巨人魔法娃娃"
640431,"獨眼巨人 魔法娃娃"
640432,"努力的獨眼巨人 魔法娃娃"
640433,"聰明的 獨眼巨人 魔法娃娃"
640434,"聰穎的 獨眼巨人 魔法娃娃"
640435,"發光的獨眼巨人 魔法娃娃"
640436,"光彩照人的獨眼巨人 魔法娃娃"
640437,"地監記憶書"
640438,"贖罪聖書"
640439,"龍的血液"
640440,"龍血精華"
640441,"不完整的魔法晶球"
640442,"異變的傲慢之塔傳送符(1樓)"
640443,"異變的傲慢之塔傳送符(2樓)"
640444,"異變的傲慢之塔傳送符(3樓)"
640445,"異變的傲慢之塔傳送符(4樓)"
640446,"異變的傲慢之塔傳送符(5樓)"
640447,"異變的傲慢之塔傳送符(6樓)"
640448,"異變的傲慢之塔傳送符(7樓)"
640449,"異變的傲慢之塔傳送符(8樓)"
640450,"異變的傲慢之塔傳送符(9樓)"
640451,"異變的傲慢之塔傳送符(10樓)"
640452,"混亂的傲慢之塔傳送符(1樓)"
640453,"混亂的傲慢之塔傳送符(2樓)"
640454,"混亂的傲慢之塔傳送符(3樓)"
640455,"混亂的傲慢之塔傳送符(4樓)"
640456,"混亂的傲慢之塔傳送符(5樓)"
640457,"混亂的傲慢之塔傳送符(6樓)"
640458,"混亂的傲慢之塔傳送符(7樓)"
640459,"混亂的傲慢之塔傳送符(8樓)"
640460,"混亂的傲慢之塔傳送符(9樓)"
640461,"混亂的傲慢之塔傳送符(10樓)"
640462,"傲慢之塔的支配符 (1F)"
640463,"傲慢之塔的支配符 (2F)"
640464,"傲慢之塔的支配符 (3F)"
640465,"傲慢之塔的支配符 (4F)"
640466,"傲慢之塔的支配符 (5F)"
640467,"傲慢之塔的支配符 (6F)"
640468,"傲慢之塔的支配符 (7F)"
640469,"傲慢之塔的支配符 (8F)"
640470,"傲慢之塔的支配符 (9F)"
640471,"傲慢之塔的支配符 (10F)"
640472,"幻象的傲慢之塔傳送移動符"
640473,"火焰之子"
640474,"魔法娃娃：少年帕克"
640475,"魔法娃娃：騎士帕克"
640476,"魔法娃娃：魔騎士帕克"
640477,"覺醒的騎士帕克"
640478,"爆擊火焰衝擊的騎士帕克"
640479,"魔法娃娃：少女帕歐"
640480,"魔法娃娃：魔法師帕歐"
640481,"魔法娃娃：魔導師帕歐"
640482,"覺醒的魔法師帕歐"
640483,"爆擊火焰衝擊的魔法師帕歐"
640484,"火焰之子箱子"
640485,"魔法娃娃：少女帕歐箱子"
640486,"魔法娃娃：少年帕克箱子"
640487,"魔法娃娃：魔法師帕歐箱子"
640488,"魔法娃娃：騎士帕克箱子"
640489,"魔法娃娃：魔導師帕歐箱子"
640490,"魔法娃娃：魔騎士帕克箱子"
640491,"覺醒的魔導師帕歐箱子"
640492,"覺醒的魔騎士帕克箱子"
640493,"火焰的碎片"
640494,"修練者的薄荷"
640495,"修練者的 加速魔力回復藥水"
640496,"修練者的 解毒藥水"
640497,"修練者的 血盟傳送卷軸"
640498,"修練者的 磨刀石"
640499,"修練者的 燈籠"
640500,"炸彈"
640501,"近距離瞬間移動卷軸"
640502,"最高級魔法氣息"
640503,"力量的便當籃"
640504,"敏捷的便當籃"
640505,"智力的便當籃"
640506,"成長的便當籃"
640507,"強壯的牛排"
640508,"敏捷的煎鮭魚"
640509,"炭烤的火雞"
640510,"養生的雞湯"
640511,"南瓜燈"
640512,"象牙塔的魔法井水"
640513,"熔岩之火"
640514,"純白的萬能藥"
640515,"地靈的黑色米索莉箭"
640516,"水靈的黑色米索莉箭"
640517,"風靈的黑色米索莉箭"
640518,"火靈的黑色米索莉箭"
640519,"巨蟻女皇的蛋"
640520,"靈魂石：哈汀之影"
640521,"靈魂石：黑魔法師"
640522,"靈魂石：惡魔"
640523,"靈魂石：墮落"
640524,"靈魂石：琪娜"
640525,"靈魂石：艾迪爾"
640526,"靈魂石：巴塔斯"
640527,"靈魂石：巴羅斯"
640528,"靈魂石：泰瑪斯"
640529,"靈魂石：安迪斯"
640530,"靈魂石：拉曼斯"
640531,"靈魂石：巴陸德"
640532,"靈魂石：海露拜"
640533,"靈魂石：蕾雅"
640534,"靈魂石：巴蘭卡"
640535,"靈魂石：史雷佛"
640536,"淋血的繃帶"
640537,"魔力的線"
640538,"魔力之核"
640539,"黑豹的爪"
640540,"黑豹的皮"
640541,"烏格奴斯斷掉的矛"
640542,"封印的 食人巨魔的斧頭"
640543,"封印的 強盜的斧頭"
640544,"寒冰的 頭飾原石"
640545,"寒冰的 禮服絲料"
640546,"寒冰的 涼鞋原石"
640547,"金幣袋子"
640548,"被封印的歷史書1章袋"
640549,"被封印的歷史書2章袋"
640550,"被封印的歷史書3章袋"
640551,"被封印的歷史書4章袋"
640552,"被封印的歷史書5章袋"
640553,"被封印的歷史書6章袋"
640554,"被封印的歷史書7章袋"
640555,"被封印的歷史書8章袋"
640556,"潘朵拉璀璨袋子"
640557,"破舊的古書"
640558,"褪色的古書"
640559,"魔力的古書"
640560,"魔法師的寶石"
640561,"符石魔力去除劑"
640562,"失去魔力的符石"
640563,"失去魔力的符石"
640564,"力量符石袋"
640565,"敏捷符石袋"
640566,"體質符石袋"
640567,"智力符石袋"
640568,"精神符石袋"
640569,"力量符石袋"
640570,"敏捷符石袋"
640571,"體質符石袋"
640572,"智力符石袋"
640573,"精神符石袋"
640574,"傑羅斯的靈魂"
640575,"龍之血"
640576,"龍之蛋"
640577,"傑羅斯的袋子"
640578,"可疑的箱子"
640579,"大黑長者的箱子"
640580,"幻想的珠子"
640581,"幻想的變身卷軸(功夫裝)"
640582,"幻想的變身卷軸(旗袍)"
640583,"巴風特雕像"
640584,"巴風特雕像 箱子"
640585,"魔法娃娃驚喜箱"
640586,"魔法娃娃優惠組"
640587,"魔法娃娃尊榮組"
640588,"魔法娃娃體驗版組合包"
640589,"魔法娃娃 : 騎士范德"
640590,"魔法娃娃 : 幻象眼魔"
640591,"魔法娃娃 : 巫妖"
640592,"獨眼巨人魔法娃娃"
640593,"魔法娃娃 : 惡魔"
640594,"魔法娃娃 : 莫提斯"
640595,"魔法娃娃：木乃伊王"
640596,"魔法娃娃 : 死亡騎士"
640597,"魔法娃娃：木頭"
640598,"魔法娃娃：思克巴女皇"
640599,"魔法娃娃：黑長者"
640600,"魔法娃娃：巨人"
640601,"魔法娃娃：飛龍"
640602,"魔法娃娃：食人妖精王"
640603,"魔法娃娃：鑽石高崙"
640604,"魔法娃娃：熔岩高崙"
640605,"魔法娃娃：雪人"
640606,"魔法娃娃：美人魚"
640607,"3階魔法娃娃箱子"
640608,"巴風特監獄的鑰匙"
640609,"未鑑定的命運長靴"
640610,"未鑑定的傳奇長靴"
640611,"未鑑定的史詩長靴"
640612,"未鑑定的女神長靴"
640613,"未鑑定的女神祝福長靴"
640614,"星月飾品魔法卷軸"
640615,"訓練所鑰匙"
640616,"靈魂石：黑騎士隊長"
640617,"封印的拉溫的石化戒指"
640618,"封印的拉溫的睡眠戒指"
640619,"封印的拉溫的昏迷戒指"
640620,"封印的拉溫的支撐戒指"
640621,"龍之幣"
640622,"赤龍馬石像"
640623,"青龍馬石像"
640624,"銀龍馬石像"
640625,"金龍馬石像"
640626,"龍之鑰匙(安塔瑞斯)"
640627,"龍之鑰匙(安塔瑞斯)"
640628,"龍之鑰匙(安塔瑞斯)"
640629,"龍之鑰匙(法利昂)"
640630,"龍之鑰匙(法利昂)"
640631,"龍之鑰匙(法利昂)"
640632,"龍之鑰匙(林德拜爾)"
640633,"龍之鑰匙(林德拜爾)"
640634,"龍之鑰匙(林德拜爾)"
640635,"龍之鑰匙(巴拉卡斯)"
640636,"龍之鑰匙(巴拉卡斯)"
640637,"龍之鑰匙(巴拉卡斯)"
640638,"龍之鑰匙恢復箱"
640639,"地龍的勳章"
640640,"水龍的勳章"
640641,"風龍的勳章"
640642,"火龍的勳章"
640643,"土靈元素"
640644,"水靈元素"
640645,"火靈元素"
640646,"風靈元素"
640647,"滅魔元素"
640648,"傲慢之塔幸運箱子"
640649,"封印的傲慢之塔移動符箱子"
640650,"封印傲慢之塔魔法箱子"
640651,"封印的騎士范德之雙手劍"
640652,"封印的死亡騎士烈炎之劍"
640653,"封印的潔尼斯戒指"
640654,"封印的巫妖斗篷"
640655,"封印的木乃伊王的王冠"
640656,"封印的幻象眼魔的心眼"
640657,"封印的馬昆斯斗篷"
640658,"封印的惡魔鐮刀"
640659,"封印的惡魔手套"
640660,"封印的惡魔長靴"
640661,"封印的石製手套"
640662,"封印的奧里哈魯根短劍"
640663,"神龍寶箱"
640664,"神龍聖水"
640665,"光明聖水"
640666,"隱藏村莊移動卷軸箱(30日)"
640667,"隱藏村莊移動卷軸箱(10日)"
640668,"隱藏村莊移動卷軸(30日) "
640669,"隱藏村莊移動卷軸(10日) "
640670,"封印的冰之女王魔杖"
640671,"火神之心"
640672,"火神武器強化卷軸"
640673,"火神武器魔法卷軸(+8適用)"
640674,"火神武器工匠卷軸:+9"
640675,"火神武器名人卷軸:+10"
640676,"火神武器達人卷軸:+11"
640677,"火神的奇蹟卷軸"
640678,"[祝福的]火神武器強化卷軸"
640679,"[詛咒的]火神武器強化卷軸"
640680,"火神 +9工匠卷軸箱子"
640681,"火神 +10名人卷軸箱子"
640682,"火神 +11達人卷軸箱子"
640683,"火神武器強化卷軸箱子"
640684,"[祝福的]火神武器強化卷軸箱子"
640685,"[詛咒的]火神武器強化卷軸箱子"
640686,"火神赫發斯特斯短劍箱子"
640687,"火神赫發斯特斯雙手劍箱子"
640688,"火神赫發斯特斯法杖箱子"
640689,"火神赫發斯特斯神弓箱子"
640690,"火神赫發斯特斯雙刀箱子"
640691,"火神赫發斯特斯鎖鏈劍箱子"
640692,"火神赫發斯特斯奇古獸箱子"
640693,"火神赫發斯特斯巨斧箱子"
640694,"馬賓的袋子"
640695,"不完整的魔法晶球碎片"
640696,"結晶的女性眼淚"
640697,"冰之方塊"
640698,"火焰之氣息"
640699,"神秘的恢復藥水"
640700,"火焰之魔杖"
640701,"龍之淚"
640702,"大地女神的祝福"
640703,"大地女神的祝福包"
640704,"星月魔法娃娃箱子"
640705,"封印的殲滅者鎖鏈劍"
640706,"封印的咆哮雙刀"
640707,"封印的激怒手套"
640708,"封印的銀光斗篷"
640709,"近攻烤玉米"
640710,"遠攻甜不辣"
640711,"魔法黑糖餅"
640712,"近攻 料理"
640713,"遠攻 料理"
640714,"魔法 料理"
640715,"上級 湯"
640716,"神祕調味料"
640717,"永生藥草"
640718,"近攻烤玉米組合"
640719,"遠攻甜不辣組合"
640720,"魔法黑糖餅組合"
640721,"神祕調味料箱子"
640722,"永生藥草袋子"
640723,"龍之幣(10000)"
640724,"商團寶箱"
640725,"商團象徵"
640726,"商團榮耀象徵"
640727,"歐林飾品魔法卷軸"
640728,"修練者強化加速藥水"
640729,"修練者的勇敢藥水"
640730,"修練者的精靈餅乾"
640731,"修練者的生命之樹果實"
640732,"修練者的惡魔之血"
640733,"修練者的 慎重藥水"
640734,"修練者的刻印的骨頭碎片"
640735,"修練者的 魔法寶石"
640736,"修練者的 精靈玉"
640737,"修練者的二級黑魔石"
640738,"修練者的屬性石"
640739,"修練者英雄變身卷軸"
640740,"特勞雷迪移動符"
640741,"\aL黑色碎片"
640742,"\aL黑暗的碎片"
640743,"\aL妖魔圖騰"
640744,"\aL狂野皮革"
640745,"\aL奇異鸚鵡的毛"
640746,"\aL藍尾蜥蜴的尾巴"
640747,"\aL墜飾碎片(太陽)"
640748,"\aL墜飾碎片(月亮)"
640749,"\aL龍蠅翅膀"
640750,"\aL骷髏的骨頭"
640751,"墮落的古代加護"
640752,"遺忘之島歸還卷軸"
640753,"失去靈魂的奇古獸"
640754,"失去靈魂的長劍"
640755,"失去靈魂的弓"
640756,"失去靈魂的鎖鍊劍"
640757,"失去靈魂的斧頭"
640758,"永生的光"
640759,"古代岩石"
640760,"古代魔物之皮革"
640761,"古代技能書"
640762,"古代龍騎士石板"
640763,"古代記憶水晶"
640764,"古代精靈水晶"
640765,"古代黑暗精靈水晶"
640766,"古代戰士的印記"
640767,"古代魔法書"
640768,"古代王族技能書"
640769,"NC紀念幣"
640770,"魔法娃娃：艾莉絲"
640771,"魔法娃娃：吸血鬼"
640772,"魔法娃娃：巴蘭卡"
640773,"魔法娃娃：三藏法師"
640774,"魔法娃娃：孫悟空"
640775,"魔法娃娃：豬八戒"
640776,"魔法娃娃：沙悟淨"
640777,"[偽]魔法娃娃：喪葬法師"
640778,"[偽]魔法娃娃：孫武控"
640779,"[偽]魔法娃娃：豬扒芥"
640780,"[偽]魔法娃娃：煞無禁"
640781,"[仿]魔法娃娃：三藏法師"
640782,"[仿]魔法娃娃：孫悟空"
640783,"[仿]魔法娃娃：豬八戒"
640784,"[仿]魔法娃娃：沙悟淨"
640785,"闇龍覺醒圖騰"
640786,"[階段1] 英雄服務票卷(31日)"
640787,"[階段2] 英雄服務票卷(31日)"
640788,"[階段3] 英雄服務票卷(31日)"
640789,"[階段4] 英雄服務票卷(31日)"
640790,"[階段5] 英雄服務票卷(31日)"
640791,"[階段1] 英雄服務票卷(31日)箱"
640792,"[階段2] 英雄服務票卷(31日)箱"
640793,"[階段3] 英雄服務票卷(31日)箱"
640794,"[階段4] 英雄服務票卷(31日)箱"
640795,"[階段5] 英雄服務票卷(31日)箱"
640796,"妲蒂斯進化憑證"
640797,"妲蒂斯的靈魂"
640798,"英雄百萬轉蛋"
640799,"英雄驚喜箱"
640800,"魔法卷軸 (聖結界)"
640801,"魔法卷軸 (究極光裂術)"
640802,"魔法卷軸 (暴風神射)"
640803,"魔法卷軸 (烈焰之魂)"
640804,"LV90榮耀紀念戒"
640805,"波若斯圖騰"
640806,"波若斯獎勵:20萬"
640807,"波若斯獎勵:75萬"
640808,"波若斯獎勵:300萬"
640809,"波若斯獎勵:1000萬"
640810,"聖誕香蕉蛋糕塊"
640811,"香蕉蛋糕"
640812,"聖誕櫻桃蛋糕塊"
640813,"櫻桃蛋糕"
640814,"聖誕草莓蛋糕塊"
640815,"草莓蛋糕"
640816,"力量的櫻桃刨冰"
640817,"敏捷的抹茶刨冰"
640818,"智力的紅豆刨冰"
640819,"甘特防具箱子"
640820,"次元的碎片"
640821,"底比斯箱子"
640822,"老舊底比斯箱子"
640823,"聖誕節黃金寶箱"
640824,"舊舊的禮物盒"
640825,"聖誕節餅乾"
640826,"浮士德惡靈的耳環"
640827,"亞力安的心(30天)"
640828,"亞力安的靈魂"
640829,"亞力安箱子"
640830,"亞力安的蛋"
640831,"真。死亡騎士之心"
640832,"一拳頭盔碎片"
640833,"一拳頭盔強化石"
640834,"一拳頭盔碎片袋子"
640835,"彩虹廣播器"
640836,"喵小編的化身"
640837,"卡立普最高級袋子"
640838,"卡立普最高級袋子"
640839,"卡立普最高級袋子"
640840,"卡立普最高級袋子"
640841,"滅龍奪魂強化卷軸"
640842,"幻生寶石"
640843,"幻生寶石袋子"
640844,"生命的樹葉"
640845,"淬鍊的袋子"
640846,"失去力量的 \aE魔法書(究極光裂術)"
640847,"失去力量的 \aE技術書(反擊屏障)"
640848,"失去力量的 \aE精靈水晶(烈焰之魂)"
640849,"失去力量的 \aE黑暗精靈水晶(破壞盔甲)"
640850,"失去力量的 \aE戰士的印記(亡命之徒)"
640851,"失去力量的 魔法書(流星雨)"
640852,"失去力量的 精靈水晶(大地屏障)"
640853,"失去力量的 精靈水晶(污濁之水)"
640854,"失去力量的 精靈水晶(精準射擊)"
640855,"失去力量的 戰士的印記(泰坦: 岩石)"
640856,"失去力量的 戰士的印記(泰坦: 魔法)"
640857,"失去力量的 戰士的印記(泰坦: 子彈)"
640858,"失去力量的 奧里哈魯根短劍"
640859,"失去力量的 \aF騎士范德之劍"
640860,"失去力量的 腐壞的長弓"
640861,"失去力量的 倫得雙刀"
640862,"失去力量的 巴風特魔杖"
640863,"失去力量的 力量魔法杖"
640864,"失去力量的 瑪那魔杖"
640865,"失去力量的 冰之女王魔杖"
640866,"失去力量的 惡魔鐮刀"
640867,"失去力量的 嗜血者鎖鏈劍"
640868,"失去力量的 寒冰鎖鏈劍"
640869,"失去力量的 寒冰奇古獸"
640870,"失去力量的 死亡騎士的烈炎之劍"
640871,"失去力量的 克特之劍"
640872,"失去力量的 \aF巫妖斗篷"
640873,"失去力量的 死亡騎士盔甲"
640874,"失去力量的 黑長者長袍"
640875,"失去力量的 克特盔甲"
640876,"失去力量的 巨蟻女皇的金翅膀"
640877,"失去力量的 巨蟻女皇的銀翅膀"
640878,"失去力量的 \aF馬昆斯斗篷"
640879,"失去力量的 隱身斗篷"
640880,"失去力量的 神聖的保護者斗篷"
640881,"失去力量的 幻象眼魔的心眼"
640882,"失去力量的 反叛者的盾牌"
640883,"失去力量的 死亡騎士長靴"
640884,"失去力量的 克特長靴"
640885,"失去力量的 墮落長靴"
640886,"失去力量的 石製手套"
640887,"失去力量的 死亡騎士手套"
640888,"失去力量的 克特手套"
640889,"失去力量的 墮落手套"
640890,"失去力量的 \aF木乃伊王的王冠"
640891,"失去力量的 指揮官的頭盔"
640892,"失去力量的 死亡騎士頭盔"
640893,"失去力量的 巴土瑟之帽"
640894,"失去力量的 卡士柏之帽"
640895,"失去力量的 馬庫爾之帽"
640896,"失去力量的 西瑪之帽"
640897,"失去力量的 克特頭盔"
640898,"失去力量的 魔法防禦褲子"
640899,"失去力量的 黑長者涼鞋"
640900,"失去力量的 混沌頭盔"
640901,"失去力量的 思夫的T恤"
640902,"失去力量的 神聖的魔法防禦頭盔"
640903,"失去力量的 變形怪首領項鍊"
640904,"失去力量的 戰士護身符"
640905,"失去力量的 賢者的項鍊"
640906,"失去力量的 光之沙哈的護身符"
640907,"失去力量的 歐林的項鍊"
640908,"失去力量的 變形怪首領之戒(左)"
640909,"失去力量的 變形怪首領之戒(右)"
640910,"失去力量的 蕾雅戒指"
640911,"失去力量的 閃耀的沙哈的戒指"
640912,"失去力量的 \aF潔尼斯戒指"
640913,"失去力量的 魔王戒指"
640914,"失去力量的 氣魂戒指"
640915,"失去力量的 西瑪戒指"
640916,"失去力量的 賢者之戒"
640917,"失去力量的 征戰之戒"
640918,"失去力量的 疾風之戒"
640919,"失去力量的 古代巨人戒指"
640920,"失去力量的 dummy11134"
640921,"失去力量的 泰坦皮帶"
640922,"失去力量的 變身支配戒指"
640923,"失去力量的 龍之心"
640924,"失去力量的 封印的傲慢之塔1樓傳送符"
640925,"失去力量的 封印的傲慢之塔2樓傳送符"
640926,"失去力量的 封印的傲慢之塔3樓傳送符"
640927,"失去力量的 封印的傲慢之塔4樓傳送符"
640928,"失去力量的 封印的傲慢之塔5樓傳送符"
640929,"失去力量的 封印的傲慢之塔6樓傳送符"
640930,"失去力量的 封印的傲慢之塔7樓傳送符"
640931,"失去力量的 封印的傲慢之塔8樓傳送符"
640932,"失去力量的 封印的傲慢之塔9樓傳送符"
640933,"失去力量的 封印的傲慢之塔10樓傳送符"
640934,"失去力量的 安塔瑞斯之心"
640935,"失去力量的 巴拉卡斯之心"
640936,"失去力量的 法利昂之心"
640937,"失去力量的 林德拜爾之心"
640938,"高級神龍聖水"
640939,"最高級神龍聖水"
640940,"神聖項鍊碎片"
640941,"甘特印記"
640942,"冷燄魔法頭盔箱"
640943,"冷燄兌換憑證"
640944,"古代武器箱子"
640945,"古代防具箱子"
640946,"徽章強化卷軸"
640947,"鬥士徽章箱子"
640948,"神弓徽章箱子"
640949,"賢者徽章箱子"
640950,"守護徽章箱子"
