skill_id,name,buff_duration,hp_consume,mp_consume,reuse_delay
1,"初級治癒術",0,0,4,10
2,"日光術",3600,0,4,10
3,"保護罩",1800,0,8,10
4,"光箭",0,0,3,10
5,"指定傳送",0,0,10,10
6,"冰箭",0,0,4,10
7,"風刃",0,0,4,10
8,"神聖武器",1200,0,10,10
9,"解毒術",0,0,15,10
10,"寒冷戰慄",0,0,8,10
11,"毒咒",30,0,10,500
12,"擬似魔法武器",1800,0,20,10
13,"無所遁形術",0,0,15,500
14,"負重強化",1800,50,10,10
15,"火箭",0,0,6,10
16,"地獄之牙",0,0,6,10
17,"極光雷電",0,0,20,500
18,"起死回生術",0,0,20,500
19,"中級治癒術",0,0,12,100
20,"闇盲咒術",16,0,20,500
21,"鎧甲護持",1800,0,20,10
22,"寒冰氣息",0,0,20,300
23,"能量感測",0,0,8,10
24,"none",0,0,0,0
25,"燃燒的火球",0,0,20,500
26,"通暢氣脈術",1200,0,50,10
27,"壞物術",0,0,32,3000
28,"吸血鬼之吻",0,0,12,50
29,"緩速術",64,0,20,500
30,"岩牢",0,0,24,500
31,"魔法屏障",16,0,20,10
32,"冥想術",640,30,5,10
33,"木乃伊的詛咒",4,0,80,5000
34,"極道落雷",0,0,18,100
35,"高級治癒術",0,0,20,200
36,"迷魅術",3600,20,30,10
37,"聖潔之光",0,0,20,10
38,"冰錐",0,0,18,10
39,"魔力奪取",0,50,1,500
40,"黑闇之影",32,0,15,500
41,"造屍術",0,80,5,10
42,"體魄強健術",1200,0,50,10
43,"加速術",1200,0,40,10
44,"魔法相消術",0,0,40,500
45,"地裂術",0,0,20,100
46,"烈炎術",0,0,20,500
47,"弱化術",64,0,10,500
48,"祝福魔法武器",1200,0,20,10
49,"體力回復術",0,0,50,500
50,"冰矛圍籬",16,0,36,500
51,"召喚術",0,30,30,1000
52,"神聖疾走",64,0,15,10
53,"龍捲風",0,0,40,1500
54,"強力加速術",2400,0,60,10
55,"狂暴術",320,0,40,10
56,"疾病術",64,0,10,500
57,"全部治癒術",0,0,48,500
58,"火牢",10,0,60,10
59,"冰雪暴",0,10,60,1500
60,"隱身術",86400,0,15,0
61,"返生術",0,0,50,10
62,"震裂術",0,0,40,1500
63,"治癒能量風暴",320,0,20,10
64,"魔法封印",16,0,20,500
65,"雷霆風暴",0,0,48,2000
66,"沉睡之霧",8,0,40,1500
67,"變形術",7200,0,60,10
68,"聖結界",32,0,30,1500
69,"集體傳送術",0,0,60,10
70,"火風暴",0,0,48,2000
71,"藥水霜化術",16,0,20,500
72,"強力無所遁形術",0,0,30,500
73,"治癒逆行",10,0,60,500
74,"流星雨",0,0,60,3000
75,"終極返生術",0,0,100,10
76,"集體緩速術",64,0,20,3000
77,"究極光裂術",0,0,70,4000
78,"絕對屏障",12,0,30,12000
79,"靈魂昇華",1200,0,20,10
80,"寒冰尖刺",0,0,30,100
81,"none",0,0,0,2000
82,"none",0,0,0,923
83,"none",0,0,0,0
84,"none",0,0,0,0
85,"none",900,0,0,0
86,"none",30,0,0,0
87,"衝擊之暈",1,0,13,8000
88,"增幅防禦",192,50,7,3000
89,"尖刺盔甲",64,60,10,5000
90,"堅固防護",192,100,10,3000
91,"反擊屏障",64,100,10,3000
92,"絕禦之刃",8,0,7,0
93,"none",1200,0,0,0
94,"none",1200,0,0,0
95,"none",1200,0,0,0
96,"none",1200,0,0,0
97,"暗隱術",32,0,10,9990
98,"附加劇毒",320,1,10,0
99,"影之防護",960,0,12,10
100,"提煉魔石",0,0,5,0
101,"行走加速",960,0,10,0
102,"燃燒鬥志",300,0,20,990
103,"暗黑盲咒",3,0,20,990
104,"毒性抵抗",320,0,20,0
105,"雙重破壞",192,0,30,0
106,"暗影閃避",192,0,20,0
107,"暗影之牙",192,0,30,0
108,"會心一擊",0,100,1,0
109,"力量提升",960,0,10,0
110,"敏捷提升",960,0,10,0
111,"迴避提升",32,0,20,0
112,"破壞盔甲",8,30,40,2000
113,"精準目標",15,0,2,0
114,"灼熱武器",640,0,25,0
115,"鋼鐵士氣",640,0,25,0
116,"呼喚盟友",0,0,30,0
117,"勇猛意志",640,0,25,100
118,"援護盟友",0,0,30,0
119,"神聖犧牲",0,0,1,0
120,"幻象",60,0,0,0
121,"王者加護",0,0,0,0
122,"恩典庇護",15,0,15,0
123,"none",0,0,0,0
124,"none",0,0,0,0
125,"none",0,0,0,0
126,"none",0,0,0,0
127,"none",0,0,0,0
128,"none",0,0,0,0
129,"魔法防禦",1200,0,5,0
130,"心靈轉換",0,8,0,100
131,"世界樹的呼喚",0,0,10,0
132,"三重矢",0,0,15,80
133,"弱化屬性",64,0,10,100
134,"精靈重力",1800,0,30,1000
135,"魔力護盾",600,0,30,0
136,"none",0,0,0,0
137,"淨化精神",1200,0,10,0
138,"屬性防禦",1200,0,10,0
139,"none",0,0,0,0
140,"none",0,0,0,0
141,"none",0,0,0,0
142,"none",0,0,0,0
143,"none",0,0,0,0
144,"none",0,0,0,0
145,"釋放元素",0,0,30,0
146,"魂體轉換",0,50,0,1200
147,"單屬性防禦",64,0,6,0
148,"火焰武器",960,0,15,0
149,"風之神射",960,0,15,0
150,"風之疾走",960,0,15,0
151,"大地防護",960,0,15,0
152,"地面障礙",64,0,20,0
153,"魔法消除",32,0,20,600
154,"召喚屬性精靈",0,0,20,100
155,"舞躍之火",480,0,20,0
156,"暴風之眼",960,0,40,0
157,"大地屏障",10,0,18,600
158,"生命之泉",320,0,20,0
159,"大地的護衛",600,10,30,2000
160,"水之防護",960,0,30,100
161,"封印禁地",16,0,40,9000
162,"召喚強力屬性精靈",0,0,20,0
163,"烈炎武器",960,0,30,0
164,"生命的祝福",0,0,30,300
165,"生命呼喚",0,0,50,0
166,"暴風神射",960,0,30,0
167,"風之枷鎖",16,0,15,100
168,"鋼鐵防護",960,0,30,0
169,"體能激發",960,0,30,100
170,"水之元氣",64,0,1,100
171,"屬性之火",320,0,20,100
172,"暴風疾走",0,0,10,0
173,"污濁之水",64,0,20,1000
174,"精準射擊",64,0,15,3000
175,"烈焰之魂",128,0,30,300
176,"能量激發",960,0,30,100
177,"none",0,0,0,0
178,"none",0,0,0,0
179,"none",0,0,0,0
180,"none",0,0,0,0
181,"龍之護鎧",1800,12,0,10
182,"燃燒擊砍",60,6,0,2000
183,"護衛毀滅",32,20,0,1000
184,"岩漿噴吐",0,0,10,1000
185,"覺醒：安塔瑞斯",600,10,20,10
186,"血之渴望",300,30,0,10
187,"屠宰者",0,16,0,2000
188,"恐懼無助",16,12,0,1000
189,"岩漿之箭",0,0,5,10
190,"覺醒：法利昂",600,20,30,10
191,"致命身軀",300,50,0,1000
192,"奪命之雷",0,35,0,4000
193,"驚悚死神",32,20,0,1000
194,"暴龍之眼",0,10,10,500
195,"覺醒：巴拉卡斯",600,30,50,10
196,"撕裂護甲",30,0,10,0
197,"none",0,0,0,0
198,"none",0,0,0,0
199,"none",0,0,0,0
200,"none",0,0,0,0
201,"鏡像",1200,0,10,10
202,"混亂",8,10,15,3000
203,"粉碎能量",0,0,5,600
204,"幻覺：歐吉",128,0,10,1500
205,"立方：燃燒",20,0,30,5000
206,"專注",600,0,30,1000
207,"心靈破壞",0,15,20,3000
208,"骷髏毀壞",2,0,30,2000
209,"幻覺：巫妖",128,0,20,1500
210,"立方：地裂",20,0,35,5000
211,"耐力",600,0,25,1000
212,"幻想",5,25,30,3000
213,"隱身破壞者",12,0,10,1200
214,"幻覺：鑽石高崙",128,0,40,1500
215,"立方：衝擊",20,0,55,5000
216,"洞察",640,0,60,1000
217,"恐慌",64,30,30,4000
218,"降低負重",1800,0,40,10
219,"幻覺：化身",128,0,35,5000
220,"立方：和諧",20,0,55,5000
221,"none",0,0,0,0
222,"衝突強化",15,0,0,0
223,"none",0,0,0,0
224,"none",0,0,0,0
225,"咆哮",0,0,5,1000
226,"體能強化",300,0,10,2000
227,"無名怒火 (未開放)",0,0,0,7000
228,"拘束移動 ",6,0,0,5000
229,"戰斧投擲 ",6,0,5,3000
230,"亡命之徒",6,0,10,7000
231,"泰坦狂暴",2400,0,10,0
232,"none",0,0,0,0
233,"暗殺者",15,0,20,0
601,"粉碎",0,0,0,0
602,"狂暴",0,0,0,0
603,"迅猛雙斧",0,0,0,0
604,"none",0,0,0,0
605,"護甲身軀 ",0,0,0,0
606,"泰坦：岩石 ",0,0,0,0
607,"泰坦：子彈 ",0,0,0,0
608,"泰坦：魔法 ",0,0,0,0
609,"熾烈鬥志",3,0,0,0
