"Class","SourceFile"
"l1j.server.a","Config.java"
"l1j.server.b","DatabaseFactory.java"
"l1j.server.Server","Server.java"
"ai.a","ActionCodes.java"
"ai.b","GMCommands.java"
"ai.c","GameServer.java"
"ai.d","IdFactory.java"
"ai.e","PacketHandler.java"
"aj.a","C_AddBookmark.java"
"aj.b","C_AddBuddy.java"
"aj.c","C_Amount.java"
"aj.d","C_Attack.java"
"aj.e","C_AttackContinue.java"
"aj.f","C_Attr.java"
"aj.g","C_AuthLogin.java"
"aj.h","C_BanClan.java"
"aj.i","C_BanParty.java"
"aj.j","C_Blink.java"
"aj.k","C_Board.java"
"aj.l","C_BoardDelete.java"
"aj.m","C_BoardPage.java"
"aj.n","C_BoardRead.java"
"aj.o","C_BoardWrite.java"
"aj.p","C_Buddy.java"
"aj.q","C_CallUser.java"
"aj.r","C_ChangeHeading.java"
"aj.s","C_CharReset.java"
"aj.t","C_CharcterConfig.java"
"aj.u","C_Chat.java"
"aj.v","C_ChatOnOff.java"
"aj.w","C_ChatParty.java"
"aj.x","C_ChatWhisper.java"
"aj.y","C_CheckPK.java"
"aj.z","C_CreateChar.java"
"aj.aa","C_CreateClan.java"
"aj.ab","C_CreateParty.java"
"aj.ac","C_DelBuddy.java"
"aj.ad","C_DeleteBookmark.java"
"aj.ae","C_DeleteChar.java"
"aj.af","C_DeleteInventoryItem.java"
"aj.ag","C_Deposit.java"
"aj.ah","C_Disconnect.java"
"aj.ai","C_Door.java"
"aj.aj","C_Drawal.java"
"aj.ak","C_DropItem.java"
"aj.al","C_EmblemDownload.java"
"aj.am","C_EmblemUpload.java"
"aj.an","C_EnterPortal.java"
"aj.ao","C_Exclude.java"
"aj.ap","C_ExitGhost.java"
"aj.aq","C_ExtraCommand.java"
"aj.ar","C_Fight.java"
"aj.as","C_FishClick.java"
"aj.at","C_FixWeapon.java"
"aj.au","C_FixWeaponList.java"
"aj.av","C_GMTeleport.java"
"aj.aw","C_GiveItem.java"
"aj.ax","C_GotoMap.java"
"aj.ay","C_GotoPortal.java"
"aj.az","C_ItemUSe.java"
"aj.ba","C_JoinClan.java"
"aj.bb","C_KeepALIVE.java"
"aj.bc","C_LeaveClan.java"
"aj.bd","C_LeaveParty.java"
"aj.be","C_Login.java"
"aj.bf","C_LoginToServer.java"
"aj.bg","C_Mail.java"
"aj.bh","C_MercenaryArrange.java"
"aj.bi","C_MercenaryEmpoly.java"
"aj.bj","C_MoveChar.java"
"aj.bk","C_NpcAction.java"
"aj.bl","C_NpcTalk.java"
"aj.bm","C_Party.java"
"aj.bn","C_PetMenu.java"
"aj.bo","C_PickUpItem.java"
"aj.bp","C_Pledge.java"
"aj.bq","C_PledgeWatch.java"
"aj.br","C_Propose.java"
"aj.bs","C_ProtoBuffers.java"
"aj.bt","C_Rank.java"
"aj.bu","C_ReadNews.java"
"aj.bv","C_Restart.java"
"aj.bw","C_RestartDead.java"
"aj.bx","C_Result.java"
"aj.by","C_SelectTarget.java"
"aj.bz","C_SendLocation.java"
"aj.ca","C_ServerVersion.java"
"aj.cb","C_Shop.java"
"aj.cc","C_ShopList.java"
"aj.cd","C_ShopWorld.java"
"aj.ce","C_SkillBuy.java"
"aj.cf","C_SkillBuyItem.java"
"aj.cg","C_SkillBuyItemOK.java"
"aj.ch","C_SkillBuyOK.java"
"aj.ci","C_TaxRate.java"
"aj.cj","C_Teleport.java"
"aj.ck","C_TeleportUser.java"
"aj.cl","C_Title.java"
"aj.cm","C_Trade.java"
"aj.cn","C_TradeAddItem.java"
"aj.co","C_TradeCancel.java"
"aj.cp","C_TradeOK.java"
"aj.cq","C_UsePetItem.java"
"aj.cr","C_UseSkill.java"
"aj.cs","C_War.java"
"aj.ct","C_WarePassword.java"
"aj.cu","C_Who.java"
"aj.cv","ClientBasePacket.java"
"ak.a","L1Commands.java"
"al.a","L1AccountBanKick.java"
"al.b","L1Action.java"
"al.c","L1AddSkill.java"
"al.d","L1Adena.java"
"al.e","L1AllBuff.java"
"al.f","L1BanIp.java"
"al.g","L1Buff.java"
"al.h","L1CastGfx.java"
"al.i","L1ChangeWeather.java"
"al.j","L1Chat.java"
"al.k","L1ChatNG.java"
"al.l","L1CommandExecutor.java"
"al.m","L1CommandHelp.java"
"al.n","L1CreateItem.java"
"al.o","L1CreateItemSet.java"
"al.p","L1DeleteGroundItem.java"
"al.q","L1Describe.java"
"al.r","L1Echo.java"
"al.s","L1Favorite.java"
"al.t","L1FindInvis.java"
"al.u","L1GM.java"
"al.v","L1GMRoom.java"
"al.w","L1GfxId.java"
"al.x","L1GfxInvList.java"
"al.y","L1GfxNpc.java"
"al.z","L1HomeTown.java"
"al.aa","L1HpBar.java"
"al.ab","L1InsertSpawn.java"
"al.ac","L1InvGfxId.java"
"al.ad","L1Invisible.java"
"al.ae","L1Kick.java"
"al.af","L1Kill.java"
"al.ag","L1Level.java"
"al.ah","L1LevelPresent.java"
"al.ai","L1Loc.java"
"al.aj","L1MapMove.java"
"al.ak","L1Move.java"
"al.al","L1PartyRecall.java"
"al.am","L1Patrol.java"
"al.an","L1Poly.java"
"al.ao","L1PowerKick.java"
"al.ap","L1Present.java"
"al.aq","L1Recall.java"
"al.ar","L1ReloadTrap.java"
"al.as","L1ResetTrap.java"
"al.at","L1Ress.java"
"al.au","L1SKick.java"
"al.av","L1ShowTrap.java"
"al.aw","L1Shutdown.java"
"al.ax","L1SpawnCmd.java"
"al.ay","L1Speed.java"
"al.az","L1Status.java"
"al.ba","L1Summon.java"
"al.bb","L1Tile.java"
"al.bc","L1ToPC.java"
"al.bd","L1ToSpawn.java"
"al.be","L1Visible.java"
"al.bf","L1Who.java"
"am.a","BadNamesList.java"
"am.b","ListSprReader.java"
"am.c","ListSprReader.java"
"am.d","MonsterListReader.java"
"an.a","PBMessageALL.java"
"an.b","PBMessageALL2.java"
"an.c","PBMessageALL3.java"
"an.d","PBMessageALL4.java"
"an.e","PBMessageALL5.java"
"an.f","PBMessageALL6.java"
"an.g","PBMessageALL7.java"
"an.h","PBMessageALL8.java"
"an.i","PBMessageALL9.java"
"ao.a","AccountTable.java"
"ao.b","AnnounceTable.java"
"ao.c","ArmorSetTable.java"
"ao.d","BeginnerTable.java"
"ao.e","BossSpawnTable.java"
"ao.f","BuddyTable.java"
"ao.g","CastleTable.java"
"ao.h","CharBuffTable.java"
"ao.i","CharacterConfigTable.java"
"ao.j","CharacterEquipment.java"
"ao.k","CharacterGiftTable.java"
"ao.l","CharacterItemTable.java"
"ao.m","CharacterMobsTable.java"
"ao.n","CharacterMobsWeekTable.java"
"ao.o","CharacterTable.java"
"ao.p","ClanMembersTable.java"
"ao.q","ClanTable.java"
"ao.r","ConfigTable.java"
"ao.s","CraftListTable.java"
"ao.t","DoorTable.java"
"ao.u","DropMapTable.java"
"ao.v","DropTable.java"
"ao.w","ExpTable.java"
"ao.x","FieldSpawnTable.java"
"ao.y","FurnitureSpawnTable.java"
"ao.z","GetBackRestartTable.java"
"ao.aa","HistoryTable.java"
"ao.ab","HouseTable.java"
"ao.ac","HtmlCraftTable.java"
"ao.ad","HtmlTable.java"
"ao.ae","HtmlTeleportTable.java"
"ao.af","InnTable.java"
"ao.ag","IpTable.java"
"ao.ah","ItemTable.java"
"ao.ai","LetterTable.java"
"ao.aj","LightSpawnTable.java"
"ao.ak","LostPowerItemTable.java"
"ao.al","LuckyDrawTable.java"
"ao.am","MagicDollTable.java"
"ao.an","MailTable.java"
"ao.ao","MapsTable.java"
"ao.ap","MobGroupTable.java"
"ao.aq","MobQuestWeekTable.java"
"ao.ar","MobSkillsTable.java"
"ao.as","NpcChatTable.java"
"ao.at","NpcSpawnTable.java"
"ao.au","NpcTable.java"
"ao.av","PetItemTable.java"
"ao.aw","PetTable.java"
"ao.ax","PetTypeTable.java"
"ao.ay","PolyTable.java"
"ao.az","QuestNewTable.java"
"ao.ba","RankingTable.java"
"ao.bb","ResolventTable.java"
"ao.bc","ShopTable.java"
"ao.bd","ShopWorldTable.java"
"ao.be","SkillsTable.java"
"ao.bf","SoulTowerTable.java"
"ao.bg","SpawnTable.java"
"ao.bh","TownTable.java"
"ao.bi","TrapSpawnTable.java"
"ao.bj","TrapTable.java"
"ao.bk","TreasureBoxTable.java"
"ao.bl","WeaponSkillTable.java"
"ap.a","L1AttackerInstance.java"
"ap.b","L1AuctionBoardInstance.java"
"ap.c","L1BoardInstance.java"
"ap.d","L1CrownInstance.java"
"ap.e","L1DollInstance.java"
"ap.f","L1DoorInstance.java"
"ap.g","L1DotaInstance.java"
"ap.h","L1EffectInstance.java"
"ap.i","L1FieldObjectInstance.java"
"ap.j","L1FishInstance.java"
"ap.k","L1FollowerInstance.java"
"ap.l","L1FurnitureInstance.java"
"ap.m","L1GfxInstance.java"
"ap.n","L1GuardInstance.java"
"ap.o","L1GuardianInstance.java"
"ap.p","L1HousekeeperInstance.java"
"ap.q","L1ItemInstance.java"
"ap.r","L1KeeperInstance.java"
"ap.s","L1MonsterInstance.java"
"ap.t","L1NpcInstance.java"
"ap.u","L1PcInstance.java"
"ap.v","L1PetInstance.java"
"ap.w","L1QuestInstance.java"
"ap.x","L1ScarecrowInstance.java"
"ap.y","L1SignboardInstance.java"
"ap.z","L1SummonInstance.java"
"ap.aa","L1TowerInstance.java"
"ap.ab","L1TrapInstance.java"
"aq.a","L1AdenTelData.java"
"aq.b","L1Alchemy.java"
"aq.c","L1Attack.java"
"aq.d","L1Buddy.java"
"aq.e","L1CastleLocation.java"
"aq.f","L1Character.java"
"aq.g","L1Chat.java"
"aq.h","L1ChatParty.java"
"aq.i","L1Clan.java"
"aq.j","L1Cooking.java"
"aq.k","L1Craft.java"
"aq.l","L1Dungeon.java"
"aq.m","L1EquipmentSlot.java"
"aq.n","L1ExcludingList.java"
"aq.o","L1Getback.java"
"aq.p","L1GuardianSoul.java"
"aq.q","L1HateList.java"
"aq.r","L1HouseLocation.java"
"aq.s","L1ItemQuestBuff.java"
"aq.t","L1Karma.java"
"aq.u","L1Location.java"
"aq.v","L1LoginCharList.java"
"aq.w","L1Magic.java"
"aq.x","L1Master.java"
"aq.y","L1MobGroupInfo.java"
"aq.z","L1NpcTalkData.java"
"aq.aa","L1Object.java"
"aq.ab","L1Paralysis.java"
"aq.ac","L1Party.java"
"aq.ad","L1PinkName.java"
"aq.ae","L1PolyMorph.java"
"aq.af","L1Quest.java"
"aq.ag","L1Spawn.java"
"aq.ah","L1SpawnBoss.java"
"aq.ai","L1SpawnEffect.java"
"aq.aj","L1SpawnWar.java"
"aq.ak","L1SpeedChecker.java"
"aq.al","L1TaxCalculator.java"
"aq.am","L1Teleport.java"
"aq.an","L1TownLocation.java"
"aq.ao","L1Trade.java"
"aq.ap","L1War.java"
"aq.aq","L1World.java"
"ar.a","L1ClassFeature.java"
"ar.b","L1DarkElfClassFeature.java"
"ar.c","L1DragonKnightClassFeature.java"
"ar.d","L1ElfClassFeature.java"
"ar.e","L1IllusionistClassFeature.java"
"ar.f","L1KnightClassFeature.java"
"ar.g","L1RoyalClassFeature.java"
"ar.h","L1WarriorClassFeature.java"
"ar.i","L1WizardClassFeature.java"
"as.a","L1BugBearRace.java"
"as.b","L1CastleWar.java"
"as.c","L1CentralTemple.java"
"as.d","L1Dragon.java"
"as.e","L1HardinBattle.java"
"as.f","L1IceQueen.java"
"as.g","L1OrimBattle.java"
"as.h","L1SoulStone.java"
"as.i","L1SoulTower.java"
"as.j","L1ThebesBattle.java"
"as.k","L1ValakasLair.java"
"at.a","L1GameTime.java"
"at.b","L1GameTimeAdapter.java"
"at.c","L1GameTimeClock.java"
"at.d","L1GameTimeListener.java"
"au.a","L1AccountInventory.java"
"au.b","L1CharInventory.java"
"au.c","L1ClanInventory.java"
"au.d","L1ElvenInventory.java"
"au.e","L1GroundInventory.java"
"au.f","L1Inventory.java"
"au.g","L1PcInventory.java"
"av.a","L1ItemDelay.java"
"aw.a","Enchant.java"
"aw.b","FurnitureItem.java"
"aw.c","MagicDoll.java"
"aw.d","Potion.java"
"ax.a","CachedMapReader.java"
"ax.b","L1Map.java"
"ax.c","L1MapArea.java"
"ax.d","L1WorldMap.java"
"ax.e","MapReader.java"
"ax.f","TextMapReader.java"
"ay.a","L1PcAtkMonitor.java"
"ay.b","L1PcAutoUpdate.java"
"ay.c","L1PcEinMonitor.java"
"ay.d","L1PcExpMonitor.java"
"ay.e","L1PcInvisDelay.java"
"ay.f","L1PcMonitor.java"
"az.a","L1DamagePoison.java"
"az.b","L1ParalysisPoison.java"
"az.c","L1Poison.java"
"az.d","L1SilencePoison.java"
"ba.a","AnnounceTimer.java"
"ba.b","ClearGroundTimer.java"
"ba.c","ClientAliveTimer.java"
"ba.d","CurrentTimeReseter.java"
"ba.e","ElementalStoneTimer.java"
"ba.f","FieldLightTimer.java"
"ba.g","HellTimer.java"
"ba.h","HomeTownTimer.java"
"ba.i","HouseTimer.java"
"ba.j","InventoryTimer.java"
"bb.a","CubeEffectTimer.java"
"bb.b","NpcChatTimer.java"
"bc.a","FishingTimer.java"
"bc.b","HpRegenerationTimer.java"
"bc.c","MpRegenerationTimer.java"
"bc.d","ShiftLoginTimer.java"
"bc.e","WeaponChaserTimer.java"
"bd.a","L1Trap.java"
"bd.b","L1DamageTrap.java"
"bd.c","L1HealingTrap.java"
"bd.d","L1MonsterTrap.java"
"bd.e","L1Trap.java"
"bd.f","L1PoisonTrap.java"
"bd.g","L1SkillTrap.java"
"bd.h","L1TeleportTrap.java"
"bd.i","L1Trap.java"
"bd.j","TrapStorage.java"
"be.a","S_Ability.java"
"be.b","S_ActiveSpells.java"
"be.c","S_AddItem.java"
"be.d","S_AddSkill.java"
"be.e","S_ApplyAuction.java"
"be.f","S_ArcharArrange.java"
"be.g","S_AttackPacket.java"
"be.h","S_Attribute.java"
"be.i","S_AuctionBoard.java"
"be.j","S_AuctionBoardRead.java"
"be.k","S_Blink.java"
"be.l","S_Board.java"
"be.m","S_BoardRead.java"
"be.n","S_Bookmarks.java"
"be.o","S_CastleMaster.java"
"be.p","S_ChangeHeading.java"
"be.q","S_ChangeLevel.java"
"be.r","S_ChangeName.java"
"be.s","S_ChangeShape.java"
"be.t","S_CharAmount.java"
"be.u","S_CharCreateStatus.java"
"be.v","S_CharEvent.java"
"be.w","S_CharList.java"
"be.x","S_CharReset.java"
"be.y","S_CharTitle.java"
"be.z","S_CharVisualUpdate.java"
"be.aa","S_CharacterConfig.java"
"be.ab","S_ChatPacket.java"
"be.ac","S_ClanName.java"
"be.ad","S_CurseBlind.java"
"be.ae","S_DelSkill.java"
"be.af","S_DeleteCharOK.java"
"be.ag","S_DeleteInventoryItem.java"
"be.ah","S_Deposit.java"
"be.ai","S_Dexup.java"
"be.aj","S_Disconnect.java"
"be.ak","S_DoActionGFX.java"
"be.al","S_DoActionShop.java"
"be.am","S_DollPack.java"
"be.an","S_DoorPack.java"
"be.ao","S_Drawal.java"
"be.ap","S_DropItemPack.java"
"be.aq","S_EffectLocation.java"
"be.ar","S_Emblem.java"
"be.as","S_EquipmentSlot.java"
"be.at","S_Extended.java"
"be.au","S_Fight.java"
"be.av","S_Fishing.java"
"be.aw","S_FixWeaponList.java"
"be.ax","S_FollowerPack.java"
"be.ay","S_GameTime.java"
"be.az","S_HPMeter.java"
"be.ba","S_HPUpdate.java"
"be.bb","S_HouseMap.java"
"be.bc","S_HowManyKey.java"
"be.bd","S_HowManyMake.java"
"be.be","S_Html.java"
"be.bf","S_IdentifyDesc.java"
"be.bg","S_InitAbility.java"
"be.bh","S_InvList.java"
"be.bi","S_Invis.java"
"be.bj","S_ItemAttribute.java"
"be.bk","S_ItemColor.java"
"be.bl","S_ItemDesc.java"
"be.bm","S_ItemName.java"
"be.bn","S_Karma.java"
"be.bo","S_KeeperPack.java"
"be.bp","S_Key.java"
"be.bq","S_Lawful.java"
"be.br","S_Light.java"
"be.bs","S_Liquor.java"
"be.bt","S_LoginGame.java"
"be.bu","S_LoginResult.java"
"be.bv","S_MPUpdate.java"
"be.bw","S_Mail.java"
"be.bx","S_MapID.java"
"be.by","S_MercenaryArrange.java"
"be.bz","S_MercenaryEmpoly.java"
"be.ca","S_Message_YN.java"
"be.cb","S_MoveCharPacket.java"
"be.cc","S_NPCPack.java"
"be.cd","S_NewCharPacket.java"
"be.ce","S_News.java"
"be.cf","S_NpcChangeShape.java"
"be.cg","S_NpcChatPacket.java"
"be.ch","S_OtherCharPacks.java"
"be.ci","S_OwnCharAttrDef.java"
"be.cj","S_OwnCharPack.java"
"be.ck","S_OwnCharStatus.java"
"be.cl","S_OwnCharStatus2.java"
"be.cm","S_PacketBox.java"
"be.cn","S_Paralysis.java"
"be.co","S_Party.java"
"be.cp","S_PetCtrlMenu.java"
"be.cq","S_PetEquipment.java"
"be.cr","S_PetInventory.java"
"be.cs","S_PetList.java"
"be.ct","S_PetMenuPacket.java"
"be.cu","S_PetPack.java"
"be.cv","S_PinkName.java"
"be.cw","S_Pledge.java"
"be.cx","S_PledgeWarehouseHistory.java"
"be.cy","S_PledgeWatch.java"
"be.cz","S_Poison.java"
"be.da","S_Portal.java"
"be.db","S_PrivateShop.java"
"be.dc","S_ProtoBuffers.java"
"be.dd","S_Race.java"
"be.de","S_RangeSkill.java"
"be.df","S_Rank.java"
"be.dg","S_RedMessage.java"
"be.dh","S_RemoveObject.java"
"be.di","S_Resurrection.java"
"be.dj","S_RetrieveList.java"
"be.dk","S_RetrieveListChar.java"
"be.dl","S_RetrieveListClan.java"
"be.dm","S_RetrieveListElven.java"
"be.dn","S_RuneSlot.java"
"be.do","S_SPMR.java"
"be.dp","S_SelectTarget.java"
"be.dq","S_SellHouse.java"
"be.dr","S_SendLocation.java"
"be.ds","S_ServerMessage.java"
"be.dt","S_ServerVersion.java"
"be.du","S_ShopBuyList.java"
"be.dv","S_ShopSellList.java"
"be.dw","S_SignboardPack.java"
"be.dx","S_SkillBrave.java"
"be.dy","S_SkillBuy.java"
"be.dz","S_SkillBuyItem.java"
"be.ea","S_SkillHaste.java"
"be.eb","S_SkillIconAura.java"
"be.ec","S_SkillIconBlessOfEva.java"
"be.ed","S_SkillIconShield.java"
"be.ee","S_SkillSound.java"
"be.ef","S_Sound.java"
"be.eg","S_Strup.java"
"be.eh","S_SummonPack.java"
"be.ei","S_SystemMessage.java"
"be.ej","S_TaxRate.java"
"be.ek","S_Teleport.java"
"be.el","S_Trade.java"
"be.em","S_TradeAddItem.java"
"be.en","S_TradeStatus.java"
"be.eo","S_TrapPack.java"
"be.ep","S_TrueTarget.java"
"be.eq","S_War.java"
"be.er","S_WarTime.java"
"be.es","S_Weather.java"
"be.et","S_WhoCharinfo.java"
"be.eu","ServerBasePacket.java"
"bf.a","L1SkillExecutor.java"
"bf.b","S_000.java"
"bf.c","S_001.java"
"bf.d","S_002.java"
"bf.e","S_003.java"
"bf.f","S_004.java"
"bf.g","S_005.java"
"bf.h","S_006.java"
"bf.i","S_007.java"
"bf.j","S_008.java"
"bf.k","S_009.java"
"bf.l","S_010.java"
"bf.m","S_011.java"
"bf.n","S_012.java"
"bf.o","S_013.java"
"bf.p","S_014.java"
"bf.q","S_015.java"
"bf.r","S_016.java"
"bf.s","S_017.java"
"bf.t","S_018.java"
"bf.u","S_019.java"
"bf.v","S_020.java"
"bf.w","S_021.java"
"bf.x","S_022.java"
"bf.y","S_023.java"
"bf.z","S_025.java"
"bf.aa","S_026.java"
"bf.ab","S_027.java"
"bf.ac","S_028.java"
"bf.ad","S_029.java"
"bf.ae","S_030.java"
"bf.af","S_031.java"
"bf.ag","S_032.java"
"bf.ah","S_033.java"
"bf.ai","S_034.java"
"bf.aj","S_035.java"
"bf.ak","S_036.java"
"bf.al","S_037.java"
"bf.am","S_038.java"
"bf.an","S_039.java"
"bf.ao","S_040.java"
"bf.ap","S_041.java"
"bf.aq","S_042.java"
"bf.ar","S_043.java"
"bf.as","S_044.java"
"bf.at","S_045.java"
"bf.au","S_046.java"
"bf.av","S_047.java"
"bf.aw","S_048.java"
"bf.ax","S_049.java"
"bf.ay","S_050.java"
"bf.az","S_051.java"
"bf.ba","S_052.java"
"bf.bb","S_053.java"
"bf.bc","S_054.java"
"bf.bd","S_055.java"
"bf.be","S_056.java"
"bf.bf","S_057.java"
"bf.bg","S_058.java"
"bf.bh","S_059.java"
"bf.bi","S_060.java"
"bf.bj","S_061.java"
"bf.bk","S_062.java"
"bf.bl","S_063.java"
"bf.bm","S_064.java"
"bf.bn","S_065.java"
"bf.bo","S_066.java"
"bf.bp","S_067.java"
"bf.bq","S_068.java"
"bf.br","S_069.java"
"bf.bs","S_070.java"
"bf.bt","S_071.java"
"bf.bu","S_072.java"
"bf.bv","S_073.java"
"bf.bw","S_074.java"
"bf.bx","S_075.java"
"bf.by","S_076.java"
"bf.bz","S_077.java"
"bf.ca","S_078.java"
"bf.cb","S_079.java"
"bf.cc","S_080.java"
"bf.cd","S_087.java"
"bf.ce","S_088.java"
"bf.cf","S_089.java"
"bf.cg","S_090.java"
"bf.ch","S_091.java"
"bf.ci","S_092.java"
"bf.cj","S_097.java"
"bf.ck","S_098.java"
"bf.cl","S_099.java"
"bf.cm","S_100.java"
"bf.cn","S_101.java"
"bf.co","S_102.java"
"bf.cp","S_103.java"
"bf.cq","S_104.java"
"bf.cr","S_105.java"
"bf.cs","S_106.java"
"bf.ct","S_107.java"
"bf.cu","S_108.java"
"bf.cv","S_109.java"
"bf.cw","S_110.java"
"bf.cx","S_111.java"
"bf.cy","S_112.java"
"bf.cz","S_113.java"
"bf.da","S_114.java"
"bf.db","S_115.java"
"bf.dc","S_116.java"
"bf.dd","S_117.java"
"bf.de","S_118.java"
"bf.df","S_119.java"
"bf.dg","S_120.java"
"bf.dh","S_121.java"
"bf.di","S_122.java"
"bf.dj","S_129.java"
"bf.dk","S_130.java"
"bf.dl","S_131.java"
"bf.dm","S_132.java"
"bf.dn","S_133.java"
"bf.do","S_134.java"
"bf.dp","S_135.java"
"bf.dq","S_137.java"
"bf.dr","S_138.java"
"bf.ds","S_145.java"
"bf.dt","S_146.java"
"bf.du","S_147.java"
"bf.dv","S_148.java"
"bf.dw","S_149.java"
"bf.dx","S_150.java"
"bf.dy","S_151.java"
"bf.dz","S_152.java"
"bf.ea","S_153.java"
"bf.eb","S_154.java"
"bf.ec","S_155.java"
"bf.ed","S_156.java"
"bf.ee","S_157.java"
"bf.ef","S_158.java"
"bf.eg","S_159.java"
"bf.eh","S_160.java"
"bf.ei","S_161.java"
"bf.ej","S_162.java"
"bf.ek","S_163.java"
"bf.el","S_164.java"
"bf.em","S_165.java"
"bf.en","S_166.java"
"bf.eo","S_167.java"
"bf.ep","S_168.java"
"bf.eq","S_169.java"
"bf.er","S_170.java"
"bf.es","S_171.java"
"bf.et","S_172.java"
"bf.eu","S_173.java"
"bf.ev","S_174.java"
"bf.ew","S_175.java"
"bf.ex","S_176.java"
"bf.ey","S_181.java"
"bf.ez","S_182.java"
"bf.fa","S_183.java"
"bf.fb","S_184.java"
"bf.fc","S_185.java"
"bf.fd","S_186.java"
"bf.fe","S_187.java"
"bf.ff","S_188.java"
"bf.fg","S_189.java"
"bf.fh","S_190.java"
"bf.fi","S_191.java"
"bf.fj","S_192.java"
"bf.fk","S_193.java"
"bf.fl","S_194.java"
"bf.fm","S_195.java"
"bf.fn","S_196.java"
"bf.fo","S_201.java"
"bf.fp","S_202.java"
"bf.fq","S_203.java"
"bf.fr","S_204.java"
"bf.fs","S_205.java"
"bf.ft","S_206.java"
"bf.fu","S_207.java"
"bf.fv","S_208.java"
"bf.fw","S_209.java"
"bf.fx","S_210.java"
"bf.fy","S_211.java"
"bf.fz","S_212.java"
"bf.ga","S_213.java"
"bf.gb","S_214.java"
"bf.gc","S_215.java"
"bf.gd","S_216.java"
"bf.ge","S_217.java"
"bf.gf","S_218.java"
"bf.gg","S_219.java"
"bf.gh","S_220.java"
"bf.gi","S_222.java"
"bf.gj","S_225.java"
"bf.gk","S_226.java"
"bf.gl","S_228.java"
"bf.gm","S_229.java"
"bf.gn","S_230.java"
"bf.go","S_231.java"
"bf.gp","S_233.java"
"bg.a","L1SkillDelay.java"
"bg.b","L1SkillId.java"
"bg.c","L1SkillTimer.java"
"bg.d","L1SkillTimer.java"
"bg.e","L1SkillTimerCreator.java"
"bg.f","L1SkillTimer.java"
"bh.a","L1Account.java"
"bh.b","L1BoardTopic.java"
"bh.c","L1BookMark.java"
"bh.d","L1Castle.java"
"bh.e","L1Command.java"
"bh.f","L1DoorGfx.java"
"bh.g","L1DoorSpawn.java"
"bh.h","L1Drop.java"
"bh.i","L1House.java"
"bh.j","L1Item.java"
"bh.k","L1Mail.java"
"bh.l","L1Npc.java"
"bh.m","L1NpcChat.java"
"bh.n","L1Pet.java"
"bh.o","L1PetItem.java"
"bh.p","L1PetType.java"
"bh.q","L1PrivateShopBuyList.java"
"bh.r","L1PrivateShopSellList.java"
"bh.s","L1QuestNew.java"
"bh.t","L1Shop.java"
"bh.u","L1ShopItem.java"
"bh.v","L1Skills.java"
"bh.w","L1Town.java"
"bi.a","BinaryOutputStream.java"
"bi.b","CalcExp.java"
"bi.c","CalcInitHpMp.java"
"bi.d","CalcStat.java"
"bi.e","GeneralThreadPool.java"
"bi.f","IntRange.java"
"bi.g","LineageUtil.java"
"bi.h","Point.java"
"bi.i","Random.java"
"bi.j","SQLUtil.java"
"bi.k","TimePeriod.java"
"bj.a","Cipher.java"
"bj.b","CipherClient.java"
"bj.c","CipherServer.java"
"bj.d","ClientThread.java"
"bj.e","Opcodes.java"
"b.a","Debug.java"
"com.mchange.v2.Debug","Debug.java"
"com.mchange.v2.c3p0.AbstractComboPooledDataSource","AbstractComboPooledDataSource.java"
"com.mchange.v2.c3p0.AbstractConnectionCustomizer","AbstractConnectionCustomizer.java"
"com.mchange.v2.c3p0.AbstractConnectionTester","AbstractConnectionTester.java"
"com.mchange.v2.c3p0.C3P0ProxyConnection","C3P0ProxyConnection.java"
"com.mchange.v2.c3p0.C3P0ProxyStatement","C3P0ProxyStatement.java"
"com.mchange.v2.c3p0.C3P0Registry","C3P0Registry.java"
"com.mchange.v2.c3p0.ComboPooledDataSource","ComboPooledDataSource.java"
"com.mchange.v2.c3p0.ConnectionCustomizer","ConnectionCustomizer.java"
"com.mchange.v2.c3p0.ConnectionTester","ConnectionTester.java"
"com.mchange.v2.c3p0.DataSources","DataSources.java"
"com.mchange.v2.c3p0.Debug","Debug.java"
"com.mchange.v2.c3p0.DriverManagerDataSource","DriverManagerDataSource.java"
"com.mchange.v2.c3p0.DriverManagerDataSourceFactory","DriverManagerDataSourceFactory.java"
"com.mchange.v2.c3p0.FullQueryConnectionTester","FullQueryConnectionTester.java"
"com.mchange.v2.c3p0.JndiRefConnectionPoolDataSource","JndiRefConnectionPoolDataSource.java"
"com.mchange.v2.c3p0.JndiRefForwardingDataSource","JndiRefForwardingDataSource.java"
"com.mchange.v2.c3p0.PoolBackedDataSource","PoolBackedDataSource.java"
"com.mchange.v2.c3p0.PoolBackedDataSourceFactory","PoolBackedDataSourceFactory.java"
"com.mchange.v2.c3p0.PoolConfig","PoolConfig.java"
"com.mchange.v2.c3p0.PooledDataSource","PooledDataSource.java"
"com.mchange.v2.c3p0.QueryConnectionTester","QueryConnectionTester.java"
"com.mchange.v2.c3p0.SQLWarnings","SQLWarnings.java"
"com.mchange.v2.c3p0.UnifiedConnectionTester","UnifiedConnectionTester.java"
"com.mchange.v2.c3p0.WrapperConnectionPoolDataSource","WrapperConnectionPoolDataSource.java"
"com.mchange.v2.c3p0.cfg.C3P0Config","C3P0Config.java"
"com.mchange.v2.c3p0.cfg.C3P0ConfigFinder","C3P0ConfigFinder.java"
"com.mchange.v2.c3p0.cfg.C3P0ConfigUtils","C3P0ConfigUtils.java"
"com.mchange.v2.c3p0.cfg.C3P0ConfigXmlUtils","C3P0ConfigXmlUtils.java"
"com.mchange.v2.c3p0.cfg.Debug","Debug.java"
"com.mchange.v2.c3p0.cfg.DefaultC3P0ConfigFinder","DefaultC3P0ConfigFinder.java"
"com.mchange.v2.c3p0.cfg.NamedScope","NamedScope.java"
"com.mchange.v2.c3p0.codegen.BeangenDataSourceGenerator","BeangenDataSourceGenerator.java"
"com.mchange.v2.c3p0.codegen.C3P0ImplUtilsParentLoggerGeneratorExtension","C3P0ImplUtilsParentLoggerGeneratorExtension.java"
"com.mchange.v2.c3p0.codegen.Debug","Debug.java"
"com.mchange.v2.c3p0.codegen.JdbcProxyGenerator","JdbcProxyGenerator.java"
"com.mchange.v2.c3p0.codegen.UnsupportedParentLoggerGeneratorExtension","UnsupportedParentLoggerGeneratorExtension.java"
"com.mchange.v2.c3p0.debug.AfterCloseLoggingComboPooledDataSource","AfterCloseLoggingComboPooledDataSource.java"
"com.mchange.v2.c3p0.debug.AfterCloseLoggingConnectionWrapper","AfterCloseLoggingConnectionWrapper.java"
"com.mchange.v2.c3p0.debug.CloseLoggingComboPooledDataSource","CloseLoggingComboPooledDataSource.java"
"com.mchange.v2.c3p0.debug.CloseLoggingConnectionWrapper","CloseLoggingConnectionWrapper.java"
"com.mchange.v2.c3p0.debug.ConstructionLoggingComboPooledDataSource","ConstructionLoggingComboPooledDataSource.java"
"com.mchange.v2.c3p0.debug.Debug","Debug.java"
"com.mchange.v2.c3p0.example.Debug","Debug.java"
"com.mchange.v2.c3p0.example.InitSqlConnectionCustomizer","InitSqlConnectionCustomizer.java"
"com.mchange.v2.c3p0.example.IsValidOnlyConnectionTester30","IsValidOnlyConnectionTester30.java"
"com.mchange.v2.c3p0.filter.Debug","Debug.java"
"com.mchange.v2.c3p0.filter.FilterDataSource","FilterDataSource.java"
"com.mchange.v2.c3p0.impl.AbstractC3P0PooledConnection","AbstractC3P0PooledConnection.java"
"com.mchange.v2.c3p0.impl.AbstractIdentityTokenized","AbstractIdentityTokenized.java"
"com.mchange.v2.c3p0.impl.AbstractPoolBackedDataSource","AbstractPoolBackedDataSource.java"
"com.mchange.v2.c3p0.impl.AuthMaskingProperties","AuthMaskingProperties.java"
"com.mchange.v2.c3p0.impl.C3P0Defaults","C3P0Defaults.java"
"com.mchange.v2.c3p0.impl.C3P0ImplUtils","C3P0ImplUtils.java"
"com.mchange.v2.c3p0.impl.C3P0JavaBeanObjectFactory","C3P0JavaBeanObjectFactory.java"
"com.mchange.v2.c3p0.impl.C3P0PooledConnection","C3P0PooledConnection.java"
"com.mchange.v2.c3p0.impl.C3P0PooledConnectionPool","C3P0PooledConnectionPool.java"
"com.mchange.v2.c3p0.impl.C3P0PooledConnectionPoolManager","C3P0PooledConnectionPoolManager.java"
"com.mchange.v2.c3p0.impl.DbAuth","DbAuth.java"
"com.mchange.v2.c3p0.impl.Debug","Debug.java"
"com.mchange.v2.c3p0.impl.DefaultConnectionTester","DefaultConnectionTester.java"
"com.mchange.v2.c3p0.impl.DriverManagerDataSourceBase","DriverManagerDataSourceBase.java"
"com.mchange.v2.c3p0.impl.IdentityTokenResolvable","IdentityTokenResolvable.java"
"com.mchange.v2.c3p0.impl.IdentityTokenized","IdentityTokenized.java"
"com.mchange.v2.c3p0.impl.IdentityTokenizedCoalesceChecker","IdentityTokenizedCoalesceChecker.java"
"com.mchange.v2.c3p0.impl.InternalPooledConnection","InternalPooledConnection.java"
"com.mchange.v2.c3p0.impl.JndiRefDataSourceBase","JndiRefDataSourceBase.java"
"com.mchange.v2.c3p0.impl.NewPooledConnection","NewPooledConnection.java"
"com.mchange.v2.c3p0.impl.NewProxyCallableStatement","NewProxyCallableStatement.java"
"com.mchange.v2.c3p0.impl.NewProxyConnection","NewProxyConnection.java"
"com.mchange.v2.c3p0.impl.NewProxyDatabaseMetaData","NewProxyDatabaseMetaData.java"
"com.mchange.v2.c3p0.impl.NewProxyPreparedStatement","NewProxyPreparedStatement.java"
"com.mchange.v2.c3p0.impl.NewProxyResultSet","NewProxyResultSet.java"
"com.mchange.v2.c3p0.impl.NewProxyStatement","NewProxyStatement.java"
"com.mchange.v2.c3p0.impl.NullStatementSetManagedResultSet","NullStatementSetManagedResultSet.java"
"com.mchange.v2.c3p0.impl.PoolBackedDataSourceBase","PoolBackedDataSourceBase.java"
"com.mchange.v2.c3p0.impl.ProxyResultSetDetachable","ProxyResultSetDetachable.java"
"com.mchange.v2.c3p0.impl.SetManagedDatabaseMetaData","SetManagedDatabaseMetaData.java"
"com.mchange.v2.c3p0.impl.SetManagedResultSet","SetManagedResultSet.java"
"com.mchange.v2.c3p0.impl.SnatchFromSetResultSet","SnatchFromSetResultSet.java"
"com.mchange.v2.c3p0.impl.ThreadLocalQuerylessTestRunner","DefaultConnectionTester.java"
"com.mchange.v2.c3p0.impl.WrapperConnectionPoolDataSourceBase","WrapperConnectionPoolDataSourceBase.java"
"com.mchange.v2.c3p0.jboss.C3P0PooledDataSource","C3P0PooledDataSource.java"
"com.mchange.v2.c3p0.jboss.C3P0PooledDataSourceMBean","C3P0PooledDataSourceMBean.java"
"com.mchange.v2.c3p0.jboss.Debug","Debug.java"
"com.mchange.v2.c3p0.management.ActiveManagementCoordinator","ActiveManagementCoordinator.java"
"com.mchange.v2.c3p0.management.C3P0RegistryManager","C3P0RegistryManager.java"
"com.mchange.v2.c3p0.management.C3P0RegistryManagerMBean","C3P0RegistryManagerMBean.java"
"com.mchange.v2.c3p0.management.DynamicPooledDataSourceManagerMBean","DynamicPooledDataSourceManagerMBean.java"
"com.mchange.v2.c3p0.management.ManagementCoordinator","ManagementCoordinator.java"
"com.mchange.v2.c3p0.management.NullManagementCoordinator","NullManagementCoordinator.java"
"com.mchange.v2.c3p0.management.PooledDataSourceManager","PooledDataSourceManager.java"
"com.mchange.v2.c3p0.management.PooledDataSourceManagerMBean","PooledDataSourceManagerMBean.java"
"com.mchange.v2.c3p0.mbean.C3P0PooledDataSource","C3P0PooledDataSource.java"
"com.mchange.v2.c3p0.mbean.C3P0PooledDataSourceMBean","C3P0PooledDataSourceMBean.java"
"com.mchange.v2.c3p0.mbean.Debug","Debug.java"
"com.mchange.v2.c3p0.stmt.Debug","Debug.java"
"com.mchange.v2.c3p0.stmt.DoubleMaxStatementCache","DoubleMaxStatementCache.java"
"com.mchange.v2.c3p0.stmt.GlobalMaxOnlyStatementCache","GlobalMaxOnlyStatementCache.java"
"com.mchange.v2.c3p0.stmt.GooGooStatementCache","GooGooStatementCache.java"
"com.mchange.v2.c3p0.stmt.MemoryCoalescedStatementCacheKey","MemoryCoalescedStatementCacheKey.java"
"com.mchange.v2.c3p0.stmt.PerConnectionMaxOnlyStatementCache","PerConnectionMaxOnlyStatementCache.java"
"com.mchange.v2.c3p0.stmt.SimpleStatementCacheKey","SimpleStatementCacheKey.java"
"com.mchange.v2.c3p0.stmt.StatementCache","StatementCache.java"
"com.mchange.v2.c3p0.stmt.StatementCacheBenchmark","StatementCacheBenchmark.java"
"com.mchange.v2.c3p0.stmt.StatementCacheKey","StatementCacheKey.java"
"com.mchange.v2.c3p0.stmt.ValueIdentityStatementCacheKey","ValueIdentityStatementCacheKey.java"
"com.mchange.v2.c3p0.subst.C3P0Substitutions","C3P0Substitutions.java"
"com.mchange.v2.c3p0.subst.Debug","Debug.java"
"com.mchange.v2.c3p0.test.AlwaysFailConnectionTester","AlwaysFailConnectionTester.java"
"com.mchange.v2.c3p0.test.AlwaysFailDataSource","AlwaysFailDataSource.java"
"com.mchange.v2.c3p0.test.C3P0BenchmarkApp","C3P0BenchmarkApp.java"
"com.mchange.v2.c3p0.test.ConnectionDispersionTest","ConnectionDispersionTest.java"
"com.mchange.v2.c3p0.test.Debug","Debug.java"
"com.mchange.v2.c3p0.test.FreezableDriverManagerDataSource","FreezableDriverManagerDataSource.java"
"com.mchange.v2.c3p0.test.InterruptedBatchTest","InterruptedBatchTest.java"
"com.mchange.v2.c3p0.test.JavaBeanRefTest","JavaBeanRefTest.java"
"com.mchange.v2.c3p0.test.JndiBindTest","JndiBindTest.java"
"com.mchange.v2.c3p0.test.JndiLookupTest","JndiLookupTest.java"
"com.mchange.v2.c3p0.test.ListTablesTest","ListTablesTest.java"
"com.mchange.v2.c3p0.test.LoadPoolBackedDataSource","LoadPoolBackedDataSource.java"
"com.mchange.v2.c3p0.test.OneThreadRepeatedInsertOrQueryTest","OneThreadRepeatedInsertOrQueryTest.java"
"com.mchange.v2.c3p0.test.PSLoadPoolBackedDataSource","PSLoadPoolBackedDataSource.java"
"com.mchange.v2.c3p0.test.ProxyWrappersTest","ProxyWrappersTest.java"
"com.mchange.v2.c3p0.test.RawConnectionOpTest","RawConnectionOpTest.java"
"com.mchange.v2.c3p0.test.StatsTest","StatsTest.java"
"com.mchange.v2.c3p0.test.TestConnectionCustomizer","TestConnectionCustomizer.java"
"com.mchange.v2.c3p0.test.TestRefSerStuff","TestRefSerStuff.java"
"com.mchange.v2.c3p0.util.CloseReportingConnectionWrapper","CloseReportingConnectionWrapper.java"
"com.mchange.v2.c3p0.util.ConnectionEventSupport","ConnectionEventSupport.java"
"com.mchange.v2.c3p0.util.Debug","Debug.java"
"com.mchange.v2.c3p0.util.IsValidOnlyConnectionTester","IsValidOnlyConnectionTester.java"
"com.mchange.v2.c3p0.util.StatementEventSupport","StatementEventSupport.java"
"com.mchange.v2.c3p0.util.TestUtils","TestUtils.java"
"com.mchange.v2.resourcepool.BasicResourcePool","BasicResourcePool.java"
"com.mchange.v2.resourcepool.BasicResourcePoolFactory","BasicResourcePoolFactory.java"
"com.mchange.v2.resourcepool.CannotAcquireResourceException","CannotAcquireResourceException.java"
"com.mchange.v2.resourcepool.Debug","Debug.java"
"com.mchange.v2.resourcepool.EventSupportingResourcePool","EventSupportingResourcePool.java"
"com.mchange.v2.resourcepool.NoGoodResourcesException","NoGoodResourcesException.java"
"com.mchange.v2.resourcepool.ResourcePool","ResourcePool.java"
"com.mchange.v2.resourcepool.ResourcePoolEvent","ResourcePoolEvent.java"
"com.mchange.v2.resourcepool.ResourcePoolEventSupport","ResourcePoolEventSupport.java"
"com.mchange.v2.resourcepool.ResourcePoolException","ResourcePoolException.java"
"com.mchange.v2.resourcepool.ResourcePoolFactory","ResourcePoolFactory.java"
"com.mchange.v2.resourcepool.ResourcePoolListener","ResourcePoolListener.java"
"com.mchange.v2.resourcepool.ResourcePoolUtils","ResourcePoolUtils.java"
"com.mchange.v2.resourcepool.TimeoutException","TimeoutException.java"
"bk.a","AccessLevel.java"
"bk.b","AllArgsConstructor.java"
"bk.c","Builder.java"
"bk.d","Cleanup.java"
"bk.e","ConfigurationKeys.java"
"bk.f","Data.java"
"bk.g","Delegate.java"
"bk.h","EqualsAndHashCode.java"
"bk.i","Generated.java"
"bk.j","Getter.java"
"bk.k","Lombok.java"
"bk.l","NoArgsConstructor.java"
"bk.m","NonNull.java"
"bk.n","RequiredArgsConstructor.java"
"bk.o","Setter.java"
"bk.p","Singular.java"
"bk.q","SneakyThrows.java"
"bk.r","Synchronized.java"
"bk.s","ToString.java"
"bk.t","Value.java"
"bl.a","DelombokTask.java"
"bm.a","Accessors.java"
"bm.b","Builder.java"
"bm.c","Delegate.java"
"bm.d","ExtensionMethod.java"
"bm.e","FieldDefaults.java"
"bm.f","Helper.java"
"bm.g","NonFinal.java"
"bm.h","PackagePrivate.java"
"bm.i","Tolerate.java"
"bm.j","UtilityClass.java"
"bm.k","Value.java"
"bm.l","Wither.java"
"bm.m","package-info.java"
"bn.a","CommonsLog.java"
"bo.a","Log.java"
"bp.a","Log4j.java"
"bp.b","Log4j2.java"
"bq.a","Slf4j.java"
"bq.b","XSlf4j.java"
"br.a","Agent.java"
"br.b","AnnotationProcessor.java"
"br.c","Main.java"
"br.d","PatchFixesHider.java"
"br.e","ShadowClassLoader.java"
"bk.u","package-info.java"
"bk.v","val.java"
"s.a","FabricCommunicationException.java"
"s.b","FabricConnection.java"
"s.c","FabricStateResponse.java"
"s.d","HashShardMapping.java"
"s.e","RangeShardMapping.java"
"s.f","Response.java"
"s.g","Server.java"
"s.h","ServerGroup.java"
"s.i","ServerMode.java"
"s.j","ServerRole.java"
"s.k","ShardIndex.java"
"s.l","ShardMapping.java"
"s.m","ShardMappingFactory.java"
"s.n","ShardTable.java"
"s.o","ShardingType.java"
"t.a","FabricMultiTenantConnectionProvider.java"
"com.mysql.fabric.jdbc.a","ErrorReportingExceptionInterceptor.java"
"com.mysql.fabric.jdbc.b","FabricMySQLConnection.java"
"com.mysql.fabric.jdbc.c","FabricMySQLConnectionProperties.java"
"com.mysql.fabric.jdbc.d","FabricMySQLConnectionProxy.java"
"com.mysql.fabric.jdbc.e","FabricMySQLDataSource.java"
"com.mysql.fabric.jdbc.FabricMySQLDriver","FabricMySQLDriver.java"
"com.mysql.fabric.jdbc.f","JDBC4FabricMySQLConnection.java"
"com.mysql.fabric.jdbc.g","JDBC4FabricMySQLConnectionProxy.java"
"u.a","AuthenticatedXmlRpcMethodCaller.java"
"u.b","DigestAuthentication.java"
"u.c","InternalXmlRpcMethodCaller.java"
"u.d","ResultSetParser.java"
"u.e","XmlRpcClient.java"
"u.f","XmlRpcMethodCaller.java"
"v.a","Client.java"
"w.a","Array.java"
"w.b","Data.java"
"w.c","Fault.java"
"w.d","Member.java"
"w.e","MethodCall.java"
"w.f","MethodResponse.java"
"w.g","Param.java"
"w.h","Params.java"
"w.i","ResponseParser.java"
"w.j","Struct.java"
"w.k","Value.java"
"x.a","MySQLFabricException.java"
"com.mysql.jdbc.a","AbandonedConnectionCleanupThread.java"
"com.mysql.jdbc.b","AssertionFailedException.java"
"com.mysql.jdbc.c","AuthenticationPlugin.java"
"com.mysql.jdbc.d","BalanceStrategy.java"
"com.mysql.jdbc.e","BestResponseTimeBalanceStrategy.java"
"com.mysql.jdbc.f","Blob.java"
"com.mysql.jdbc.g","BlobFromLocator.java"
"com.mysql.jdbc.h","Buffer.java"
"com.mysql.jdbc.i","BufferRow.java"
"com.mysql.jdbc.j","ByteArrayRow.java"
"com.mysql.jdbc.k","CacheAdapter.java"
"com.mysql.jdbc.l","CacheAdapterFactory.java"
"com.mysql.jdbc.m","CachedResultSetMetaData.java"
"com.mysql.jdbc.n","CallableStatement.java"
"com.mysql.jdbc.o","CharsetMapping.java"
"com.mysql.jdbc.p","Clob.java"
"com.mysql.jdbc.q","CharsetMapping.java"
"com.mysql.jdbc.r","CommunicationsException.java"
"com.mysql.jdbc.s","CompressedInputStream.java"
"com.mysql.jdbc.t","Connection.java"
"com.mysql.jdbc.u","ConnectionFeatureNotAvailableException.java"
"com.mysql.jdbc.v","ConnectionGroup.java"
"com.mysql.jdbc.w","ConnectionGroupManager.java"
"com.mysql.jdbc.x","ConnectionImpl.java"
"com.mysql.jdbc.y","ConnectionLifecycleInterceptor.java"
"com.mysql.jdbc.z","ConnectionProperties.java"
"com.mysql.jdbc.aa","ConnectionPropertiesImpl.java"
"com.mysql.jdbc.ab","ConnectionPropertiesTransform.java"
"com.mysql.jdbc.ac","Constants.java"
"com.mysql.jdbc.ad","DatabaseMetaData.java"
"com.mysql.jdbc.ae","DatabaseMetaDataUsingInfoSchema.java"
"com.mysql.jdbc.DocsConnectionPropsHelper","DocsConnectionPropsHelper.java"
"com.mysql.jdbc.Driver","Driver.java"
"com.mysql.jdbc.af","EscapeProcessor.java"
"com.mysql.jdbc.ag","EscapeProcessorResult.java"
"com.mysql.jdbc.ah","EscapeTokenizer.java"
"com.mysql.jdbc.ai","ExceptionInterceptor.java"
"com.mysql.jdbc.aj","ExportControlled.java"
"com.mysql.jdbc.ak","Extension.java"
"com.mysql.jdbc.al","FailoverConnectionProxy.java"
"com.mysql.jdbc.am","Field.java"
"com.mysql.jdbc.an","IterateBlock.java"
"com.mysql.jdbc.ao","JDBC42CallableStatement.java"
"com.mysql.jdbc.ap","JDBC42Helper.java"
"com.mysql.jdbc.aq","JDBC42PreparedStatement.java"
"com.mysql.jdbc.ar","JDBC42ResultSet.java"
"com.mysql.jdbc.as","JDBC42ServerPreparedStatement.java"
"com.mysql.jdbc.at","JDBC42UpdatableResultSet.java"
"com.mysql.jdbc.au","JDBC4CallableStatement.java"
"com.mysql.jdbc.av","JDBC4ClientInfoProvider.java"
"com.mysql.jdbc.aw","JDBC4ClientInfoProviderSP.java"
"com.mysql.jdbc.ax","JDBC4CommentClientInfoProvider.java"
"com.mysql.jdbc.ay","JDBC4Connection.java"
"com.mysql.jdbc.az","JDBC4DatabaseMetaData.java"
"com.mysql.jdbc.ba","JDBC4DatabaseMetaDataUsingInfoSchema.java"
"com.mysql.jdbc.bb","JDBC4LoadBalancedMySQLConnection.java"
"com.mysql.jdbc.bc","JDBC4MultiHostMySQLConnection.java"
"com.mysql.jdbc.bd","JDBC4MySQLConnection.java"
"com.mysql.jdbc.be","JDBC4MysqlSQLXML.java"
"com.mysql.jdbc.bf","JDBC4NClob.java"
"com.mysql.jdbc.bg","JDBC4PreparedStatement.java"
"com.mysql.jdbc.bh","JDBC4PreparedStatementHelper.java"
"com.mysql.jdbc.bi","JDBC4ReplicationMySQLConnection.java"
"com.mysql.jdbc.bj","JDBC4ResultSet.java"
"com.mysql.jdbc.bk","JDBC4ServerPreparedStatement.java"
"com.mysql.jdbc.bl","JDBC4UpdatableResultSet.java"
"com.mysql.jdbc.bm","LicenseConfiguration.java"
"com.mysql.jdbc.bn","LoadBalanceExceptionChecker.java"
"com.mysql.jdbc.bo","LoadBalancedAutoCommitInterceptor.java"
"com.mysql.jdbc.bp","LoadBalancedConnection.java"
"com.mysql.jdbc.bq","LoadBalancedConnectionProxy.java"
"com.mysql.jdbc.br","LoadBalancedMySQLConnection.java"
"com.mysql.jdbc.bs","Messages.java"
"com.mysql.jdbc.bt","MiniAdmin.java"
"com.mysql.jdbc.bu","MultiHostConnectionProxy.java"
"com.mysql.jdbc.bv","MultiHostMySQLConnection.java"
"com.mysql.jdbc.bw","MySQLConnection.java"
"com.mysql.jdbc.bx","CharsetMapping.java"
"com.mysql.jdbc.by","MysqlDataTruncation.java"
"com.mysql.jdbc.bz","MysqlDefs.java"
"com.mysql.jdbc.ca","MysqlErrorNumbers.java"
"com.mysql.jdbc.cb","MysqlIO.java"
"com.mysql.jdbc.cc","MysqlParameterMetadata.java"
"com.mysql.jdbc.cd","MysqlSavepoint.java"
"com.mysql.jdbc.ce","NamedPipeSocketFactory.java"
"com.mysql.jdbc.cf","NdbLoadBalanceExceptionChecker.java"
"com.mysql.jdbc.cg","NetworkResources.java"
"com.mysql.jdbc.ch","NoSubInterceptorWrapper.java"
"com.mysql.jdbc.NonRegisteringDriver","NonRegisteringDriver.java"
"com.mysql.jdbc.NonRegisteringReplicationDriver","NonRegisteringReplicationDriver.java"
"com.mysql.jdbc.ci","NotImplemented.java"
"com.mysql.jdbc.cj","NotUpdatable.java"
"com.mysql.jdbc.ck","OperationNotSupportedException.java"
"com.mysql.jdbc.cl","OutputStreamWatcher.java"
"com.mysql.jdbc.cm","PacketTooBigException.java"
"com.mysql.jdbc.cn","ParameterBindings.java"
"com.mysql.jdbc.co","PerConnectionLRUFactory.java"
"com.mysql.jdbc.cp","PerVmServerConfigCacheFactory.java"
"com.mysql.jdbc.cq","PingTarget.java"
"com.mysql.jdbc.cr","PreparedStatement.java"
"com.mysql.jdbc.cs","ProfilerEventHandlerFactory.java"
"com.mysql.jdbc.ct","RandomBalanceStrategy.java"
"com.mysql.jdbc.cu","ReflectiveStatementInterceptorAdapter.java"
"com.mysql.jdbc.cv","ReplicationConnection.java"
"com.mysql.jdbc.cw","ReplicationConnectionGroup.java"
"com.mysql.jdbc.cx","ReplicationConnectionGroupManager.java"
"com.mysql.jdbc.cy","ReplicationConnectionProxy.java"
"com.mysql.jdbc.ReplicationDriver","ReplicationDriver.java"
"com.mysql.jdbc.cz","ReplicationMySQLConnection.java"
"com.mysql.jdbc.da","ResultSetImpl.java"
"com.mysql.jdbc.db","ResultSetInternalMethods.java"
"com.mysql.jdbc.dc","ResultSetMetaData.java"
"com.mysql.jdbc.dd","ResultSetRow.java"
"com.mysql.jdbc.de","RowData.java"
"com.mysql.jdbc.df","RowDataCursor.java"
"com.mysql.jdbc.dg","RowDataDynamic.java"
"com.mysql.jdbc.dh","RowDataStatic.java"
"com.mysql.jdbc.di","SQLError.java"
"com.mysql.jdbc.dj","Security.java"
"com.mysql.jdbc.dk","SequentialBalanceStrategy.java"
"com.mysql.jdbc.dl","ServerPreparedStatement.java"
"com.mysql.jdbc.dm","SingleByteCharsetConverter.java"
"com.mysql.jdbc.dn","SocketFactory.java"
"com.mysql.jdbc.do","SocketMetadata.java"
"com.mysql.jdbc.dp","SocksProxySocketFactory.java"
"com.mysql.jdbc.dq","StandardLoadBalanceExceptionChecker.java"
"com.mysql.jdbc.dr","StandardSocketFactory.java"
"com.mysql.jdbc.ds","Statement.java"
"com.mysql.jdbc.dt","StatementImpl.java"
"com.mysql.jdbc.du","StatementInterceptor.java"
"com.mysql.jdbc.dv","StatementInterceptorV2.java"
"com.mysql.jdbc.dw","StreamingNotifiable.java"
"com.mysql.jdbc.dx","StringUtils.java"
"com.mysql.jdbc.dy","TimeUtil.java"
"com.mysql.jdbc.dz","UpdatableResultSet.java"
"com.mysql.jdbc.ea","Util.java"
"com.mysql.jdbc.eb","V1toV2StatementInterceptorAdapter.java"
"com.mysql.jdbc.ec","WatchableOutputStream.java"
"com.mysql.jdbc.ed","WatchableWriter.java"
"com.mysql.jdbc.ee","Wrapper.java"
"com.mysql.jdbc.ef","WriterWatcher.java"
"y.a","MysqlClearPasswordPlugin.java"
"y.b","MysqlNativePasswordPlugin.java"
"y.c","MysqlOldPasswordPlugin.java"
"y.d","Sha256PasswordPlugin.java"
"z.a","DeadlockTimeoutRollbackMarker.java"
"z.b","MySQLDataException.java"
"z.c","MySQLIntegrityConstraintViolationException.java"
"z.d","MySQLInvalidAuthorizationSpecException.java"
"z.e","MySQLNonTransientConnectionException.java"
"z.f","MySQLNonTransientException.java"
"z.g","MySQLQueryInterruptedException.java"
"z.h","MySQLStatementCancelledException.java"
"z.i","MySQLSyntaxErrorException.java"
"z.j","MySQLTimeoutException.java"
"z.k","MySQLTransactionRollbackException.java"
"z.l","MySQLTransientConnectionException.java"
"z.m","MySQLTransientException.java"
"aa.a","CommunicationsException.java"
"aa.b","MySQLDataException.java"
"aa.c","MySQLIntegrityConstraintViolationException.java"
"aa.d","MySQLInvalidAuthorizationSpecException.java"
"aa.e","MySQLNonTransientConnectionException.java"
"aa.f","MySQLNonTransientException.java"
"aa.g","MySQLQueryInterruptedException.java"
"aa.h","MySQLSyntaxErrorException.java"
"aa.i","MySQLTimeoutException.java"
"aa.j","MySQLTransactionRollbackException.java"
"aa.k","MySQLTransientConnectionException.java"
"aa.l","MySQLTransientException.java"
"ab.a","MysqlConnectionTester.java"
"ac.a","ExtendedMysqlExceptionSorter.java"
"ac.b","MysqlValidConnectionChecker.java"
"ad.a","ResultSetScannerInterceptor.java"
"ad.b","ServerStatusDiffInterceptor.java"
"ad.c","SessionAssociationInterceptor.java"
"ae.a","CallableStatementWrapper.java"
"ae.b","ConnectionWrapper.java"
"ae.c","JDBC42CallableStatementWrapper.java"
"ae.d","JDBC42PreparedStatementWrapper.java"
"ae.e","JDBC4CallableStatementWrapper.java"
"ae.f","JDBC4ConnectionWrapper.java"
"ae.g","JDBC4MysqlPooledConnection.java"
"ae.h","JDBC4MysqlXAConnection.java"
"ae.i","JDBC4PreparedStatementWrapper.java"
"ae.j","JDBC4StatementWrapper.java"
"ae.k","JDBC4SuspendableXAConnection.java"
"ae.l","MysqlConnectionPoolDataSource.java"
"ae.m","MysqlDataSource.java"
"ae.n","MysqlDataSourceFactory.java"
"ae.o","MysqlPooledConnection.java"
"ae.p","MysqlXAConnection.java"
"ae.q","MysqlXADataSource.java"
"ae.r","MysqlXAException.java"
"ae.s","MysqlXid.java"
"ae.t","PreparedStatementWrapper.java"
"ae.u","StatementWrapper.java"
"ae.v","SuspendableXAConnection.java"
"ae.w","WrapperBase.java"
"af.a","LoadBalanceConnectionGroupManager.java"
"af.b","LoadBalanceConnectionGroupManagerMBean.java"
"af.c","ReplicationGroupManager.java"
"af.d","ReplicationGroupManagerMBean.java"
"ag.a","Jdk14Logger.java"
"ag.b","Log.java"
"ag.c","LogFactory.java"
"ag.d","LogUtils.java"
"ag.e","NullLogger.java"
"ag.f","Slf4JLogger.java"
"ag.g","StandardLogger.java"
"ah.a","LoggingProfilerEventHandler.java"
"ah.b","ProfilerEvent.java"
"ah.c","ProfilerEventHandler.java"
"com.mysql.jdbc.util.a","Base64Decoder.java"
"com.mysql.jdbc.util.b","BaseBugReport.java"
"com.mysql.jdbc.util.ErrorMappingsDocGenerator","ErrorMappingsDocGenerator.java"
"com.mysql.jdbc.util.c","LRUCache.java"
"com.mysql.jdbc.util.PropertiesDocGenerator","PropertiesDocGenerator.java"
"com.mysql.jdbc.util.d","ReadAheadInputStream.java"
"com.mysql.jdbc.util.e","ResultSetUtil.java"
"com.mysql.jdbc.util.f","ServerController.java"
"com.mysql.jdbc.util.TimezoneDump","TimezoneDump.java"
"com.mysql.jdbc.util.VersionFSHierarchyMaker","VersionFSHierarchyMaker.java"
"org.gjt.mm.mysql.Driver","Driver.java"
"a.a","AbstractMessage.java"
"a.b","AbstractMessageLite.java"
"a.c","AbstractParser.java"
"a.d","BlockingRpcChannel.java"
"a.e","BlockingService.java"
"a.f","BoundedByteString.java"
"a.g","ByteString.java"
"a.h","CodedInputStream.java"
"a.i","CodedOutputStream.java"
"a.j","DescriptorProtos.java"
"a.k","Descriptors.java"
"a.l","DynamicMessage.java"
"a.m","ExtensionRegistry.java"
"a.n","ExtensionRegistryLite.java"
"a.o","FieldSet.java"
"a.p","GeneratedMessage.java"
"a.q","GeneratedMessageLite.java"
"a.r","Internal.java"
"a.s","InvalidProtocolBufferException.java"
"a.t","LazyField.java"
"a.u","LazyStringArrayList.java"
"a.v","LazyStringList.java"
"a.w","LiteralByteString.java"
"a.x","Message.java"
"a.y","MessageLite.java"
"a.z","MessageLiteOrBuilder.java"
"a.aa","MessageOrBuilder.java"
"a.ab","Parser.java"
"a.ac","ProtocolMessageEnum.java"
"a.ad","RepeatedFieldBuilder.java"
"a.ae","RopeByteString.java"
"a.af","RpcCallback.java"
"a.ag","RpcChannel.java"
"a.ah","RpcController.java"
"a.ai","RpcUtil.java"
"a.aj","Service.java"
"a.ak","ServiceException.java"
"a.al","SingleFieldBuilder.java"
"a.am","SmallSortedMap.java"
"a.an","TextFormat.java"
"a.ao","UninitializedMessageException.java"
"a.ap","UnknownFieldSet.java"
"a.aq","UnmodifiableLazyStringList.java"
"a.ar","Utf8.java"
"a.as","WireFormat.java"
"com.mchange.v2.c3p0.dbms.Debug","Debug.java"
"com.mchange.v2.c3p0.dbms.OracleUtils","OracleUtils.java"
"c.a","BadConfigurationException.java"
"c.b","FileEnumeration.java"
"c.c","FileUtils.java"
"c.d","IOByteArrayEnumeration.java"
"c.e","IOByteArrayMap.java"
"c.f","IOEnumeration.java"
"c.g","IOSequentialByteArrayMap.java"
"c.h","IOStringEnumeration.java"
"c.i","IOStringObjectMap.java"
"c.j","InputStreamUtils.java"
"c.k","OutputStreamUtils.java"
"c.l","ReadOnlyMemoryFile.java"
"c.m","ReaderUtils.java"
"c.n","SerializableUtils.java"
"c.o","StringMemoryFile.java"
"c.p","UnknownStreamClassException.java"
"c.q","UnsupportedVersionException.java"
"c.r","WriterUtils.java"
"com.mchange.io.impl.DirectoryDescendingFileFinderImpl","DirectoryDescendingFileFinderImpl.java"
"com.mchange.io.impl.a","EndsWithFilenameFilter.java"
"com.mchange.io.impl.b","IOStringEnumerationHelperBase.java"
"com.mchange.io.impl.c","LazyReadOnlyMemoryFileImpl.java"
"com.mchange.io.impl.d","LazyStringMemoryFileImpl.java"
"com.mchange.io.impl.e","StartsWithFilenameFilter.java"
"com.mchange.io.impl.f","SuffixFilenameFilter.java"
"d.a","ArrayUtils.java"
"d.b","ByteUtils.java"
"d.c","CharUtils.java"
"d.d","DoubleUtils.java"
"d.e","FloatUtils.java"
"d.f","IntegerUtils.java"
"d.g","LongUtils.java"
"d.h","ObjectUtils.java"
"d.i","PotentiallySecondary.java"
"d.j","PotentiallySecondaryError.java"
"d.k","PotentiallySecondaryException.java"
"d.l","PotentiallySecondaryRuntimeException.java"
"d.m","PotentiallySecondaryUtils.java"
"d.n","ShortUtils.java"
"d.o","StringUtils.java"
"d.p","ThrowableUtils.java"
"com.mchange.net.a","MailSender.java"
"com.mchange.net.b","MimeUtils.java"
"com.mchange.net.c","ProtocolException.java"
"com.mchange.net.d","SmtpException.java"
"com.mchange.net.SmtpMailSender","SmtpMailSender.java"
"com.mchange.net.SmtpUtils","SmtpUtils.java"
"com.mchange.net.e","SocketUtils.java"
"e.a","CallingCard.java"
"e.b","Cardable.java"
"e.c","Checkable.java"
"e.d","NotAuthorizedException.java"
"e.e","RMIRegistryCallingCard.java"
"e.f","RegistryManager.java"
"e.g","ServiceUnavailableException.java"
"f.a","AlreadyExistsException.java"
"f.b","AssertException.java"
"f.c","Base64Encoder.java"
"f.d","Base64FormatException.java"
"f.e","ByteArrayBinding.java"
"f.f","ByteArrayComparator.java"
"f.g","ByteArrayEnumeration.java"
"f.h","ByteArrayMap.java"
"f.i","CommandLineParser.java"
"f.j","DuplicateElementException.java"
"f.k","FailSuppressedMessageLogger.java"
"f.l","IntChecklist.java"
"f.m","IntEnumeration.java"
"f.n","IntObjectMap.java"
"f.o","IteratorUtils.java"
"f.p","LongObjectMap.java"
"f.q","MEnumeration.java"
"f.r","MessageLogger.java"
"f.s","ObjectCache.java"
"f.t","OrderedCollection.java"
"f.u","PartialFailureException.java"
"f.v","PasswordManager.java"
"f.w","Queue.java"
"f.x","RemotePasswordManager.java"
"f.y","RobustMessageLogger.java"
"f.z","StringEnumeration.java"
"f.aa","StringObjectMap.java"
"com.mchange.util.impl.CircularList","CircularList.java"
"com.mchange.util.impl.a","CircularList.java"
"com.mchange.util.impl.b","CircularListQueue.java"
"com.mchange.util.impl.c","CircularList.java"
"com.mchange.util.impl.d","CommandLineParserImpl.java"
"com.mchange.util.impl.e","EmptyMEnumeration.java"
"com.mchange.util.impl.f","FSMessageLoggerAdapter.java"
"com.mchange.util.impl.g","HashIntChecklist.java"
"com.mchange.util.impl.h","HexAsciiMD5PropertiesPasswordManager.java"
"com.mchange.util.impl.i","IntObjectHash.java"
"com.mchange.util.impl.j","IntObjectHash.java"
"com.mchange.util.impl.k","IntEnumerationHelperBase.java"
"com.mchange.util.impl.l","IntObjectHash.java"
"com.mchange.util.impl.m","LinkedListIntChecklistImpl.java"
"com.mchange.util.impl.n","LongObjectHash.java"
"com.mchange.util.impl.o","LongObjectHash.java"
"com.mchange.util.impl.p","LinkedListIntChecklistImpl.java"
"com.mchange.util.impl.q","LongObjectHash.java"
"com.mchange.util.impl.r","NoGCObjectCache.java"
"com.mchange.util.impl.s","PlaintextPropertiesPasswordManager.java"
"com.mchange.util.impl.t","QuotesAndSpacesTokenizer.java"
"com.mchange.util.impl.QuotesAndWhitespaceTokenizer","QuotesAndWhitespaceTokenizer.java"
"com.mchange.util.impl.u","SimpleLogFile.java"
"com.mchange.util.impl.v","SoftReferenceObjectCache.java"
"com.mchange.util.impl.w","StringEnumerationHelperBase.java"
"com.mchange.util.impl.x","SyncedProperties.java"
"g.a","Autoflushing.java"
"g.b","CacheFlushException.java"
"g.c","CachedStore.java"
"g.d","CachedStoreError.java"
"g.e","CachedStoreException.java"
"g.f","CachedStoreFactory.java"
"g.g","CachedStoreUtils.java"
"g.h","KeyTransformingCachedStore.java"
"g.i","KeyValueTransformingCachedStore.java"
"g.j","ManualCleanupSoftKeyCachedStore.java"
"g.k","ManualCleanupSoftSet.java"
"g.l","NoCacheCachedStore.java"
"g.m","NoCacheWritableCachedStore.java"
"g.n","NoCleanupCachedStore.java"
"g.o","SimpleWritableCachedStore.java"
"g.p","SoftKey.java"
"g.q","SoftReferenceCachedStore.java"
"g.r","SoftSetFactory.java"
"g.s","TweakableCachedStore.java"
"g.t","Vacuumable.java"
"g.u","ValueTransformingCachedStore.java"
"g.v","WritableCachedStore.java"
"com.mchange.v1.db.sql.a","CBPCursor.java"
"com.mchange.v1.db.sql.b","CBPUtils.java"
"com.mchange.v1.db.sql.c","ConnectionBundle.java"
"com.mchange.v1.db.sql.d","ConnectionBundleImpl.java"
"com.mchange.v1.db.sql.e","ConnectionBundlePool.java"
"com.mchange.v1.db.sql.f","ConnectionBundlePoolBean.java"
"com.mchange.v1.db.sql.g","ConnectionBundlePoolImpl.java"
"com.mchange.v1.db.sql.h","ConnectionEventSupport.java"
"com.mchange.v1.db.sql.i","ConnectionUtils.java"
"com.mchange.v1.db.sql.j","DbAuth.java"
"com.mchange.v1.db.sql.k","Debug.java"
"com.mchange.v1.db.sql.l","DriverManagerDataSource.java"
"com.mchange.v1.db.sql.m","PSManager.java"
"com.mchange.v1.db.sql.n","ResultSetUtils.java"
"com.mchange.v1.db.sql.o","Schema.java"
"com.mchange.v1.db.sql.SchemaManager","SchemaManager.java"
"com.mchange.v1.db.sql.p","SimpleCursor.java"
"com.mchange.v1.db.sql.q","SqlUtils.java"
"com.mchange.v1.db.sql.r","StatementUtils.java"
"com.mchange.v1.db.sql.s","TypesUtils.java"
"com.mchange.v1.db.sql.t","UnsupportedTypeException.java"
"com.mchange.v1.db.sql.u","WeakHashPSManager.java"
"com.mchange.v1.db.sql.XmlSchema","XmlSchema.java"
"h.a","ColumnRep.java"
"h.b","ColumnRepImpl.java"
"h.c","ForeignKeyRep.java"
"h.d","ForeignKeyRepImpl.java"
"h.e","SimpleSchemaRep.java"
"h.f","TableRep.java"
"h.g","TableRepImpl.java"
"h.h","TypeRep.java"
"h.i","TypeRepIdenticator.java"
"h.j","TypeRepImpl.java"
"h.k","UniquenessConstraintRep.java"
"h.l","UniquenessConstraintRepImpl.java"
"i.a","XmlPropsSchemaHelper.java"
"j.a","IdHashKey.java"
"j.b","IdHashMap.java"
"j.c","IdHashSet.java"
"j.d","IdList.java"
"j.e","IdMap.java"
"j.f","IdWeakHashMap.java"
"j.g","Identicator.java"
"j.h","IdentityHashCodeIdenticator.java"
"j.i","StrongIdHashKey.java"
"j.j","StrongIdentityIdenticator.java"
"j.k","WeakIdHashKey.java"
"com.mchange.v1.identicator.test.TestIdHashSet","TestIdHashSet.java"
"com.mchange.v1.identicator.test.TestIdWeakHashMap","TestIdWeakHashMap.java"
"k.a","InputStreamUtils.java"
"k.b","OutputStreamUtils.java"
"k.c","ReaderUtils.java"
"k.d","WriterUtils.java"
"com.mchange.v1.jvm.InternalNameUtils","InternalNameUtils.java"
"com.mchange.v1.jvm.a","TypeFormatException.java"
"l.a","AmbiguousClassNameException.java"
"l.b","BooleanUtils.java"
"l.c","ClassUtils.java"
"l.d","GentleThread.java"
"l.e","NullUtils.java"
"l.f","Synchronizer.java"
"l.g","TVLUtils.java"
"m.a","SynchronizedBooleanHolder.java"
"m.b","SynchronizedByteHolder.java"
"m.c","SynchronizedCharHolder.java"
"m.d","SynchronizedDoubleHolder.java"
"m.e","SynchronizedFloatHolder.java"
"m.f","SynchronizedIntHolder.java"
"m.g","SynchronizedLongHolder.java"
"m.h","SynchronizedShortHolder.java"
"m.i","ThreadSafeBooleanHolder.java"
"m.j","ThreadSafeByteHolder.java"
"m.k","ThreadSafeCharHolder.java"
"m.l","ThreadSafeDoubleHolder.java"
"m.m","ThreadSafeFloatHolder.java"
"m.n","ThreadSafeIntHolder.java"
"m.o","ThreadSafeLongHolder.java"
"m.p","ThreadSafeShortHolder.java"
"m.q","VolatileBooleanHolder.java"
"m.r","VolatileByteHolder.java"
"m.s","VolatileCharHolder.java"
"m.t","VolatileFloatHolder.java"
"m.u","VolatileIntHolder.java"
"m.v","VolatileShortHolder.java"
"n.a","AbstractMapEntry.java"
"n.b","AbstractResourcePool.java"
"n.c","ArrayUtils.java"
"n.d","BrokenObjectException.java"
"n.e","CleanupUtils.java"
"n.f","ClosableResource.java"
"n.g","ClosableResourceUtils.java"
"n.h","CollectionUtils.java"
"n.i","Debug.java"
"n.j","DebugUtils.java"
"n.k","IteratorUtils.java"
"n.l","JoinedIterator.java"
"n.m","ListUtils.java"
"n.n","MapUtils.java"
"n.o","NumberedObjectCache.java"
"n.p","RunnableQueue.java"
"n.q","SetUtils.java"
"n.r","SimpleMapEntry.java"
"n.s","SimpleRunnableQueue.java"
"n.t","SomethingChangedEvent.java"
"n.u","SomethingChangedEventSupport.java"
"n.v","SomethingChangedListener.java"
"n.w","StringTokenizerUtils.java"
"n.x","Sublist.java"
"n.y","UIterator.java"
"n.z","UIteratorUtils.java"
"n.aa","UnexpectedException.java"
"n.ab","UnreliableIterator.java"
"n.ac","UnreliableIteratorException.java"
"n.ad","UnreliableIteratorUtils.java"
"n.ae","WrapperIterator.java"
"n.af","WrapperUIterator.java"
"o.a","DomParseUtils.java"
"o.b","ResourceEntityResolver.java"
"o.c","StdErrErrorHandler.java"
"com.mchange.v1.xmlprops.DomXmlPropsParser","DomXmlPropsParser.java"
"com.mchange.v1.xmlprops.SaxXmlPropsParser","SaxXmlPropsParser.java"
"com.mchange.v1.xmlprops.a","XmlPropsException.java"
"com.mchange.v2.async.AsynchronousRunner","AsynchronousRunner.java"
"com.mchange.v2.async.CarefulRunnableQueue","CarefulRunnableQueue.java"
"com.mchange.v2.async.Debug","Debug.java"
"com.mchange.v2.async.Queuable","Queuable.java"
"com.mchange.v2.async.RoundRobinAsynchronousRunner","RoundRobinAsynchronousRunner.java"
"com.mchange.v2.async.RunnableQueue","RunnableQueue.java"
"com.mchange.v2.async.SimpleRunnableQueue","SimpleRunnableQueue.java"
"com.mchange.v2.async.StrandedTaskReporting","StrandedTaskReporting.java"
"com.mchange.v2.async.ThreadPerTaskAsynchronousRunner","ThreadPerTaskAsynchronousRunner.java"
"com.mchange.v2.async.ThreadPoolAsynchronousRunner","ThreadPoolAsynchronousRunner.java"
"com.mchange.v2.async.test.InterruptTaskThread","InterruptTaskThread.java"
"com.mchange.v2.beans.BeansUtils","BeansUtils.java"
"com.mchange.v2.beans.Debug","Debug.java"
"com.mchange.v2.beans.StateBean","StateBean.java"
"com.mchange.v2.beans.StateBeanExporter","StateBeanExporter.java"
"com.mchange.v2.beans.StateBeanImporter","StateBeanImporter.java"
"com.mchange.v2.beans.swing.BoundButtonUtils","BoundButtonUtils.java"
"com.mchange.v2.beans.swing.HostBindingInterface","HostBindingInterface.java"
"com.mchange.v2.beans.swing.PropertyBoundButtonGroup","PropertyBoundButtonGroup.java"
"com.mchange.v2.beans.swing.PropertyBoundComboBox","PropertyBoundComboBox.java"
"com.mchange.v2.beans.swing.PropertyBoundTextField","PropertyBoundTextField.java"
"com.mchange.v2.beans.swing.PropertyComponentBindingUtility","PropertyComponentBindingUtility.java"
"com.mchange.v2.beans.swing.SetPropertyElementBoundButtonModel","SetPropertyElementBoundButtonModel.java"
"com.mchange.v2.beans.swing.TestBean","TestBean.java"
"com.mchange.v2.cfg.BasicMultiPropertiesConfig","BasicMultiPropertiesConfig.java"
"com.mchange.v2.cfg.BasicPropertiesConfigSource","BasicPropertiesConfigSource.java"
"com.mchange.v2.cfg.CombinedMultiPropertiesConfig","CombinedMultiPropertiesConfig.java"
"com.mchange.v2.cfg.ConfigUtils","ConfigUtils.java"
"com.mchange.v2.cfg.Debug","Debug.java"
"com.mchange.v2.cfg.DelayedLogItem","DelayedLogItem.java"
"com.mchange.v2.cfg.MConfig","MConfig.java"
"com.mchange.v2.cfg.MLogConfigSource","MLogConfigSource.java"
"com.mchange.v2.cfg.MultiPropertiesConfig","MultiPropertiesConfig.java"
"com.mchange.v2.cfg.PropertiesConfig","PropertiesConfig.java"
"com.mchange.v2.cfg.PropertiesConfigSource","PropertiesConfigSource.java"
"com.mchange.v2.cmdline.BadCommandLineException","BadCommandLineException.java"
"com.mchange.v2.cmdline.CommandLineUtils","CommandLineUtils.java"
"com.mchange.v2.cmdline.MissingSwitchException","MissingSwitchException.java"
"com.mchange.v2.cmdline.ParsedCommandLine","ParsedCommandLine.java"
"com.mchange.v2.cmdline.ParsedCommandLineImpl","ParsedCommandLineImpl.java"
"com.mchange.v2.cmdline.UnexpectedSwitchArgumentException","UnexpectedSwitchArgumentException.java"
"com.mchange.v2.cmdline.UnexpectedSwitchException","UnexpectedSwitchException.java"
"com.mchange.v2.coalesce.AbstractStrongCoalescer","AbstractStrongCoalescer.java"
"com.mchange.v2.coalesce.AbstractWeakCoalescer","AbstractWeakCoalescer.java"
"com.mchange.v2.coalesce.CoalesceChecker","CoalesceChecker.java"
"com.mchange.v2.coalesce.CoalesceIdenticator","CoalesceIdenticator.java"
"com.mchange.v2.coalesce.CoalesceTest","CoalesceTest.java"
"com.mchange.v2.coalesce.Coalescer","Coalescer.java"
"com.mchange.v2.coalesce.CoalescerFactory","CoalescerFactory.java"
"com.mchange.v2.coalesce.CoalescerIterator","CoalescerIterator.java"
"com.mchange.v2.coalesce.StrongCcCoalescer","StrongCcCoalescer.java"
"com.mchange.v2.coalesce.StrongEqualsCoalescer","StrongEqualsCoalescer.java"
"com.mchange.v2.coalesce.SyncedCoalescer","SyncedCoalescer.java"
"com.mchange.v2.coalesce.WeakCcCoalescer","WeakCcCoalescer.java"
"com.mchange.v2.coalesce.WeakEqualsCoalescer","WeakEqualsCoalescer.java"
"com.mchange.v2.codegen.CodegenUtils","CodegenUtils.java"
"com.mchange.v2.codegen.IndentedWriter","IndentedWriter.java"
"com.mchange.v2.codegen.bean.BeanExtractingGeneratorExtension","BeanExtractingGeneratorExtension.java"
"com.mchange.v2.codegen.bean.BeangenUtils","BeangenUtils.java"
"com.mchange.v2.codegen.bean.ClassInfo","ClassInfo.java"
"com.mchange.v2.codegen.bean.CloneableExtension","CloneableExtension.java"
"com.mchange.v2.codegen.bean.CompleteConstructorGeneratorExtension","CompleteConstructorGeneratorExtension.java"
"com.mchange.v2.codegen.bean.CopyConstructorGeneratorExtension","CopyConstructorGeneratorExtension.java"
"com.mchange.v2.codegen.bean.ExplicitDefaultConstructorGeneratorExtension","ExplicitDefaultConstructorGeneratorExtension.java"
"com.mchange.v2.codegen.bean.ExplicitPropsConstructorGeneratorExtension","ExplicitPropsConstructorGeneratorExtension.java"
"com.mchange.v2.codegen.bean.GeneratorExtension","GeneratorExtension.java"
"com.mchange.v2.codegen.bean.IndirectingSerializableExtension","IndirectingSerializableExtension.java"
"com.mchange.v2.codegen.bean.InnerBeanPropertyBeanGenerator","InnerBeanPropertyBeanGenerator.java"
"com.mchange.v2.codegen.bean.ParsedPropertyBeanDocument","ParsedPropertyBeanDocument.java"
"com.mchange.v2.codegen.bean.Property","Property.java"
"com.mchange.v2.codegen.bean.PropertyBeanGenerator","PropertyBeanGenerator.java"
"com.mchange.v2.codegen.bean.PropertyComparator","PropertyComparator.java"
"com.mchange.v2.codegen.bean.PropertyMapConstructorGeneratorExtension","PropertyMapConstructorGeneratorExtension.java"
"com.mchange.v2.codegen.bean.PropertyReferenceableExtension","PropertyReferenceableExtension.java"
"com.mchange.v2.codegen.bean.PropsToStringGeneratorExtension","PropsToStringGeneratorExtension.java"
"com.mchange.v2.codegen.bean.ResolvedClassInfo","ResolvedClassInfo.java"
"com.mchange.v2.codegen.bean.ResolvedProperty","ResolvedProperty.java"
"com.mchange.v2.codegen.bean.SerializableExtension","SerializableExtension.java"
"com.mchange.v2.codegen.bean.SimpleClassInfo","SimpleClassInfo.java"
"com.mchange.v2.codegen.bean.SimpleProperty","SimpleProperty.java"
"com.mchange.v2.codegen.bean.SimplePropertyBeanGenerator","SimplePropertyBeanGenerator.java"
"com.mchange.v2.codegen.bean.SimplePropertyMask","SimplePropertyMask.java"
"com.mchange.v2.codegen.bean.SimpleStateBeanImportExportGeneratorExtension","SimpleStateBeanImportExportGeneratorExtension.java"
"com.mchange.v2.codegen.bean.StateBeanImportExportGeneratorExtension","StateBeanImportExportGeneratorExtension.java"
"com.mchange.v2.codegen.bean.WrapperClassInfo","WrapperClassInfo.java"
"com.mchange.v2.codegen.bean.WrapperProperty","WrapperProperty.java"
"com.mchange.v2.codegen.intfc.DelegatorGenerator","DelegatorGenerator.java"
"com.mchange.v2.codegen.intfc.ReflectiveDelegationPolicy","ReflectiveDelegationPolicy.java"
"com.mchange.v2.collection.MapEntry","MapEntry.java"
"com.mchange.v2.collection.WrapperIterator","WrapperIterator.java"
"com.mchange.v2.csv.FastCsvUtils","FastCsvUtils.java"
"com.mchange.v2.csv.MalformedCsvException","MalformedCsvException.java"
"com.mchange.v2.debug.DebugConstants","DebugConstants.java"
"com.mchange.v2.debug.DebugGen","DebugGen.java"
"com.mchange.v2.debug.ThreadNameStackTraceRecorder","ThreadNameStackTraceRecorder.java"
"com.mchange.v2.encounter.AbstractEncounterCounter","AbstractEncounterCounter.java"
"com.mchange.v2.encounter.EncounterCounter","EncounterCounter.java"
"com.mchange.v2.encounter.EncounterUtils","EncounterUtils.java"
"com.mchange.v2.encounter.EqualityEncounterCounter","EqualityEncounterCounter.java"
"com.mchange.v2.encounter.GenericEncounterCounter","GenericEncounterCounter.java"
"com.mchange.v2.encounter.IdentityEncounterCounter","IdentityEncounterCounter.java"
"com.mchange.v2.encounter.StrongEqualityEncounterCounter","StrongEqualityEncounterCounter.java"
"com.mchange.v2.encounter.WeakEqualityEncounterCounter","WeakEqualityEncounterCounter.java"
"com.mchange.v2.encounter.WeakIdentityEncounterCounter","WeakIdentityEncounterCounter.java"
"com.mchange.v2.holders.ChangeNotifyingSynchronizedIntHolder","ChangeNotifyingSynchronizedIntHolder.java"
"com.mchange.v2.holders.SynchronizedBooleanHolder","SynchronizedBooleanHolder.java"
"com.mchange.v2.holders.SynchronizedByteHolder","SynchronizedByteHolder.java"
"com.mchange.v2.holders.SynchronizedCharHolder","SynchronizedCharHolder.java"
"com.mchange.v2.holders.SynchronizedDoubleHolder","SynchronizedDoubleHolder.java"
"com.mchange.v2.holders.SynchronizedFloatHolder","SynchronizedFloatHolder.java"
"com.mchange.v2.holders.SynchronizedIntHolder","SynchronizedIntHolder.java"
"com.mchange.v2.holders.SynchronizedLongHolder","SynchronizedLongHolder.java"
"com.mchange.v2.holders.SynchronizedShortHolder","SynchronizedShortHolder.java"
"com.mchange.v2.holders.ThreadSafeBooleanHolder","ThreadSafeBooleanHolder.java"
"com.mchange.v2.holders.ThreadSafeByteHolder","ThreadSafeByteHolder.java"
"com.mchange.v2.holders.ThreadSafeCharHolder","ThreadSafeCharHolder.java"
"com.mchange.v2.holders.ThreadSafeDoubleHolder","ThreadSafeDoubleHolder.java"
"com.mchange.v2.holders.ThreadSafeFloatHolder","ThreadSafeFloatHolder.java"
"com.mchange.v2.holders.ThreadSafeIntHolder","ThreadSafeIntHolder.java"
"com.mchange.v2.holders.ThreadSafeLongHolder","ThreadSafeLongHolder.java"
"com.mchange.v2.holders.ThreadSafeShortHolder","ThreadSafeShortHolder.java"
"com.mchange.v2.holders.VolatileBooleanHolder","VolatileBooleanHolder.java"
"com.mchange.v2.holders.VolatileByteHolder","VolatileByteHolder.java"
"com.mchange.v2.holders.VolatileCharHolder","VolatileCharHolder.java"
"com.mchange.v2.holders.VolatileFloatHolder","VolatileFloatHolder.java"
"com.mchange.v2.holders.VolatileIntHolder","VolatileIntHolder.java"
"com.mchange.v2.holders.VolatileShortHolder","VolatileShortHolder.java"
"com.mchange.v2.io.DirectoryDescentUtils","DirectoryDescentUtils.java"
"com.mchange.v2.io.FileIterator","FileIterator.java"
"com.mchange.v2.io.FileUtils","FileUtils.java"
"com.mchange.v2.io.IndentedWriter","IndentedWriter.java"
"com.mchange.v2.lang.Coerce","Coerce.java"
"com.mchange.v2.lang.ObjectUtils","ObjectUtils.java"
"com.mchange.v2.lang.StringUtils","StringUtils.java"
"com.mchange.v2.lang.ThreadGroupUtils","ThreadGroupUtils.java"
"com.mchange.v2.lang.ThreadUtils","ThreadUtils.java"
"com.mchange.v2.lang.TypeResolutionUtils","TypeResolutionUtils.java"
"com.mchange.v2.lang.VersionUtils","VersionUtils.java"
"com.mchange.v2.lang.reflect.MethodUtils","MethodUtils.java"
"com.mchange.v2.lock.ExactReentrantSharedUseExclusiveUseLock","ExactReentrantSharedUseExclusiveUseLock.java"
"com.mchange.v2.lock.SharedUseExclusiveUseLock","SharedUseExclusiveUseLock.java"
"com.mchange.v2.lock.SimpleSharedUseExclusiveUseLock","SimpleSharedUseExclusiveUseLock.java"
"com.mchange.v2.log.FallbackMLog","FallbackMLog.java"
"com.mchange.v2.log.LogUtils","LogUtils.java"
"com.mchange.v2.log.MLevel","MLevel.java"
"com.mchange.v2.log.MLog","MLog.java"
"com.mchange.v2.log.MLogClasses","MLogClasses.java"
"com.mchange.v2.log.MLogConfig","MLogConfig.java"
"com.mchange.v2.log.MLogInitializationException","MLogInitializationException.java"
"com.mchange.v2.log.MLogger","MLogger.java"
"com.mchange.v2.log.NameTransformer","NameTransformer.java"
"com.mchange.v2.log.NullMLogger","NullMLogger.java"
"com.mchange.v2.log.PackageNames","PackageNames.java"
"com.mchange.v2.log.jdk14logging.ForwardingLogger","ForwardingLogger.java"
"com.mchange.v2.log.jdk14logging.Jdk14LoggingUtils","Jdk14LoggingUtils.java"
"com.mchange.v2.log.jdk14logging.Jdk14MLog","Jdk14MLog.java"
"com.mchange.v2.log.log4j.Log4jMLog","Log4jMLog.java"
"com.mchange.v2.log.slf4j.Slf4jMLog","Slf4jMLog.java"
"com.mchange.v2.management.ManagementUtils","ManagementUtils.java"
"com.mchange.v2.management.OperationKey","OperationKey.java"
"com.mchange.v2.naming.Debug","Debug.java"
"com.mchange.v2.naming.JavaBeanObjectFactory","JavaBeanObjectFactory.java"
"com.mchange.v2.naming.JavaBeanReferenceMaker","JavaBeanReferenceMaker.java"
"com.mchange.v2.naming.ReferenceIndirector","ReferenceIndirector.java"
"com.mchange.v2.naming.ReferenceMaker","ReferenceMaker.java"
"com.mchange.v2.naming.ReferenceableUtils","ReferenceableUtils.java"
"com.mchange.v2.net.LocalHostManager","LocalHostManager.java"
"com.mchange.v2.reflect.ForwardingInvocationHandler","ForwardingInvocationHandler.java"
"com.mchange.v2.reflect.ReflectUtils","ReflectUtils.java"
"com.mchange.v2.ser.IndirectPolicy","IndirectPolicy.java"
"com.mchange.v2.ser.IndirectlySerialized","IndirectlySerialized.java"
"com.mchange.v2.ser.Indirector","Indirector.java"
"com.mchange.v2.ser.SerializableUtils","SerializableUtils.java"
"com.mchange.v2.ser.UnsupportedVersionException","UnsupportedVersionException.java"
"com.mchange.v2.sql.Debug","Debug.java"
"com.mchange.v2.sql.SqlUtils","SqlUtils.java"
"com.mchange.v2.sql.filter.FilterCallableStatement","FilterCallableStatement.java"
"com.mchange.v2.sql.filter.FilterConnection","FilterConnection.java"
"com.mchange.v2.sql.filter.FilterDataSource","FilterDataSource.java"
"com.mchange.v2.sql.filter.FilterDatabaseMetaData","FilterDatabaseMetaData.java"
"com.mchange.v2.sql.filter.FilterPreparedStatement","FilterPreparedStatement.java"
"com.mchange.v2.sql.filter.FilterResultSet","FilterResultSet.java"
"com.mchange.v2.sql.filter.FilterStatement","FilterStatement.java"
"com.mchange.v2.sql.filter.RecreatePackage","RecreatePackage.java"
"com.mchange.v2.sql.filter.SynchronizedFilterCallableStatement","SynchronizedFilterCallableStatement.java"
"com.mchange.v2.sql.filter.SynchronizedFilterConnection","SynchronizedFilterConnection.java"
"com.mchange.v2.sql.filter.SynchronizedFilterDataSource","SynchronizedFilterDataSource.java"
"com.mchange.v2.sql.filter.SynchronizedFilterDatabaseMetaData","SynchronizedFilterDatabaseMetaData.java"
"com.mchange.v2.sql.filter.SynchronizedFilterPreparedStatement","SynchronizedFilterPreparedStatement.java"
"com.mchange.v2.sql.filter.SynchronizedFilterResultSet","SynchronizedFilterResultSet.java"
"com.mchange.v2.sql.filter.SynchronizedFilterStatement","SynchronizedFilterStatement.java"
"com.mchange.v2.uid.UidUtils","UidUtils.java"
"com.mchange.v2.util.CollectionUtils","CollectionUtils.java"
"com.mchange.v2.util.ComparatorUtils","ComparatorUtils.java"
"com.mchange.v2.util.Debug","Debug.java"
"com.mchange.v2.util.DoubleWeakHashMap","DoubleWeakHashMap.java"
"com.mchange.v2.util.PatternReplacementMap","PatternReplacementMap.java"
"com.mchange.v2.util.PropertiesUtils","PropertiesUtils.java"
"com.mchange.v2.util.ResourceClosedException","ResourceClosedException.java"
"com.mchange.v2.util.WeakIdentityHashMapFactory","WeakIdentityHashMapFactory.java"
"com.mchange.v2.util.XORShiftRandomUtils","XORShiftRandomUtils.java"
"com.mchange.v2.util.XmlProperties","XmlProperties.java"
"p.a","CannotDecodeException.java"
"p.b","DecodeUtils.java"
"p.c","Decoder.java"
"p.d","DecoderFinder.java"
"q.a","FileCache.java"
"q.b","FileCacheKey.java"
"q.c","FileNotCachedException.java"
"q.d","RelativePathFileCacheKey.java"
"q.e","URLFetcher.java"
"q.f","URLFetchers.java"
"r.a","HoconMultiPropertiesConfig.java"
"r.b","HoconPropertiesConfigSource.java"
"r.c","HoconUtils.java"
